source_group,dataset,condition,edge_set,positive_pairs,unique_negative_pairs_across_repeats,repeats,metric_file
hcl_adult_tissue,ZJU_HCL_adult_tissue,AdultColon,trrust,127,515,10,results/zju_cellatlas_adult_tissue_refined_matching_by_context/adult_tissue__adultcolon/ZJU_HCL_adult_tissue_AdultColon_refined_pair_metrics.csv
hcl_adult_tissue,ZJU_HCL_adult_tissue,AdultColon,dorothea_ab,89,362,10,results/zju_cellatlas_adult_tissue_refined_matching_by_context/adult_tissue__adultcolon/ZJU_HCL_adult_tissue_AdultColon_refined_pair_metrics.csv
hcl_adult_tissue,ZJU_HCL_adult_tissue,AdultColon,trrust_dorothea_intersection,48,196,10,results/zju_cellatlas_adult_tissue_refined_matching_by_context/adult_tissue__adultcolon/ZJU_HCL_adult_tissue_AdultColon_refined_pair_metrics.csv
hcl_adult_tissue,ZJU_HCL_adult_tissue,AdultColon,trrust_dorothea_union,168,677,10,results/zju_cellatlas_adult_tissue_refined_matching_by_context/adult_tissue__adultcolon/ZJU_HCL_adult_tissue_AdultColon_refined_pair_metrics.csv
hcl_adult_tissue,ZJU_HCL_adult_tissue,AdultKidney,trrust,446,1685,10,results/zju_cellatlas_adult_tissue_refined_matching_by_context/adult_tissue__adultkidney/ZJU_HCL_adult_tissue_AdultKidney_refined_pair_metrics.csv
hcl_adult_tissue,ZJU_HCL_adult_tissue,AdultKidney,dorothea_ab,766,2900,10,results/zju_cellatlas_adult_tissue_refined_matching_by_context/adult_tissue__adultkidney/ZJU_HCL_adult_tissue_AdultKidney_refined_pair_metrics.csv
hcl_adult_tissue,ZJU_HCL_adult_tissue,AdultKidney,trrust_dorothea_intersection,213,795,10,results/zju_cellatlas_adult_tissue_refined_matching_by_context/adult_tissue__adultkidney/ZJU_HCL_adult_tissue_AdultKidney_refined_pair_metrics.csv
hcl_adult_tissue,ZJU_HCL_adult_tissue,AdultKidney,trrust_dorothea_union,997,3733,10,results/zju_cellatlas_adult_tissue_refined_matching_by_context/adult_tissue__adultkidney/ZJU_HCL_adult_tissue_AdultKidney_refined_pair_metrics.csv
hcl_adult_tissue,ZJU_HCL_adult_tissue,AdultLiver,trrust,155,605,10,results/zju_cellatlas_adult_tissue_refined_matching_by_context/adult_tissue__adultliver/ZJU_HCL_adult_tissue_AdultLiver_refined_pair_metrics.csv
hcl_adult_tissue,ZJU_HCL_adult_tissue,AdultLiver,dorothea_ab,225,828,10,results/zju_cellatlas_adult_tissue_refined_matching_by_context/adult_tissue__adultliver/ZJU_HCL_adult_tissue_AdultLiver_refined_pair_metrics.csv
hcl_adult_tissue,ZJU_HCL_adult_tissue,AdultLiver,trrust_dorothea_intersection,76,289,10,results/zju_cellatlas_adult_tissue_refined_matching_by_context/adult_tissue__adultliver/ZJU_HCL_adult_tissue_AdultLiver_refined_pair_metrics.csv
hcl_adult_tissue,ZJU_HCL_adult_tissue,AdultLiver,trrust_dorothea_union,304,1127,10,results/zju_cellatlas_adult_tissue_refined_matching_by_context/adult_tissue__adultliver/ZJU_HCL_adult_tissue_AdultLiver_refined_pair_metrics.csv
hcl_adult_tissue,ZJU_HCL_adult_tissue,AdultLung,trrust,454,1724,10,results/zju_cellatlas_adult_tissue_refined_matching_by_context/adult_tissue__adultlung/ZJU_HCL_adult_tissue_AdultLung_refined_pair_metrics.csv
hcl_adult_tissue,ZJU_HCL_adult_tissue,AdultLung,dorothea_ab,760,2822,10,results/zju_cellatlas_adult_tissue_refined_matching_by_context/adult_tissue__adultlung/ZJU_HCL_adult_tissue_AdultLung_refined_pair_metrics.csv
hcl_adult_tissue,ZJU_HCL_adult_tissue,AdultLung,trrust_dorothea_intersection,229,881,10,results/zju_cellatlas_adult_tissue_refined_matching_by_context/adult_tissue__adultlung/ZJU_HCL_adult_tissue_AdultLung_refined_pair_metrics.csv
hcl_adult_tissue,ZJU_HCL_adult_tissue,AdultLung,trrust_dorothea_union,983,3678,10,results/zju_cellatlas_adult_tissue_refined_matching_by_context/adult_tissue__adultlung/ZJU_HCL_adult_tissue_AdultLung_refined_pair_metrics.csv
hcl_adult_celltype,ZJU_HCL_adult_celltype,AT2 cell,trrust,334,1399,10,results/zju_cellatlas_adult_celltype_refined_matching_by_context/adult_celltype__at2_cell/ZJU_HCL_adult_celltype_AT2 cell_refined_pair_metrics.csv
hcl_adult_celltype,ZJU_HCL_adult_celltype,AT2 cell,dorothea_ab,541,2171,10,results/zju_cellatlas_adult_celltype_refined_matching_by_context/adult_celltype__at2_cell/ZJU_HCL_adult_celltype_AT2 cell_refined_pair_metrics.csv
hcl_adult_celltype,ZJU_HCL_adult_celltype,AT2 cell,trrust_dorothea_intersection,157,670,10,results/zju_cellatlas_adult_celltype_refined_matching_by_context/adult_celltype__at2_cell/ZJU_HCL_adult_celltype_AT2 cell_refined_pair_metrics.csv
hcl_adult_celltype,ZJU_HCL_adult_celltype,AT2 cell,trrust_dorothea_union,718,2921,10,results/zju_cellatlas_adult_celltype_refined_matching_by_context/adult_celltype__at2_cell/ZJU_HCL_adult_celltype_AT2 cell_refined_pair_metrics.csv
hcl_adult_celltype,ZJU_HCL_adult_celltype,Endothelial cell,trrust,528,1992,10,results/zju_cellatlas_adult_celltype_refined_matching_by_context/adult_celltype__endothelial_cell/ZJU_HCL_adult_celltype_Endothelial cell_refined_pair_metrics.csv
hcl_adult_celltype,ZJU_HCL_adult_celltype,Endothelial cell,dorothea_ab,787,2919,10,results/zju_cellatlas_adult_celltype_refined_matching_by_context/adult_celltype__endothelial_cell/ZJU_HCL_adult_celltype_Endothelial cell_refined_pair_metrics.csv
hcl_adult_celltype,ZJU_HCL_adult_celltype,Endothelial cell,trrust_dorothea_intersection,242,906,10,results/zju_cellatlas_adult_celltype_refined_matching_by_context/adult_celltype__endothelial_cell/ZJU_HCL_adult_celltype_Endothelial cell_refined_pair_metrics.csv
hcl_adult_celltype,ZJU_HCL_adult_celltype,Endothelial cell,trrust_dorothea_union,1073,3986,10,results/zju_cellatlas_adult_celltype_refined_matching_by_context/adult_celltype__endothelial_cell/ZJU_HCL_adult_celltype_Endothelial cell_refined_pair_metrics.csv
hcl_adult_celltype,ZJU_HCL_adult_celltype,Enterocyte,trrust,154,611,10,results/zju_cellatlas_adult_celltype_refined_matching_by_context/adult_celltype__enterocyte/ZJU_HCL_adult_celltype_Enterocyte_refined_pair_metrics.csv
hcl_adult_celltype,ZJU_HCL_adult_celltype,Enterocyte,dorothea_ab,168,669,10,results/zju_cellatlas_adult_celltype_refined_matching_by_context/adult_celltype__enterocyte/ZJU_HCL_adult_celltype_Enterocyte_refined_pair_metrics.csv
hcl_adult_celltype,ZJU_HCL_adult_celltype,Enterocyte,trrust_dorothea_intersection,57,227,10,results/zju_cellatlas_adult_celltype_refined_matching_by_context/adult_celltype__enterocyte/ZJU_HCL_adult_celltype_Enterocyte_refined_pair_metrics.csv
hcl_adult_celltype,ZJU_HCL_adult_celltype,Enterocyte,trrust_dorothea_union,265,1073,10,results/zju_cellatlas_adult_celltype_refined_matching_by_context/adult_celltype__enterocyte/ZJU_HCL_adult_celltype_Enterocyte_refined_pair_metrics.csv
hcl_adult_celltype,ZJU_HCL_adult_celltype,Epithelial cell,trrust,310,1225,10,results/zju_cellatlas_adult_celltype_refined_matching_by_context/adult_celltype__epithelial_cell/ZJU_HCL_adult_celltype_Epithelial cell_refined_pair_metrics.csv
hcl_adult_celltype,ZJU_HCL_adult_celltype,Epithelial cell,dorothea_ab,476,1857,10,results/zju_cellatlas_adult_celltype_refined_matching_by_context/adult_celltype__epithelial_cell/ZJU_HCL_adult_celltype_Epithelial cell_refined_pair_metrics.csv
hcl_adult_celltype,ZJU_HCL_adult_celltype,Epithelial cell,trrust_dorothea_intersection,140,562,10,results/zju_cellatlas_adult_celltype_refined_matching_by_context/adult_celltype__epithelial_cell/ZJU_HCL_adult_celltype_Epithelial cell_refined_pair_metrics.csv
hcl_adult_celltype,ZJU_HCL_adult_celltype,Epithelial cell,trrust_dorothea_union,646,2491,10,results/zju_cellatlas_adult_celltype_refined_matching_by_context/adult_celltype__epithelial_cell/ZJU_HCL_adult_celltype_Epithelial cell_refined_pair_metrics.csv
hcl_adult_celltype,ZJU_HCL_adult_celltype,Fibroblast,trrust,413,1513,10,results/zju_cellatlas_adult_celltype_refined_matching_by_context/adult_celltype__fibroblast/ZJU_HCL_adult_celltype_Fibroblast_refined_pair_metrics.csv
hcl_adult_celltype,ZJU_HCL_adult_celltype,Fibroblast,dorothea_ab,486,1849,10,results/zju_cellatlas_adult_celltype_refined_matching_by_context/adult_celltype__fibroblast/ZJU_HCL_adult_celltype_Fibroblast_refined_pair_metrics.csv
hcl_adult_celltype,ZJU_HCL_adult_celltype,Fibroblast,trrust_dorothea_intersection,186,675,10,results/zju_cellatlas_adult_celltype_refined_matching_by_context/adult_celltype__fibroblast/ZJU_HCL_adult_celltype_Fibroblast_refined_pair_metrics.csv
hcl_adult_celltype,ZJU_HCL_adult_celltype,Fibroblast,trrust_dorothea_union,713,2650,10,results/zju_cellatlas_adult_celltype_refined_matching_by_context/adult_celltype__fibroblast/ZJU_HCL_adult_celltype_Fibroblast_refined_pair_metrics.csv
hcl_adult_celltype,ZJU_HCL_adult_celltype,Loop of Henle,trrust,302,1131,10,results/zju_cellatlas_adult_celltype_refined_matching_by_context/adult_celltype__loop_of_henle/ZJU_HCL_adult_celltype_Loop of Henle_refined_pair_metrics.csv
hcl_adult_celltype,ZJU_HCL_adult_celltype,Loop of Henle,dorothea_ab,591,2236,10,results/zju_cellatlas_adult_celltype_refined_matching_by_context/adult_celltype__loop_of_henle/ZJU_HCL_adult_celltype_Loop of Henle_refined_pair_metrics.csv
hcl_adult_celltype,ZJU_HCL_adult_celltype,Loop of Henle,trrust_dorothea_intersection,141,535,10,results/zju_cellatlas_adult_celltype_refined_matching_by_context/adult_celltype__loop_of_henle/ZJU_HCL_adult_celltype_Loop of Henle_refined_pair_metrics.csv
hcl_adult_celltype,ZJU_HCL_adult_celltype,Loop of Henle,trrust_dorothea_union,752,2845,10,results/zju_cellatlas_adult_celltype_refined_matching_by_context/adult_celltype__loop_of_henle/ZJU_HCL_adult_celltype_Loop of Henle_refined_pair_metrics.csv
hcl_adult_celltype,ZJU_HCL_adult_celltype,Smooth muscle cell,trrust,393,1492,10,results/zju_cellatlas_adult_celltype_refined_matching_by_context/adult_celltype__smooth_muscle_cell/ZJU_HCL_adult_celltype_Smooth muscle cell_refined_pair_metrics.csv
hcl_adult_celltype,ZJU_HCL_adult_celltype,Smooth muscle cell,dorothea_ab,592,2184,10,results/zju_cellatlas_adult_celltype_refined_matching_by_context/adult_celltype__smooth_muscle_cell/ZJU_HCL_adult_celltype_Smooth muscle cell_refined_pair_metrics.csv
hcl_adult_celltype,ZJU_HCL_adult_celltype,Smooth muscle cell,trrust_dorothea_intersection,192,708,10,results/zju_cellatlas_adult_celltype_refined_matching_by_context/adult_celltype__smooth_muscle_cell/ZJU_HCL_adult_celltype_Smooth muscle cell_refined_pair_metrics.csv
hcl_adult_celltype,ZJU_HCL_adult_celltype,Smooth muscle cell,trrust_dorothea_union,793,2936,10,results/zju_cellatlas_adult_celltype_refined_matching_by_context/adult_celltype__smooth_muscle_cell/ZJU_HCL_adult_celltype_Smooth muscle cell_refined_pair_metrics.csv
