run_dir,dataset,condition,edge_set,score_definition,metric,n_repeats,n_positive_mean,n_negative_mean,random_auprc_baseline,auroc_mean,auroc_sd,auprc_mean,auprc_sd,enrichment_at_5pct_mean,enrichment_at_5pct_sd,median_difference_mean,median_difference_sd,cliffs_delta_mean,cliffs_delta_sd,positive_median_mean,negative_median_mean,auroc_ci95_low,auroc_ci95_high,auprc_ci95_low,auprc_ci95_high,enrichment_at_5pct_ci95_low,enrichment_at_5pct_ci95_high,median_difference_ci95_low,median_difference_ci95_high,cliffs_delta_ci95_low,cliffs_delta_ci95_high
adult_celltype__at2_cell,ZJU_HCL_adult_celltype,AT2 cell,dorothea_ab,formal_abs,codetection_odds_ratio,10,541.0,541.0,0.5,0.5396807445649017,0.0095610159760604,0.5560263076885676,0.0094361511820596,1.3381818181818184,0.0762770071396473,0.0172768712043762,0.0095836570957485,0.0793614891298034,0.0191220319521208,1.2066442966461182,1.189367425441742,0.5328412057585039,0.5465202833712994,0.5492760917748687,0.5627765236022666,1.283616534359078,1.3927471020045588,0.0104211359166511,0.0241326064921013,0.065682411517008,0.0930405667425988
adult_celltype__at2_cell,ZJU_HCL_adult_celltype,AT2 cell,dorothea_ab,formal_abs,coexpression_probability,10,541.0,541.0,0.5,0.5076930173123639,0.0019533721206435,0.5055266521366912,0.0008045001356099,0.9963636363636365,0.0187781010725207,0.0003512563183903,0.0001931694547166,0.0153860346247279,0.0039067442412871,0.0106727909296751,0.0103215346112847,0.5062956590759663,0.5090903755487616,0.5049511474088428,0.5061021568645396,0.9829305920807332,1.0097966806465395,0.0002130712149397,0.0004894414218409,0.0125913181519327,0.0181807510975231
adult_celltype__at2_cell,ZJU_HCL_adult_celltype,AT2 cell,dorothea_ab,formal_abs,mutual_information,10,541.0,541.0,0.5,0.527739415951155,0.0080177849896664,0.5321003467823064,0.0064704503051507,1.232727272727273,0.0628669211146179,4.47284517576918e-05,1.6325361665538562e-05,0.05547883190231,0.016035569979333,0.0002471831976436,0.0002024547458859,0.5220038380883543,0.5334749938139558,0.527471665471894,0.5367290280927189,1.1877549865519552,1.27769955890259,3.30499915480754e-05,5.64069119673082e-05,0.0440076761767084,0.0669499876279116
adult_celltype__at2_cell,ZJU_HCL_adult_celltype,AT2 cell,dorothea_ab,formal_abs,pearson,10,541.0,541.0,0.5,0.5396189024911081,0.0082577928191121,0.5472371053016819,0.0064609972151376,1.3163636363636364,0.0563343032175624,0.0039469795301556,0.0010217353275609,0.0792378049822161,0.0165155856382243,0.0259045287966728,0.0219575492665171,0.5337116333700307,0.5455261716121855,0.5426151863244928,0.551859024278871,1.276064503514927,1.356662769212346,0.0032160741075292,0.004677884952782,0.0674232667400612,0.0910523432243709
adult_celltype__at2_cell,ZJU_HCL_adult_celltype,AT2 cell,dorothea_ab,formal_abs,spearman,10,541.0,541.0,0.5,0.5285669380656757,0.0084934140489744,0.539394723282623,0.0065547955441195,1.3163636363636364,0.0681380330790554,0.0025475388392806,0.0005985701242438,0.0571338761313512,0.0169868280979489,0.021234605461359,0.0186870666220784,0.5224911156706272,0.5346427604607241,0.5347057050230298,0.5440837415422161,1.2676206238425092,1.3651066488847636,0.0021193475672058,0.0029757301113553,0.0449822313412542,0.0692855209214482
adult_celltype__at2_cell,ZJU_HCL_adult_celltype,AT2 cell,trrust,formal_abs,codetection_odds_ratio,10,334.0,334.0,0.5,0.5955201871705691,0.0173785145682969,0.622554424616652,0.0191716455334568,1.6176470588235294,0.1622837780122239,0.0581502079963684,0.0151887959035949,0.191040374341138,0.0347570291365938,1.2583751678466797,1.2002249598503112,0.5830883467589405,0.6079520275821977,0.6088398555858189,0.6362689936474851,1.5015562374984108,1.733737880148648,0.0472847979536276,0.0690156180391091,0.1661766935178809,0.2159040551643952
adult_celltype__at2_cell,ZJU_HCL_adult_celltype,AT2 cell,trrust,formal_abs,coexpression_probability,10,334.0,334.0,0.5,0.526607712718276,0.0028533718849593,0.5211411214725834,0.0016333981123765,1.1294117647058823,0.0372032665902162,0.0009389351587742,0.0001813935728768,0.053215425436552,0.0057067437699187,0.0136449607089161,0.0127060255501419,0.5245665334351194,0.5286488920014326,0.5199726588527249,0.5223095840924419,1.1027981510265763,1.1560253783851882,0.0008091740137213,0.0010686963038271,0.0491330668702388,0.0572977840028652
adult_celltype__at2_cell,ZJU_HCL_adult_celltype,AT2 cell,trrust,formal_abs,mutual_information,10,334.0,334.0,0.5,0.5779119903904766,0.0123670477084591,0.591943506681041,0.0116520292703458,1.4411764705882353,0.0887782856680138,0.0001463508902816,2.572187473212008e-05,0.155823980780953,0.0247340954169183,0.000360986101441,0.0002146352111594,0.5690651374059854,0.5867588433749678,0.5836081470741376,0.6002788662879445,1.3776683108369914,1.5046846303394792,0.0001279505695579,0.0001647512110052,0.1381302748119706,0.1735176867499354
adult_celltype__at2_cell,ZJU_HCL_adult_celltype,AT2 cell,trrust,formal_abs,pearson,10,334.0,334.0,0.5,0.5959764602531463,0.011685272712779,0.6121379180127924,0.0110798687031509,1.535294117647059,0.0852433926246436,0.0087244746275246,0.0011579863539622,0.1919529205062928,0.0233705454255581,0.0326975230127573,0.0239730483852326,0.5876173197201207,0.604335600786172,0.6042118574189456,0.6200639786066392,1.4743146680461936,1.5962735672479242,0.0078961010922188,0.0095528481628303,0.1752346394402415,0.2086712015723441
adult_celltype__at2_cell,ZJU_HCL_adult_celltype,AT2 cell,trrust,formal_abs,spearman,10,334.0,334.0,0.5,0.5858093692853814,0.0132596534074727,0.6010950776852148,0.0135489210854193,1.4588235294117649,0.0774447751299274,0.0063299157656729,0.0013677118206956,0.1716187385707626,0.0265193068149455,0.0263903513550758,0.0200604355894029,0.5763239846498083,0.5952947539209545,0.5914027634185536,0.6107873919518759,1.4034228746926272,1.5142241841309023,0.0053515136693853,0.0073083178619605,0.1526479692996163,0.190589507841909
adult_celltype__at2_cell,ZJU_HCL_adult_celltype,AT2 cell,trrust_dorothea_intersection,formal_abs,codetection_odds_ratio,10,157.0,157.0,0.5,0.5906588502576169,0.0205158920237634,0.6101941164596985,0.0199898586507412,1.4875,0.2598744354918779,0.054405665397644,0.0157636406130247,0.1813177005152338,0.0410317840475269,1.2588528394699097,1.2044471740722655,0.5759826652166404,0.6053350352985933,0.5958942330248749,0.624493999894522,1.301597027890359,1.673402972109641,0.0431290362221623,0.0656822945731257,0.1519653304332808,0.2106700705971869
adult_celltype__at2_cell,ZJU_HCL_adult_celltype,AT2 cell,trrust_dorothea_intersection,formal_abs,coexpression_probability,10,157.0,157.0,0.5,0.5171365978335836,0.0034273213382211,0.5123913945257115,0.0016828440914445,1.0125,0.0395284707521047,0.0010132393799722,0.000437769445801,0.034273195667167,0.0068546426764423,0.0147257493808865,0.0137125100009143,0.5146848398453684,0.5195883558217987,0.5111875603832552,0.5135952286681678,0.9842230354657376,1.0407769645342624,0.0007000779837034,0.001326400776241,0.0293696796907367,0.0391767116435972
adult_celltype__at2_cell,ZJU_HCL_adult_celltype,AT2 cell,trrust_dorothea_intersection,formal_abs,mutual_information,10,157.0,157.0,0.5,0.5758610896993793,0.0153016888551671,0.5895867672414294,0.0173849690368861,1.5,0.0589255650988789,0.0001605982455657,2.990831323332169e-05,0.1517221793987586,0.0306033777103342,0.0003918635193258,0.00023126527376,0.564914920904098,0.5868072584946606,0.5771503095811213,0.6020232249017375,1.457847190069359,1.542152809930641,0.0001392031271489,0.0001819933639826,0.1298298418081959,0.1736145169893212
adult_celltype__at2_cell,ZJU_HCL_adult_celltype,AT2 cell,trrust_dorothea_intersection,formal_abs,pearson,10,157.0,157.0,0.5,0.6043490608138262,0.0126809857598803,0.6258357721546258,0.0153401553210451,1.6375,0.0395284707521047,0.0113782715052366,0.0020607810638596,0.2086981216276522,0.0253619715197608,0.0367148891091346,0.025336617603898,0.5952776300762096,0.6134204915514428,0.6148620861073311,0.6368094582019206,1.6092230354657375,1.6657769645342624,0.0099040775395483,0.0128524654709249,0.1905552601524188,0.2268409831028855
adult_celltype__at2_cell,ZJU_HCL_adult_celltype,AT2 cell,trrust_dorothea_intersection,formal_abs,spearman,10,157.0,157.0,0.5,0.5848837681041827,0.0158757495769155,0.5975830388547526,0.0164554912486061,1.325,0.0874007373475126,0.0077148551121354,0.0019961460562113,0.1697675362083654,0.0317514991538311,0.0286691077053546,0.0209542525932192,0.5735269410071626,0.5962405952012029,0.58581148954922,0.6093545881602852,1.26247727895311,1.38752272104689,0.0062868982455346,0.0091428119787361,0.1470538820143251,0.1924811904024057
adult_celltype__at2_cell,ZJU_HCL_adult_celltype,AT2 cell,trrust_dorothea_union,formal_abs,codetection_odds_ratio,10,718.0,718.0,0.5,0.5594966480707009,0.0075322235978796,0.5790476568853982,0.0094402327222563,1.4416666666666669,0.0634107172898664,0.0370345950126647,0.0055382572028757,0.1189932961414017,0.0150644471957592,1.220366895198822,1.183332300186157,0.5541084199027787,0.564884876238623,0.5722945212137326,0.5858007925570637,1.3963053721419545,1.4870279611913788,0.033072764475646,0.0409964255496835,0.1082168398055575,0.129769752477246
adult_celltype__at2_cell,ZJU_HCL_adult_celltype,AT2 cell,trrust_dorothea_union,formal_abs,coexpression_probability,10,718.0,718.0,0.5,0.5144651849380436,0.0017527641185126,0.5110954333119213,0.0006995150787084,1.0166666666666666,0.019422386077225,0.0004052957519888,0.0001714800271065,0.0289303698760872,0.0035055282370253,0.0110105373896658,0.0106052416376769,0.5132113330213597,0.5157190368547275,0.5105950303695492,0.5115958362542934,1.002772728656247,1.0305606046770863,0.0002826263303652,0.0005279651736124,0.0264226660427194,0.031438073709455
adult_celltype__at2_cell,ZJU_HCL_adult_celltype,AT2 cell,trrust_dorothea_union,formal_abs,mutual_information,10,718.0,718.0,0.5,0.5470200223461953,0.0064181622128828,0.5546105202887636,0.0045864592706926,1.2944444444444445,0.0457373667971425,6.817411194788292e-05,1.1506709492698283e-05,0.0940400446923906,0.0128363244257657,0.0002573829842731,0.0001892088723252,0.5424287456836857,0.5516112990087049,0.5513295649756034,0.5578914756019238,1.2617259032460226,1.3271629856428664,5.994270784749118e-05,7.640551604827465e-05,0.0848574913673714,0.1032225980174098
adult_celltype__at2_cell,ZJU_HCL_adult_celltype,AT2 cell,trrust_dorothea_union,formal_abs,pearson,10,718.0,718.0,0.5,0.5579911895469464,0.007960283774884,0.5676848615013064,0.0052418468204175,1.325,0.0571529606000406,0.0052235003560781,0.0009890840849533,0.1159823790938927,0.0159205675497681,0.0267335381358861,0.021510037779808,0.5522967455752409,0.5636856335186519,0.5639350701783752,0.5714346528242376,1.2841152349391256,1.3658847650608743,0.004515952225339,0.0059310484868172,0.1045934911504817,0.1273712670373038
adult_celltype__at2_cell,ZJU_HCL_adult_celltype,AT2 cell,trrust_dorothea_union,formal_abs,spearman,10,718.0,718.0,0.5,0.5488459315182223,0.0073218667280591,0.562383225822765,0.0057192783186958,1.347222222222222,0.0657994000164439,0.0030372342094779,0.0005945575496803,0.0976918630364444,0.0146437334561183,0.0215268963947892,0.0184896621853113,0.5436081835898408,0.5540836794466037,0.5582919005804211,0.5664745510651089,1.300152167012923,1.3942922774315212,0.0026119133603277,0.003462555058628,0.0872163671796814,0.1081673588932074
adult_celltype__endothelial_cell,ZJU_HCL_adult_celltype,Endothelial cell,dorothea_ab,formal_abs,codetection_odds_ratio,10,787.0,787.0,0.5,0.5405251958041167,0.0078800903604384,0.5427609247550922,0.0104671935135182,1.2556962025316456,0.0708056606359596,0.0241542339324951,0.0056267438157825,0.0810503916082335,0.0157601807208769,1.2952536344528198,1.2710994005203249,0.5348881187452468,0.5461622728629867,0.535273145589255,0.5502487039209294,1.2050448842151775,1.3063475208481137,0.0201291038858491,0.028179363979141,0.0697762374904936,0.0923245457259734
adult_celltype__endothelial_cell,ZJU_HCL_adult_celltype,Endothelial cell,dorothea_ab,formal_abs,coexpression_probability,10,787.0,787.0,0.5,0.5028187558628217,0.0006997311685497,0.5030977601560347,0.0003161713366583,1.0126582278481011,0.0,-0.00044467728585,0.0002481514254464,0.0056375117256433,0.0013994623370993,0.0304734501987695,0.0309181274846196,0.5023181983390893,0.503319313386554,0.5028715848068919,0.5033239355051775,1.0126582278481011,1.0126582278481011,-0.0006221941217651,-0.0002671604499349,0.0046363966781787,0.0066386267731079
adult_celltype__endothelial_cell,ZJU_HCL_adult_celltype,Endothelial cell,dorothea_ab,formal_abs,mutual_information,10,787.0,787.0,0.5,0.5239974877657746,0.0052305721121287,0.5257580556560841,0.0048088256620328,1.1873417721518986,0.0700472775339988,9.756473591551184e-05,2.7412718181533308e-05,0.047994975531549,0.0104611442242575,0.0007271310314536,0.000629566295538,0.5202557618832804,0.5277392136482688,0.522318029009227,0.5291980823029413,1.1372329684247762,1.237450575879021,7.795485865342034e-05,0.0001171746131776,0.0405115237665605,0.0554784272965375
adult_celltype__endothelial_cell,ZJU_HCL_adult_celltype,Endothelial cell,dorothea_ab,formal_abs,pearson,10,787.0,787.0,0.5,0.5242366020901917,0.0036851835568046,0.528125614250494,0.0037659810192684,1.2379746835443035,0.0421096200839651,0.0037517793476581,0.0006297029175387,0.0484732041803836,0.0073703671136093,0.0439831316471099,0.0402313522994518,0.5216003805831286,0.5268728235972548,0.525431593720674,0.5308196347803139,1.2078512760102005,1.2680980910784072,0.0033013170168983,0.0042022416784179,0.0432007611662574,0.0537456471945098
adult_celltype__endothelial_cell,ZJU_HCL_adult_celltype,Endothelial cell,dorothea_ab,formal_abs,spearman,10,787.0,787.0,0.5,0.5310601596140588,0.0055958259495335,0.5284057967892317,0.005203967561118,1.1493670886075948,0.0633754712422568,0.0035188287496566,0.0007094070101199,0.0621203192281176,0.0111916518990669,0.037879716604948,0.0343608878552913,0.5270571468765514,0.5350631723515663,0.5246831026560328,0.5321284909224306,1.1040310075864477,1.194703169628742,0.0030113495458362,0.0040263079534771,0.0541142937531028,0.0701263447031324
adult_celltype__endothelial_cell,ZJU_HCL_adult_celltype,Endothelial cell,trrust,formal_abs,codetection_odds_ratio,10,528.0,528.0,0.5,0.5553665203168043,0.0097331567149034,0.5688089006244559,0.0084373031021248,1.4075471698113209,0.0958784352209283,0.0318225264549255,0.0058693292135408,0.1107330406336088,0.0194663134298067,1.312489628791809,1.2806671023368836,0.5484038394440796,0.5623292011895291,0.5627732175827358,0.574844583666176,1.3389598690441031,1.4761344705785382,0.0276238612687099,0.0360211916411411,0.0968076788881592,0.1246584023790584
adult_celltype__endothelial_cell,ZJU_HCL_adult_celltype,Endothelial cell,trrust,formal_abs,coexpression_probability,10,528.0,528.0,0.5,0.5102554307277318,0.0008359398788531,0.5121499734739403,0.0004289949807395,1.079245283018868,0.019486708660163,0.0009024326689541,0.0003696651001163,0.0205108614554637,0.0016718797577063,0.0273999478667974,0.0264975151978433,0.509657435362433,0.5108534260930306,0.5118430889518493,0.5124568579960314,1.0653053314045344,1.0931852346332014,0.0006379901866962,0.001166875151212,0.0193148707248662,0.0217068521860612
adult_celltype__endothelial_cell,ZJU_HCL_adult_celltype,Endothelial cell,trrust,formal_abs,mutual_information,10,528.0,528.0,0.5,0.539751743285124,0.0058151315387168,0.5507119357878099,0.0038967458529865,1.3358490566037735,0.0568130303931382,0.0001422281144186,3.392950483159206e-05,0.0795034865702479,0.0116302630774336,0.0007183527341112,0.0005761246196925,0.5355918487798803,0.5439116377903677,0.547924371731134,0.5534994998444858,1.2952074629639487,1.3764906502435983,0.0001179564088218,0.0001664998200155,0.0711836975597605,0.0878232755807353
adult_celltype__endothelial_cell,ZJU_HCL_adult_celltype,Endothelial cell,trrust,formal_abs,pearson,10,528.0,528.0,0.5,0.5379921372819101,0.0038155440163496,0.5509478443648951,0.0029612005662178,1.3358490566037735,0.0364562937011054,0.0039536779746413,0.0008337571019726,0.07598427456382,0.0076310880326992,0.043349590152502,0.0393959121778607,0.5352626615198484,0.5407216130439718,0.5488295290899404,0.5530661596398497,1.3097697951392524,1.3619283180682946,0.0033572440738582,0.0045501118754244,0.0705253230396965,0.0814432260879435
adult_celltype__endothelial_cell,ZJU_HCL_adult_celltype,Endothelial cell,trrust,formal_abs,spearman,10,528.0,528.0,0.5,0.5448608958907254,0.0060184241013685,0.5555783432779312,0.0044111685228157,1.2754716981132077,0.0428412235620789,0.0047664916142821,0.0010678530522611,0.0897217917814508,0.012036848202737,0.0379015281796455,0.0331350365653634,0.54055557464686,0.5491662171345908,0.5524227834118144,0.558733903144048,1.2448249329786163,1.306118463247799,0.0040025955588045,0.0055303876697596,0.0811111492937201,0.0983324342691816
adult_celltype__endothelial_cell,ZJU_HCL_adult_celltype,Endothelial cell,trrust_dorothea_intersection,formal_abs,codetection_odds_ratio,10,242.0,242.0,0.5,0.5460282767570521,0.0087713947462721,0.5392587398995542,0.0105991282108749,1.176,0.075894663844041,0.0313375115394592,0.0051975468615414,0.0920565535141042,0.0175427894925442,1.316796898841858,1.2854593873023987,0.5397535989504703,0.552302954563634,0.5316765803368281,0.5468408994622803,1.121708228094216,1.2302917719057838,0.0276194104980434,0.035055612580875,0.0795071979009404,0.1046059091272679
adult_celltype__endothelial_cell,ZJU_HCL_adult_celltype,Endothelial cell,trrust_dorothea_intersection,formal_abs,coexpression_probability,10,242.0,242.0,0.5,0.5017561983471074,0.0016298975311742,0.5046384767192904,0.0006260745757327,1.048,0.025298221281347,-0.0002550350502133,0.0006191905224625,0.0035123966942149,0.0032597950623485,0.027596129104495,0.0278511641547083,0.5005902398921869,0.5029221568020279,0.5041906099478987,0.5050863434906822,1.029902742698072,1.066097257301928,-0.0006979772665572,0.0001879071661305,0.0011804797843737,0.005844313604056
adult_celltype__endothelial_cell,ZJU_HCL_adult_celltype,Endothelial cell,trrust_dorothea_intersection,formal_abs,mutual_information,10,242.0,242.0,0.5,0.5335436445597979,0.0071035810227764,0.5258126570710772,0.0057617905937162,1.176,0.0539958846168441,0.000193187512923,3.490902941562949e-05,0.0670872891195956,0.0142071620455528,0.0008111939532682,0.0006180064403451,0.5284620488181611,0.5386252403014347,0.5216909203792096,0.5299343937629447,1.1373736710463225,1.2146263289536776,0.0001682150976504,0.0002181599281956,0.0569240976363221,0.0772504806028691
adult_celltype__endothelial_cell,ZJU_HCL_adult_celltype,Endothelial cell,trrust_dorothea_intersection,formal_abs,pearson,10,242.0,242.0,0.5,0.5326856089064955,0.0050883534685767,0.5308936795910346,0.0053075409295684,1.216,0.0337309617084627,0.0046009492129087,0.0010320560444741,0.0653712178129909,0.0101767069371534,0.0446187835186719,0.0400178343057632,0.5290456201128214,0.5363255977001696,0.5270968935334419,0.5346904656486273,1.1918703235974293,1.2401296764025709,0.003862660794164,0.0053392376316534,0.0580912402256427,0.0726511954003391
adult_celltype__endothelial_cell,ZJU_HCL_adult_celltype,Endothelial cell,trrust_dorothea_intersection,formal_abs,spearman,10,242.0,242.0,0.5,0.5380814152038795,0.0071012818406955,0.5289818000129412,0.006096796529626,1.024,0.1239354670786373,0.0040416995063424,0.0009458287728903,0.076162830407759,0.014202563681391,0.0387053005397319,0.0346636010333895,0.5330014641980224,0.5431613662097367,0.5246204145112855,0.5333431855145968,0.9353419077328392,1.112658092267161,0.0033650943618066,0.0047183046508781,0.0660029283960448,0.0863227324194732
adult_celltype__endothelial_cell,ZJU_HCL_adult_celltype,Endothelial cell,trrust_dorothea_union,formal_abs,codetection_odds_ratio,10,1073.0,1073.0,0.5,0.5454205096892374,0.004358957316132,0.5520368251536588,0.0042363273876364,1.2907407407407407,0.0360464230139664,0.0250483036041259,0.0039598837560007,0.0908410193784748,0.008717914632264,1.297701716423035,1.2726534128189086,0.5423022994703899,0.5485387199080849,0.549006339101037,0.5550673112062806,1.264954683102812,1.3165267983786697,0.0222155734125014,0.0278810337957505,0.0846045989407797,0.0970774398161698
adult_celltype__endothelial_cell,ZJU_HCL_adult_celltype,Endothelial cell,trrust_dorothea_union,formal_abs,coexpression_probability,10,1073.0,1073.0,0.5,0.5064898478193463,0.0005974776103297,0.5072342310127882,0.0003799539803652,1.0333333333333334,0.011712139482105,0.0001177076250314,0.0002788080505674,0.0129796956386923,0.0011949552206594,0.0296887252479791,0.0295710176229476,0.5060624380846448,0.5069172575540477,0.5069624283089897,0.5075060337165866,1.0249549734713297,1.0417116931953372,-8.173963937712915e-05,0.00031715488944,0.0121248761692894,0.0138345151080951
adult_celltype__endothelial_cell,ZJU_HCL_adult_celltype,Endothelial cell,trrust_dorothea_union,formal_abs,mutual_information,10,1073.0,1073.0,0.5,0.5282933896392776,0.0028912807400767,0.5384223077648728,0.0029433885086861,1.251851851851852,0.0503001204628724,0.000106137804687,1.1005405850881069e-05,0.0565867792785554,0.0057825614801535,0.0007113245665095,0.0006051867618225,0.526225091994816,0.5303616872837392,0.5363167344682827,0.5405278810614629,1.21586931330849,1.287834390395214,9.826501160878455e-05,0.0001140105977652,0.0524501839896322,0.0607233745674786
adult_celltype__endothelial_cell,ZJU_HCL_adult_celltype,Endothelial cell,trrust_dorothea_union,formal_abs,pearson,10,1073.0,1073.0,0.5,0.5297846228141565,0.0032066060864525,0.5392674686491524,0.0034209345237842,1.2907407407407407,0.0494212812376495,0.0035463158041238,0.0005929059597531,0.059569245628313,0.0064132121729051,0.0433119423687458,0.0397656265646219,0.5274907550055431,0.5320784906227699,0.5368202795127518,0.541714657785553,1.255386885906364,1.3260945955751176,0.003122176431234,0.0039704551770137,0.0549815100110862,0.0641569812455398
adult_celltype__endothelial_cell,ZJU_HCL_adult_celltype,Endothelial cell,trrust_dorothea_union,formal_abs,spearman,10,1073.0,1073.0,0.5,0.5355955595663794,0.0035389119368414,0.5422988045947443,0.0036516101292874,1.2351851851851852,0.0486441686539395,0.0037028592079877,0.0003849790769494,0.0711911191327587,0.007077823873683,0.0372420698404312,0.0335392106324434,0.5330639744728018,0.5381271446599569,0.5396866000709122,0.5449110091185765,1.200387243204268,1.2699831271661024,0.0034274617666447,0.0039782566493308,0.0661279489456036,0.0762542893199138
adult_celltype__enterocyte,ZJU_HCL_adult_celltype,Enterocyte,dorothea_ab,formal_abs,codetection_odds_ratio,10,168.0,168.0,0.5,0.5268087443310657,0.0156141859017229,0.554396754861866,0.0112042423155555,1.3294117647058823,0.1668395873426089,0.007936668395996,0.0236496599152971,0.0536174886621315,0.0312283718034459,1.90141361951828,1.893476951122284,0.5156390286154409,0.5379784600466906,0.5463817227454673,0.5624117869782648,1.2100619137140698,1.4487616156976952,-0.0089812791478414,0.0248546159398336,0.0312780572308818,0.0759569200933811
adult_celltype__enterocyte,ZJU_HCL_adult_celltype,Enterocyte,dorothea_ab,formal_abs,coexpression_probability,10,168.0,168.0,0.5,0.5101757369614512,0.003621581386935,0.5112829334447763,0.0034806400771451,0.9764705882352942,0.0568289284164291,0.0007960311137139,0.0009485372746177,0.0203514739229024,0.00724316277387,0.0201315181329846,0.0193354870192706,0.507585013705838,0.5127664602170645,0.5087930335284552,0.5137728333610974,0.9358176218347172,1.0171235546358712,0.0001174884237627,0.0014745738036652,0.0151700274116759,0.0255329204341289
adult_celltype__enterocyte,ZJU_HCL_adult_celltype,Enterocyte,dorothea_ab,formal_abs,mutual_information,10,168.0,168.0,0.5,0.5158889597505668,0.0129985352595016,0.5279278801433968,0.0110742390961712,1.3294117647058823,0.1246294006436918,0.0002629814203828,0.0002264711549901,0.0317779195011337,0.0259970705190032,0.0028142938390374,0.0025513124186545,0.5065903677854143,0.5251875517157193,0.5200058467277807,0.5358499135590128,1.2402572622706876,1.4185662671410777,0.0001009737156615,0.0004249891251041,0.0131807355708287,0.0503751034314388
adult_celltype__enterocyte,ZJU_HCL_adult_celltype,Enterocyte,dorothea_ab,formal_abs,pearson,10,168.0,168.0,0.5,0.5105052437641724,0.0139274322251521,0.5336484218429491,0.0110409638541871,1.3294117647058823,0.0794057126718297,0.0072667494416236,0.0061145189481945,0.0210104875283446,0.0278548644503043,0.095825333148241,0.0885585837066173,0.5005421589397234,0.5204683285886214,0.5257501921014837,0.5415466515844146,1.2726083397740036,1.3862151896377617,0.0028926860854548,0.0116408127977924,0.0010843178794466,0.0409366571772426
adult_celltype__enterocyte,ZJU_HCL_adult_celltype,Enterocyte,dorothea_ab,formal_abs,spearman,10,168.0,168.0,0.5,0.5189342403628118,0.0141565029507959,0.533998890675765,0.0132487106390995,1.4,0.1169916383543238,0.0080772552639246,0.0028723555375865,0.0378684807256235,0.0283130059015917,0.0839751884341239,0.0758979331701994,0.508807288212822,0.5290611925128016,0.5245213340251178,0.5434764473264122,1.3163092235645286,1.4836907764354712,0.0060224958937609,0.0101320146340882,0.0176145764256439,0.0581223850256031
adult_celltype__enterocyte,ZJU_HCL_adult_celltype,Enterocyte,trrust,formal_abs,codetection_odds_ratio,10,154.0,154.0,0.5,0.5378605161072694,0.0131400372870044,0.5532054937336592,0.0108531623497371,1.4,0.1419115530493866,0.0682919800281524,0.0317114416938076,0.0757210322145387,0.0262800745740089,1.8907876014709477,1.8224956214427948,0.5284606996895364,0.5472603325250024,0.5454416090953503,0.5609693783719681,1.2984825904916664,1.5015174095083337,0.0456069812147748,0.0909769788415301,0.0569213993790727,0.0945206650500046
adult_celltype__enterocyte,ZJU_HCL_adult_celltype,Enterocyte,trrust,formal_abs,coexpression_probability,10,154.0,154.0,0.5,0.5193055321302075,0.0047534152200915,0.5192827367303043,0.0023625121045106,0.9375,0.0658807845868412,0.0006922015920281,0.0005684411425538,0.0386110642604149,0.0095068304401832,0.0190355330705642,0.0183433314785361,0.5159051437256549,0.5227059205347601,0.5175926973809462,0.5209727760796625,0.8903717257762294,0.9846282742237706,0.0002855632950746,0.0010988398889816,0.0318102874513097,0.0454118410695201
adult_celltype__enterocyte,ZJU_HCL_adult_celltype,Enterocyte,trrust,formal_abs,mutual_information,10,154.0,154.0,0.5,0.5250927643784786,0.0095974015384185,0.5332986957214731,0.0061477020169869,1.1625,0.1564581946293215,0.0005994251929223,0.0002130248047687,0.0501855287569573,0.019194803076837,0.002976895077154,0.0023774698842316,0.5182271969087711,0.5319583318481862,0.5289008946278829,0.5376964968150634,1.0505765499790432,1.274423450020957,0.0004470364276918,0.0007518139581528,0.0364543938175422,0.0639166636963724
adult_celltype__enterocyte,ZJU_HCL_adult_celltype,Enterocyte,trrust,formal_abs,pearson,10,154.0,154.0,0.5,0.5220863552032383,0.0095927969158326,0.5398077130265558,0.0070820751083154,1.3625,0.0709557765246933,0.0111055597662925,0.0024715572650009,0.0441727104064766,0.0191855938316653,0.0971864163875579,0.0860808566212654,0.5152240816820969,0.5289486287243798,0.5347415016893475,0.5448739243637641,1.3117412952458332,1.413258704754167,0.0093375142083168,0.0128736053242682,0.0304481633641937,0.0578972574487595
adult_celltype__enterocyte,ZJU_HCL_adult_celltype,Enterocyte,trrust,formal_abs,spearman,10,154.0,154.0,0.5,0.5234862540057346,0.0109080193170057,0.5376900073423676,0.0078310468077012,1.325,0.1467234738471584,0.0086727514863014,0.0034367252506672,0.046972508011469,0.0218160386340115,0.0823758505284786,0.0737030990421772,0.5156831270570504,0.5312893809544187,0.5320880139276407,0.5432920007570945,1.2200403497180836,1.4299596502819163,0.0062142663443749,0.0111312366282278,0.0313662541141008,0.0625787619088373
adult_celltype__enterocyte,ZJU_HCL_adult_celltype,Enterocyte,trrust_dorothea_intersection,formal_abs,codetection_odds_ratio,10,57.0,57.0,0.5,0.6053554939981532,0.0292765693661576,0.6019200086022491,0.0196231309924432,1.3666666666666667,0.105409255338946,0.1820644378662109,0.069359452755375,0.2107109879963065,0.0585531387323153,2.0013253688812256,1.8192609310150147,0.5844122979194728,0.6262986900768337,0.5878824663303929,0.6159575508741054,1.2912614279086336,1.4420719054246998,0.1324476743445622,0.2316812013878596,0.1688245958389457,0.2525973801536674
adult_celltype__enterocyte,ZJU_HCL_adult_celltype,Enterocyte,trrust_dorothea_intersection,formal_abs,coexpression_probability,10,57.0,57.0,0.5,0.5252693136349647,0.0093121608969362,0.5360183772729008,0.0089890893342939,1.1666666666666663,0.1756820922315765,0.0020766032859683,0.002194330536927,0.0505386272699292,0.0186243217938724,0.0230733733624219,0.0209967700764536,0.5186077950279998,0.5319308322419295,0.5295879701393891,0.5424487844064125,1.0409912687366114,1.2923420645967216,0.0005068737824348,0.0036463327895017,0.0372155900559995,0.0638616644838588
adult_celltype__enterocyte,ZJU_HCL_adult_celltype,Enterocyte,trrust_dorothea_intersection,formal_abs,mutual_information,10,57.0,57.0,0.5,0.5727916281932902,0.0197554617030135,0.5888357349597376,0.0167911167532066,1.5333333333333334,0.1721325931647741,0.0014609546400606,0.0004280664872448,0.1455832563865804,0.039510923406027,0.0042429557070136,0.0027820010669529,0.558659422233758,0.5869238341528225,0.5768240936316753,0.6008473762877999,1.4101970940733877,1.6564695725932792,0.0011547343222031,0.0017671749579181,0.1173188444675159,0.173847668305645
adult_celltype__enterocyte,ZJU_HCL_adult_celltype,Enterocyte,trrust_dorothea_intersection,formal_abs,pearson,10,57.0,57.0,0.5,0.5768851954447523,0.0205242888774935,0.5978682860090616,0.0201012613222602,1.8666666666666667,0.172132593164774,0.0283276095986366,0.0145756024778282,0.1537703908895044,0.041048577754987,0.1178588271141052,0.0895312175154686,0.5622030036564717,0.5915673872330328,0.5834887099038254,0.6122478621142978,1.7435304274067212,1.989802905926612,0.0179008517077027,0.0387543674895705,0.1244060073129433,0.1831347744660655
adult_celltype__enterocyte,ZJU_HCL_adult_celltype,Enterocyte,trrust_dorothea_intersection,formal_abs,spearman,10,57.0,57.0,0.5,0.5749153585718683,0.0205613856569578,0.5897573924741623,0.0187137356271117,1.7333333333333332,0.2629368792488718,0.017148819565773,0.0091174519847809,0.1498307171437365,0.0411227713139155,0.0947094559669494,0.0775606364011764,0.5602066293462094,0.5896240877975272,0.5763703924571372,0.6031443924911873,1.5452396209330352,1.921427045733631,0.0106265873237689,0.023671051807777,0.1204132586924187,0.1792481755950543
adult_celltype__enterocyte,ZJU_HCL_adult_celltype,Enterocyte,trrust_dorothea_union,formal_abs,codetection_odds_ratio,10,265.0,265.0,0.5,0.5171370594517622,0.0148007638800967,0.540524641358035,0.0103070461810084,1.288888888888889,0.086947243761279,0.0031003475189208,0.0293615147733012,0.0342741189035244,0.0296015277601935,1.8731077909469604,1.87000744342804,0.5065492307967616,0.5277248881067629,0.5331514246924786,0.5478978580235915,1.2266905776107162,1.3510872001670615,-0.0179036148433886,0.0241043098812304,0.0130984615935231,0.0554497762135256
adult_celltype__enterocyte,ZJU_HCL_adult_celltype,Enterocyte,trrust_dorothea_union,formal_abs,coexpression_probability,10,265.0,265.0,0.5,0.510563189747241,0.0042891250547552,0.5107480505889339,0.0025266382015473,0.9037037037037036,0.0312323719522802,0.000553761050105,0.0005037538063135,0.021126379494482,0.0085782501095104,0.0190355330705642,0.0184817720204591,0.5074949345188277,0.5136314449756544,0.5089406025026134,0.5125554986752544,0.8813614107383606,0.9260459966690467,0.0001933972858588,0.0009141248143513,0.0149898690376553,0.0272628899513087
adult_celltype__enterocyte,ZJU_HCL_adult_celltype,Enterocyte,trrust_dorothea_union,formal_abs,mutual_information,10,265.0,265.0,0.5,0.5116347454610182,0.0115096572835332,0.5224217724479193,0.0089864925971866,1.2,0.0840957351403773,0.0003379698377102,0.0001843407332682,0.0232694909220363,0.0230193145670664,0.0026578493416309,0.0023198795039206,0.5034012326380953,0.519868258283941,0.5159932229082301,0.5288503219876085,1.1398415351061726,1.260158464893827,0.0002061004211184,0.000469839254302,0.0068024652761906,0.0397365165678819
adult_celltype__enterocyte,ZJU_HCL_adult_celltype,Enterocyte,trrust_dorothea_union,formal_abs,pearson,10,265.0,265.0,0.5,0.5067483090067639,0.0122505600894136,0.5272955215626529,0.0103140277069331,1.222222222222222,0.0390404649403503,0.0055714428424835,0.0021815946098817,0.0134966180135279,0.0245011201788272,0.0920367613434791,0.0864653185009956,0.4979847862450149,0.5155118317685129,0.5199173106143121,0.5346737325109937,1.1942943560155432,1.250150088428901,0.0040108240723157,0.0071320616126513,-0.00403042750997,0.0310236635370259
adult_celltype__enterocyte,ZJU_HCL_adult_celltype,Enterocyte,trrust_dorothea_union,formal_abs,spearman,10,265.0,265.0,0.5,0.5138996084015665,0.0118590073130242,0.5274987028872125,0.0098976708903811,1.288888888888889,0.0517930295392667,0.008152612298727,0.0030701693300203,0.0277992168031327,0.0237180146260485,0.0814983248710632,0.0733457125723362,0.5054161856224525,0.5223830311806804,0.5204183356629325,0.5345790701114924,1.251838387527769,1.325939390250009,0.0059563454660531,0.0103488791314008,0.0108323712449048,0.0447660623613607
adult_celltype__epithelial_cell,ZJU_HCL_adult_celltype,Epithelial cell,dorothea_ab,formal_abs,codetection_odds_ratio,10,476.0,476.0,0.5,0.5142846109031848,0.008537004007441,0.4970324287352038,0.0062663463714949,0.8416666666666666,0.078074829569751,0.0145794212818145,0.0099698579549432,0.0285692218063695,0.0170740080148821,1.4727487564086914,1.4581693351268767,0.508177606130317,0.5203916156760525,0.4925497545832641,0.5015151028871436,0.7858152981528751,0.897518035180458,0.0074474145423797,0.0217114280212494,0.016355212260634,0.0407832313521051
adult_celltype__epithelial_cell,ZJU_HCL_adult_celltype,Epithelial cell,dorothea_ab,formal_abs,coexpression_probability,10,476.0,476.0,0.5,0.5052516594873243,0.0021023441482075,0.5073862034338517,0.0013995628671336,1.0291666666666666,0.0622680882540552,0.0009476710110902,0.0004130002439633,0.0105033189746486,0.004204688296415,0.027184173464775,0.0262365024536848,0.5037477330822151,0.5067555858924335,0.5063850164715328,0.5083873903961705,0.984622759713664,1.0737105736196693,0.0006522284344109,0.0012431135877695,0.0074954661644301,0.0135111717848671
adult_celltype__epithelial_cell,ZJU_HCL_adult_celltype,Epithelial cell,dorothea_ab,formal_abs,mutual_information,10,476.0,476.0,0.5,0.4958203869783207,0.0077655543672144,0.5022960868830142,0.0042572947066099,1.0125,0.0395284707521047,-5.467177834361792e-05,7.243730566918554e-05,-0.0083592260433585,0.0155311087344288,0.0013064455706626,0.0013611173490062,0.4902652440331837,0.5013755299234578,0.4992506017139654,0.505341572052063,0.9842230354657376,1.0407769645342624,-0.0001064903052026,-2.853251484568631e-06,-0.0194695119336325,0.0027510598469154
adult_celltype__epithelial_cell,ZJU_HCL_adult_celltype,Epithelial cell,dorothea_ab,formal_abs,pearson,10,476.0,476.0,0.5,0.5031499364451663,0.009448762256512,0.5116158896850973,0.0059478493412651,1.0916666666666666,0.0263523138347365,-0.0007926616817712,0.0016269181140728,0.0062998728903326,0.0188975245130241,0.053781259804964,0.0545739214867353,0.4963906991122663,0.5099091737780662,0.5073610545832578,0.5158707247869369,1.0728153569771584,1.1105179763561748,-0.0019564887900926,0.00037116542655,-0.0072186017754672,0.0198183475561324
adult_celltype__epithelial_cell,ZJU_HCL_adult_celltype,Epithelial cell,dorothea_ab,formal_abs,spearman,10,476.0,476.0,0.5,0.4894167961302168,0.0090105327625309,0.5019326573643503,0.0049514868748707,0.9208333333333332,0.0131761569173682,-0.0008961800485849,0.0010980232885452,-0.0211664077395664,0.0180210655250618,0.0493145678192377,0.0502107478678226,0.4829710492922284,0.4958625429682052,0.498390577033678,0.5054747376950226,0.9114076784885792,0.9302589881780872,-0.0016816585909425,-0.0001107015062273,-0.0340579014155432,-0.0082749140635895
adult_celltype__epithelial_cell,ZJU_HCL_adult_celltype,Epithelial cell,trrust,formal_abs,codetection_odds_ratio,10,310.0,310.0,0.5,0.5364854318418314,0.0116124909456001,0.5356733525235844,0.0109123831325549,1.0903225806451613,0.1156101510169084,0.0311059832572937,0.0271186017195589,0.0729708636836628,0.0232249818912002,1.4794970154762268,1.448391032218933,0.5281783562485847,0.5447925074350781,0.5278671038893108,0.543479601157858,1.007620060716996,1.1730251005733263,0.0117065042374299,0.0505054622771574,0.0563567124971692,0.0895850148701564
adult_celltype__epithelial_cell,ZJU_HCL_adult_celltype,Epithelial cell,trrust,formal_abs,coexpression_probability,10,310.0,310.0,0.5,0.5117991675338189,0.0027517110099583,0.5174023792089926,0.00187149023401,1.0387096774193547,0.020401791355925,0.0031337317079305,0.0004887228811838,0.0235983350676378,0.0055034220199166,0.0272596850991249,0.0241259533911943,0.5098307120596595,0.5137676230079784,0.5160635957456707,0.5187411626723144,1.0241151150790904,1.053304239759619,0.0027841204197786,0.0034833429960824,0.019661424119319,0.0275352460159566
adult_celltype__epithelial_cell,ZJU_HCL_adult_celltype,Epithelial cell,trrust,formal_abs,mutual_information,10,310.0,310.0,0.5,0.5100130072840792,0.0093951233430798,0.5282880610529602,0.0076927171823893,1.2967741935483872,0.1195435880403209,0.0001220704172737,7.338802456064045e-05,0.0200260145681581,0.0187902466861597,0.0013847495429217,0.0012626791256479,0.5032921409183307,0.5167338736498276,0.522785022690998,0.5337910994149224,1.2112578622813943,1.38229052481538,6.95717870901185e-05,0.0001745690474574,0.0065842818366613,0.0334677472996549
adult_celltype__epithelial_cell,ZJU_HCL_adult_celltype,Epithelial cell,trrust,formal_abs,pearson,10,310.0,310.0,0.5,0.5326082206035381,0.0107187238558919,0.5478067436171082,0.0104574397695504,1.296774193548387,0.083011866948898,0.0041625127196311,0.0021270325729551,0.065216441207076,0.0214374477117839,0.0556512475013732,0.051488734781742,0.5249405074702271,0.540275933736849,0.5403259418593772,0.5552875453748393,1.2373910812504767,1.3561573058462972,0.0026409252793816,0.0056841001598807,0.0498810149404542,0.0805518674736977
adult_celltype__epithelial_cell,ZJU_HCL_adult_celltype,Epithelial cell,trrust,formal_abs,spearman,10,310.0,310.0,0.5,0.513926638917794,0.0102318929810058,0.530441951503437,0.0082578609295578,1.2258064516129032,0.1393707677076959,0.0017471754923462,0.001667106406699,0.0278532778355879,0.0204637859620115,0.0515184346586465,0.0497712591663003,0.5066071836128638,0.5212460942227242,0.5245346336590818,0.5363492693477921,1.1261066104452913,1.3255062927805152,0.0005545994113563,0.0029397515733362,0.0132143672257276,0.0424921884454481
adult_celltype__epithelial_cell,ZJU_HCL_adult_celltype,Epithelial cell,trrust_dorothea_intersection,formal_abs,codetection_odds_ratio,10,140.0,140.0,0.5,0.5426989795918368,0.0276487092951618,0.5254254946419097,0.025471076994722,0.8714285714285713,0.1710312856768378,0.0351264536380767,0.0402109470243941,0.0853979591836735,0.0552974185903237,1.4788554906845093,1.4437290370464324,0.5229202844568677,0.5624776747268059,0.5072045838116855,0.5436464054721338,0.7490801600856981,0.9937769827714446,0.0063612749892833,0.0638916322868702,0.0458405689137352,0.1249553494536117
adult_celltype__epithelial_cell,ZJU_HCL_adult_celltype,Epithelial cell,trrust_dorothea_intersection,formal_abs,coexpression_probability,10,140.0,140.0,0.5,0.5120459183673469,0.005438745197807,0.5181677890102019,0.004042468253796,1.0714285714285714,0.0752923252421043,0.0033980211243033,0.0011771091816522,0.0240918367346939,0.0108774903956141,0.0287321601063013,0.0253341389819979,0.5081552744303792,0.5159365623043146,0.5152759814277549,0.5210595965926489,1.017567686601405,1.1252894562557378,0.0025559679421482,0.0042400743064584,0.0163105488607585,0.0318731246086292
adult_celltype__epithelial_cell,ZJU_HCL_adult_celltype,Epithelial cell,trrust_dorothea_intersection,formal_abs,mutual_information,10,140.0,140.0,0.5,0.5003698979591837,0.0182910209051263,0.518077262489277,0.018500732638907,1.0,0.2776643759450142,8.261689217761158e-05,0.0001445891116982,0.0007397959183673,0.0365820418102527,0.0015326363500207,0.0014500194578431,0.4872852898377787,0.5134545060805887,0.5048426356308527,0.5313118893477012,0.8013708711307228,1.1986291288692772,-2.081592740125185e-05,0.0001860497117564,-0.0254294203244427,0.0269090121611774
adult_celltype__epithelial_cell,ZJU_HCL_adult_celltype,Epithelial cell,trrust_dorothea_intersection,formal_abs,pearson,10,140.0,140.0,0.5,0.5345663265306123,0.0217040154017029,0.547135341183925,0.0217438733981584,1.1142857142857143,0.2676851299534323,0.0024224502965807,0.0036737715716507,0.0691326530612244,0.0434080308034059,0.0571384783834219,0.0547160280868411,0.519040209226103,0.5500924438351216,0.5315807111863939,0.5626899711814561,0.9227953079527148,1.305776120618714,-0.0002056075680917,0.0050505081612533,0.038080418452206,0.1001848876702429
adult_celltype__epithelial_cell,ZJU_HCL_adult_celltype,Epithelial cell,trrust_dorothea_intersection,formal_abs,spearman,10,140.0,140.0,0.5,0.5069030612244898,0.0207889093208855,0.520944102990011,0.020151894322456,0.9857142857142858,0.2376185704738028,0.0005725109949707,0.0024395276293263,0.0138061224489795,0.041577818641771,0.0524266622960567,0.0518541513010859,0.4920315713745725,0.5217745510744071,0.5065283062184157,0.5353598997616064,0.815732200343273,1.1556963710852983,-0.0011726219419299,0.0023176439318715,-0.0159368572508549,0.0435491021488141
adult_celltype__epithelial_cell,ZJU_HCL_adult_celltype,Epithelial cell,trrust_dorothea_union,formal_abs,codetection_odds_ratio,10,646.0,646.0,0.5,0.5190603763095591,0.0058045463018219,0.5106241326547123,0.004563003848521,0.9046153846153846,0.0463244709359434,0.0142799198627471,0.0104789517075537,0.0381207526191183,0.0116090926036439,1.473627746105194,1.4593478262424469,0.5149080540266293,0.523212698592489,0.5073599563397846,0.51388830896964,0.8714768544167583,0.9377539148140108,0.0067837293916051,0.0217761103338892,0.0298161080532587,0.0464253971849779
adult_celltype__epithelial_cell,ZJU_HCL_adult_celltype,Epithelial cell,trrust_dorothea_union,formal_abs,coexpression_probability,10,646.0,646.0,0.5,0.5070166252911463,0.0015794381250873,0.5104645381246983,0.0011984503195996,1.0584615384615383,0.0485421930920993,0.0012874733656644,0.0004972217983967,0.0140332505822925,0.0031588762501746,0.0265423245728015,0.0252548512071371,0.5058867633208404,0.5081464872614523,0.5096072184121316,0.5113218578372649,1.0237365454030218,1.0931865315200548,0.0009317823183911,0.0016431644129377,0.0117735266416805,0.0162929745229045
adult_celltype__epithelial_cell,ZJU_HCL_adult_celltype,Epithelial cell,trrust_dorothea_union,formal_abs,mutual_information,10,646.0,646.0,0.5,0.4993265295363705,0.0037621412595258,0.5113312138131805,0.0026955439292781,1.116923076923077,0.0325953817068117,1.5741575043648482e-05,3.254100469517015e-05,-0.0013469409272589,0.0075242825190518,0.0013104032259434,0.0012946616508997,0.4966352558051995,0.5020178032675415,0.5094029378480728,0.5132594897782882,1.093605745516949,1.1402404083292048,-7.536857391676561e-06,3.9020007478973525e-05,-0.0067294883896008,0.0040356065350829
adult_celltype__epithelial_cell,ZJU_HCL_adult_celltype,Epithelial cell,trrust_dorothea_union,formal_abs,pearson,10,646.0,646.0,0.5,0.5112437577279568,0.0048713843337543,0.5227093609261458,0.0038264145029898,1.166153846153846,0.0551371489465256,0.0009798111394047,0.0013336213301407,0.0224875154559134,0.0097427686675088,0.053781259804964,0.0528014486655592,0.5077589793032564,0.5147285361526572,0.519972108886395,0.5254466129658967,1.1267111058804131,1.2055965864272788,2.5795910962903208e-05,0.0019338263678466,0.0155179586065127,0.0294570723053142
adult_celltype__epithelial_cell,ZJU_HCL_adult_celltype,Epithelial cell,trrust_dorothea_union,formal_abs,spearman,10,646.0,646.0,0.5,0.497259151338554,0.0049197822727395,0.5117781926987074,0.0032699890929071,1.0276923076923077,0.0546581029516891,0.0005586355924606,0.0008872141583414,-0.0054816973228919,0.009839564545479,0.0494773294776678,0.0489186938852071,0.4937397511139667,0.5007785515631412,0.5094389834187066,0.5141174019787081,0.9885922562795502,1.0667923591050652,-7.6039182767813e-05,0.001193310367689,-0.0125204977720664,0.0015571031262825
adult_celltype__fibroblast,ZJU_HCL_adult_celltype,Fibroblast,dorothea_ab,formal_abs,codetection_odds_ratio,10,486.0,486.0,0.5,0.5988621737878711,0.0072616773610567,0.5925186223287213,0.0098328935766005,1.346938775510204,0.0902482936151128,0.1003950953483581,0.0087918293537816,0.1977243475757421,0.0145233547221135,1.3027800917625427,1.2023849964141846,0.5936674827388397,0.6040568648369025,0.5854845940032034,0.5995526506542392,1.2823790354221976,1.4114985155982105,0.0941057995041738,0.1066843911925424,0.1873349654776794,0.2081137296738049
adult_celltype__fibroblast,ZJU_HCL_adult_celltype,Fibroblast,dorothea_ab,formal_abs,coexpression_probability,10,486.0,486.0,0.5,0.5152089789835561,0.0013540130332751,0.512645924205158,0.0007451933009637,1.0816326530612244,0.0440866714177405,0.0016969147138297,0.0001899476561356,0.030417957967112,0.0027080260665501,0.0274905879050493,0.0257936731912195,0.514240376409453,0.5161775815576592,0.5121128450310439,0.513179003379272,1.0500949482020818,1.113170357920367,0.0015610343462435,0.0018327950814159,0.0284807528189058,0.0323551631153183
adult_celltype__fibroblast,ZJU_HCL_adult_celltype,Fibroblast,dorothea_ab,formal_abs,mutual_information,10,486.0,486.0,0.5,0.5905047079544107,0.007073554281628,0.5794305692192823,0.0060122468816191,1.3306122448979592,0.0583608451415706,0.0002834861807059,2.271624813655809e-05,0.1810094159088215,0.0141471085632561,0.0006943801417946,0.0004108939610887,0.5854445920494177,0.5955648238594037,0.5751296668922242,0.5837314715463403,1.288863411288708,1.3723610785072102,0.0002672359557241,0.0002997364056877,0.1708891840988354,0.1911296477188075
adult_celltype__fibroblast,ZJU_HCL_adult_celltype,Fibroblast,dorothea_ab,formal_abs,pearson,10,486.0,486.0,0.5,0.5935940913478637,0.0075909025120557,0.5860550111709827,0.0068691724003666,1.4,0.0387217672673679,0.0097978258505463,0.0010612871866234,0.1871881826957273,0.0151818050241114,0.0371454153209924,0.0273475894704461,0.5881638868134519,0.5990242958822755,0.5811411012562016,0.5909689210857638,1.3723001163746,1.4276998836253998,0.0090386267323963,0.0105570249686964,0.1763277736269037,0.1980485917645509
adult_celltype__fibroblast,ZJU_HCL_adult_celltype,Fibroblast,dorothea_ab,formal_abs,spearman,10,486.0,486.0,0.5,0.5911833815983336,0.0083030981586759,0.5837023526268379,0.0071998161779234,1.363265306122449,0.0550978414457594,0.009568434767425,0.0008419640989172,0.1823667631966671,0.0166061963173518,0.0339378267526626,0.0243693919852375,0.5852437029897227,0.5971230602069445,0.5785519144023713,0.5888527908513045,1.323850684741145,1.4026799275037527,0.0089661299347005,0.0101707396001496,0.1704874059794453,0.194246120413889
adult_celltype__fibroblast,ZJU_HCL_adult_celltype,Fibroblast,trrust,formal_abs,codetection_odds_ratio,10,413.0,413.0,0.5,0.5834797061599704,0.0131354413423541,0.5741033954669978,0.0108993293589354,1.2571428571428571,0.071692633591341,0.0537352442741394,0.0137412369337258,0.1669594123199409,0.0262708826847082,1.298895001411438,1.2451597571372983,0.5740831774829824,0.5928762348369583,0.5663064849398317,0.581900305994164,1.205857036597364,1.3084286776883505,0.043905355537268,0.0635651330110107,0.148166354965965,0.1857524696739168
adult_celltype__fibroblast,ZJU_HCL_adult_celltype,Fibroblast,trrust,formal_abs,coexpression_probability,10,413.0,413.0,0.5,0.5171270863990526,0.0020719468443561,0.5199980952133886,0.001103829598724,1.1,0.0270307720094069,0.0016266785562038,0.0002503944369212,0.0342541727981051,0.0041438936887123,0.0222228467464447,0.0205961681902408,0.5156449049151758,0.5186092678829294,0.5192084630869465,0.5207877273398307,1.0806633505698413,1.1193366494301589,0.00144755716654,0.0018057999458675,0.0312898098303515,0.0372185357658588
adult_celltype__fibroblast,ZJU_HCL_adult_celltype,Fibroblast,trrust,formal_abs,mutual_information,10,413.0,413.0,0.5,0.5594917599329304,0.00994020892577,0.5670293013700337,0.0067866769064369,1.280952380952381,0.0416950017033768,0.0001314980909228,3.320384070881403e-05,0.1189835198658607,0.0198804178515402,0.0005107352626509,0.0003792371717281,0.5523809628312694,0.5666025570345915,0.5621744051765453,0.5718841975635222,1.2511255735401663,1.3107791883645958,0.0001077454941676,0.000155250687678,0.1047619256625386,0.1332051140691828
adult_celltype__fibroblast,ZJU_HCL_adult_celltype,Fibroblast,trrust,formal_abs,pearson,10,413.0,413.0,0.5,0.5630129155942757,0.0103648341138984,0.5710710416505702,0.007049399226275,1.380952380952381,0.0317460317460317,0.0056721767410635,0.0012111879595457,0.1260258311885512,0.0207296682277969,0.0348484478890895,0.0291762711480259,0.5555983599318456,0.5704274712567058,0.5660282052312376,0.5761138780699028,1.3582426379062675,1.4036621239984943,0.0048057450697959,0.0065386084123312,0.1111967198636911,0.1408549425134114
adult_celltype__fibroblast,ZJU_HCL_adult_celltype,Fibroblast,trrust,formal_abs,spearman,10,413.0,413.0,0.5,0.5701859657968329,0.0095101647104964,0.5715959801781139,0.0072199656262454,1.2952380952380953,0.0301169300968416,0.0058644333854317,0.0011029953172103,0.1403719315936659,0.0190203294209929,0.0322857983410358,0.026421364955604,0.5633828037944328,0.576989127799233,0.5664311279066391,0.5767608324495886,1.273693741307229,1.316782449168962,0.0050753980680319,0.0066534687028315,0.1267656075888656,0.1539782555984661
adult_celltype__fibroblast,ZJU_HCL_adult_celltype,Fibroblast,trrust_dorothea_intersection,formal_abs,codetection_odds_ratio,10,186.0,186.0,0.5,0.6279801133078969,0.0136897397359999,0.5942571918112866,0.0131949215857931,1.1789473684210523,0.1087153219988047,0.1112047910690307,0.0169585561185204,0.2559602266157937,0.0273794794719998,1.353862702846527,1.2426579117774963,0.6181870634470561,0.6377731631687378,0.5848181135313867,0.6036962700911864,1.10117711204635,1.256717624795755,0.0990733708346629,0.1233362113033986,0.236374126894112,0.2755463263374755
adult_celltype__fibroblast,ZJU_HCL_adult_celltype,Fibroblast,trrust_dorothea_intersection,formal_abs,coexpression_probability,10,186.0,186.0,0.5,0.5176812348248353,0.0027711729577515,0.5247070994709462,0.0020412734215218,1.263157894736842,0.0992430570086381,0.0013204475864768,0.0005365835386087,0.0353624696496704,0.0055423459155031,0.0232763951644301,0.0219559475779533,0.5156988571119188,0.5196636125377518,0.523246860431923,0.5261673385099693,1.192163688537868,1.3341521009358162,0.0009365988465125,0.001704296326441,0.0313977142238372,0.0393272250755036
adult_celltype__fibroblast,ZJU_HCL_adult_celltype,Fibroblast,trrust_dorothea_intersection,formal_abs,mutual_information,10,186.0,186.0,0.5,0.6016331367788184,0.0117459667651071,0.5916012600948617,0.0088014348124736,1.3473684210526315,0.0443828443532404,0.0003374778898432,4.232188396831275e-05,0.2032662735576367,0.0234919335302141,0.0007638905663043,0.000426412676461,0.5932305783363095,0.6100356952213272,0.5853050929194673,0.5978974272702561,1.3156188468387229,1.3791179952665402,0.0003072026378736,0.0003677531418129,0.1864611566726192,0.2200713904426542
adult_celltype__fibroblast,ZJU_HCL_adult_celltype,Fibroblast,trrust_dorothea_intersection,formal_abs,pearson,10,186.0,186.0,0.5,0.6158370909931784,0.0133310976674256,0.6003487943443699,0.0094264243348266,1.368421052631579,0.0,0.013413471262902,0.0019816090890291,0.2316741819863567,0.0266621953348511,0.042053647339344,0.028640176076442,0.6063005982128573,0.6253735837734995,0.5936055365980123,0.6070920520907276,1.368421052631579,1.368421052631579,0.0119959135161666,0.0148310290096374,0.2126011964257145,0.250747167546999
adult_celltype__fibroblast,ZJU_HCL_adult_celltype,Fibroblast,trrust_dorothea_intersection,formal_abs,spearman,10,186.0,186.0,0.5,0.6096022661579373,0.0135230766334205,0.5953655319288877,0.0098798203277665,1.368421052631579,0.0,0.010521310288459,0.0013922399663708,0.2192045323158746,0.0270461532668411,0.0381412152200937,0.0276199049316346,0.5999284398984941,0.6192760924173806,0.5882979342278494,0.6024331296299261,1.368421052631579,1.368421052631579,0.0095253618137724,0.0115172587631456,0.1998568797969881,0.2385521848347611
adult_celltype__fibroblast,ZJU_HCL_adult_celltype,Fibroblast,trrust_dorothea_union,formal_abs,codetection_odds_ratio,10,713.0,713.0,0.5,0.5878388532739014,0.0096308166995492,0.5850157793562454,0.0077885615004625,1.3194444444444444,0.0327364250549327,0.0787148475646972,0.0116727601523829,0.1756777065478028,0.0192616333990986,1.2925602197647097,1.2138453722000122,0.5809493820379155,0.5947283245098873,0.5794441780994531,0.5905873806130376,1.2960262167051997,1.3428626721836894,0.0703646579781621,0.0870650371512323,0.1618987640758309,0.1894566490197747
adult_celltype__fibroblast,ZJU_HCL_adult_celltype,Fibroblast,trrust_dorothea_union,formal_abs,coexpression_probability,10,713.0,713.0,0.5,0.5170997838184468,0.0012072203928507,0.515643044705109,0.0009319003826188,1.0527777777777776,0.0276230257225487,0.0016379166394472,0.0002645638045989,0.0341995676368936,0.0024144407857015,0.0255380123853683,0.0239000957459211,0.5162361903734142,0.5179633772634794,0.5149764033307428,0.5163096860794752,1.0330174555638467,1.0725380999917085,0.0014486590947622,0.0018271741841321,0.0324723807468285,0.0359267545269588
adult_celltype__fibroblast,ZJU_HCL_adult_celltype,Fibroblast,trrust_dorothea_union,formal_abs,mutual_information,10,713.0,713.0,0.5,0.5728528883547187,0.0091951560427707,0.5713682277107662,0.0061775820441363,1.272222222222222,0.0315359006776414,0.0002185359364375,1.5525766443059472e-05,0.1457057767094374,0.0183903120855414,0.0005973871448077,0.0003788512083701,0.5662750699782111,0.5794307067312263,0.5669490517334047,0.5757874036881278,1.249662797887037,1.2947816465574074,0.0002074294721922,0.0002296424006827,0.1325501399564223,0.1588614134624526
adult_celltype__fibroblast,ZJU_HCL_adult_celltype,Fibroblast,trrust_dorothea_union,formal_abs,pearson,10,713.0,713.0,0.5,0.5755648947909885,0.0096359491594244,0.5769055040179966,0.0064291771839179,1.3555555555555556,0.0582671582316751,0.0077011870220303,0.0013649600617237,0.1511297895819768,0.0192718983188488,0.0349484086036682,0.0272472215816378,0.5686717520143864,0.5824580375675906,0.5723063477198881,0.581504660316105,1.3138737415242956,1.3972373695868157,0.0067247534155268,0.0086776206285338,0.1373435040287725,0.1649160751351811
adult_celltype__fibroblast,ZJU_HCL_adult_celltype,Fibroblast,trrust_dorothea_union,formal_abs,spearman,10,713.0,713.0,0.5,0.5766524906121341,0.0089957589160738,0.5753872130581722,0.0068794275522063,1.2944444444444445,0.0298602138825872,0.0073778541758656,0.001110280271812,0.1533049812242682,0.0179915178321478,0.03182203322649,0.0244441790506243,0.5702173123472362,0.583087668877032,0.570465967049701,0.5803084590666434,1.2730837342303147,1.3158051546585745,0.006583607515882,0.0081721008358492,0.1404346246944724,0.166175337754064
adult_celltype__loop_of_henle,ZJU_HCL_adult_celltype,Loop of Henle,dorothea_ab,formal_abs,codetection_odds_ratio,10,591.0,591.0,0.5,0.5926131109336036,0.0137161615658879,0.5814485379455291,0.0113168064079529,1.3,0.0993807989999906,0.1252105712890625,0.0195231625281059,0.1852262218672072,0.0274323231317758,1.4396756887435913,1.3144651174545288,0.5828011600342844,0.6024250618329228,0.5733529823282716,0.5895440935627866,1.2289072591162722,1.371092740883728,0.1112445421485474,0.1391766004295775,0.1656023200685688,0.2048501236658456
adult_celltype__loop_of_henle,ZJU_HCL_adult_celltype,Loop of Henle,dorothea_ab,formal_abs,coexpression_probability,10,591.0,591.0,0.5,0.5190079048101672,0.0033809785765964,0.5132542822506041,0.0019858120469145,0.9733333333333334,0.0378430808131697,0.0006177155300974,0.0003158583766396,0.0380158096203343,0.0067619571531928,0.0171328671276569,0.0165151515975594,0.5165892984365212,0.5214265111838132,0.51183371788892,0.5146748466122882,0.946262024131111,1.0004046425355555,0.0003917640590653,0.0008436670011296,0.0331785968730424,0.0428530223676262
adult_celltype__loop_of_henle,ZJU_HCL_adult_celltype,Loop of Henle,dorothea_ab,formal_abs,mutual_information,10,591.0,591.0,0.5,0.5762496385431787,0.0108770436213543,0.5646764689962523,0.0088966505705789,1.2366666666666668,0.0245954929124207,0.0003476835350738,4.376337678270539e-05,0.1524992770863574,0.0217540872427087,0.0008924579015001,0.0005447743664262,0.5684686702722954,0.5840306068140619,0.5583121885707418,0.5710407494217629,1.219072110956459,1.2542612223768743,0.0003163771012645,0.0003789899688831,0.1369373405445909,0.1680612136281238
adult_celltype__loop_of_henle,ZJU_HCL_adult_celltype,Loop of Henle,dorothea_ab,formal_abs,pearson,10,591.0,591.0,0.5,0.5691885616452084,0.0101251362822898,0.5644399539938478,0.0085459622930817,1.31,0.0567646212197547,0.0098149742931127,0.001353048258799,0.1383771232904166,0.0202502725645796,0.0461203083395957,0.036305334046483,0.5619454754819614,0.5764316478084553,0.5583265408494815,0.5705533671382141,1.2693930361966663,1.3506069638033336,0.0088470618770937,0.0107828867091317,0.1238909509639226,0.1528632956169106
adult_celltype__loop_of_henle,ZJU_HCL_adult_celltype,Loop of Henle,dorothea_ab,formal_abs,spearman,10,591.0,591.0,0.5,0.5795833440696746,0.0117777209975162,0.5696749786640882,0.009632098427673,1.2266666666666666,0.0378430808131697,0.0099949354305863,0.0014603096085373,0.1591666881393491,0.0235554419950324,0.0409633256494998,0.0309683902189135,0.5711580700177188,0.5880086181216304,0.5627845905350374,0.5765653667931391,1.1995953574644442,1.253737975868889,0.0089502928672902,0.0110395779938824,0.1423161400354374,0.1760172362432608
adult_celltype__loop_of_henle,ZJU_HCL_adult_celltype,Loop of Henle,trrust,formal_abs,codetection_odds_ratio,10,302.0,302.0,0.5,0.5774801543791939,0.0086258552110092,0.5748959723535559,0.0107880815698904,1.296774193548387,0.1029117085075733,0.1078145802021026,0.0095609078969892,0.1549603087583878,0.0172517104220185,1.4316558837890625,1.3238413035869598,0.5713095892842514,0.5836507194741364,0.5671786437005552,0.5826133010065567,1.2231555921641164,1.3703927949326575,0.1009751187108149,0.1146540416933903,0.1426191785685028,0.1673014389482727
adult_celltype__loop_of_henle,ZJU_HCL_adult_celltype,Loop of Henle,trrust,formal_abs,coexpression_probability,10,302.0,302.0,0.5,0.5147970483750712,0.0020184606110166,0.5203063344328086,0.0018040858414824,1.0709677419354835,0.0333159857738271,0.0009207452647387,0.0006305208930821,0.0295940967501425,0.0040369212220331,0.0226107221096754,0.0216899768449366,0.5133531286375872,0.5162409681125553,0.5190157691671728,0.5215968996984444,1.0471349214335588,1.0948005624374086,0.000469697789525,0.0013717927399524,0.0267062572751746,0.0324819362251104
adult_celltype__loop_of_henle,ZJU_HCL_adult_celltype,Loop of Henle,trrust,formal_abs,mutual_information,10,302.0,302.0,0.5,0.5527718082540239,0.0068949919728032,0.550599324701658,0.0059102437640996,1.2903225806451613,0.086021505376344,0.0003192273492459,4.7024188244844906e-05,0.1055436165080478,0.0137899839456065,0.0010250498307868,0.0007058224815409,0.5478394281297916,0.5577041883782563,0.5463713910091461,0.5548272583941698,1.2287865027137572,1.3518586585765653,0.0002855882714381,0.0003528664270536,0.0956788562595831,0.1154083767565125
adult_celltype__loop_of_henle,ZJU_HCL_adult_celltype,Loop of Henle,trrust,formal_abs,pearson,10,302.0,302.0,0.5,0.5497138283408622,0.0082740541202967,0.5540627132740562,0.0066708806015182,1.2451612903225806,0.0748065683050583,0.0075398840010166,0.0015700898818126,0.0994276566817245,0.0165481082405935,0.0477971080690622,0.0402572240680456,0.5437949265856826,0.5556327300960419,0.5492906527669751,0.5588347737811373,1.1916478950749445,1.298674685570217,0.0064167093610957,0.0086630586409375,0.0875898531713652,0.1112654601920837
adult_celltype__loop_of_henle,ZJU_HCL_adult_celltype,Loop of Henle,trrust,formal_abs,spearman,10,302.0,302.0,0.5,0.5625619490373228,0.0069513677348954,0.5571730384232603,0.0077487775180434,1.238709677419355,0.0849394307876622,0.006763475574553,0.0015343544652661,0.1251238980746458,0.0139027354697908,0.0419781375676393,0.0352146619930863,0.5575892401223494,0.5675346579522962,0.5516298969130379,0.5627161799334827,1.1779476690177202,1.2994716858209896,0.0056658645116456,0.0078610866374603,0.1151784802446991,0.1350693159045925
adult_celltype__loop_of_henle,ZJU_HCL_adult_celltype,Loop of Henle,trrust_dorothea_intersection,formal_abs,codetection_odds_ratio,10,141.0,141.0,0.5,0.5848649464312661,0.0249263040968858,0.5793824264972484,0.0305090855128294,1.3866666666666667,0.2103495033990974,0.1170334577560424,0.0374112182464967,0.169729892862532,0.0498526081937715,1.4339518547058103,1.316918396949768,0.567033742655685,0.6026961502068472,0.5575575414813483,0.6012073115131484,1.2361916967464284,1.537141636586905,0.0902710844233121,0.1437958310887728,0.1340674853113697,0.2053923004136943
adult_celltype__loop_of_henle,ZJU_HCL_adult_celltype,Loop of Henle,trrust_dorothea_intersection,formal_abs,coexpression_probability,10,141.0,141.0,0.5,0.5131708666566068,0.0049292446797219,0.5186454952080977,0.0037422331785783,0.92,0.0421637021355783,0.0010839164257049,0.0008242255433662,0.0263417333132136,0.0098584893594438,0.0217948723584413,0.0207109559327363,0.5096446974338378,0.5166970358793759,0.5159684628601168,0.5213225275560786,0.8898379044967867,0.9501620955032132,0.0004943009911954,0.0016735318602144,0.0192893948676755,0.0333940717587517
adult_celltype__loop_of_henle,ZJU_HCL_adult_celltype,Loop of Henle,trrust_dorothea_intersection,formal_abs,mutual_information,10,141.0,141.0,0.5,0.5536140033197525,0.0169260413776362,0.5606567515873719,0.0207668447505835,1.44,0.1225248777963575,0.0003497730067465,0.0001117572354772,0.107228006639505,0.0338520827552723,0.0012139597674831,0.0008641867607366,0.5415058427298215,0.5657221639096836,0.5458010457801971,0.5755124573945468,1.3523509825173805,1.5276490174826194,0.0002698266965577,0.0004297193169353,0.0830116854596429,0.1314443278193671
adult_celltype__loop_of_henle,ZJU_HCL_adult_celltype,Loop of Henle,trrust_dorothea_intersection,formal_abs,pearson,10,141.0,141.0,0.5,0.5542930436094764,0.0174962215829707,0.5663027980462063,0.0234315188552453,1.3733333333333335,0.1992578824129768,0.0074212182313203,0.0025773554568156,0.1085860872189527,0.0349924431659414,0.0508833937346935,0.0434621755033731,0.5417770006720218,0.566809086546931,0.5495408992161487,0.5830646968762639,1.230792831083725,1.515873835582942,0.0055774892061927,0.009264947256448,0.0835540013440436,0.1336181730938619
adult_celltype__loop_of_henle,ZJU_HCL_adult_celltype,Loop of Henle,trrust_dorothea_intersection,formal_abs,spearman,10,141.0,141.0,0.5,0.5673306171721745,0.0191474569944915,0.5733609267639601,0.0248815760379417,1.413333333333333,0.1799862820561475,0.007318016514182,0.0029627119458765,0.1346612343443489,0.0382949139889829,0.0459783896803855,0.0386603731662035,0.5536333515797351,0.5810278827646138,0.5555617195142345,0.5911601340136857,1.2845789034877406,1.542087763178926,0.0051986200633511,0.009437412965013,0.1072667031594701,0.1620557655292276
adult_celltype__loop_of_henle,ZJU_HCL_adult_celltype,Loop of Henle,trrust_dorothea_union,formal_abs,codetection_odds_ratio,10,752.0,752.0,0.5,0.587711139090086,0.0062141459880669,0.5813728698966177,0.0082818716132892,1.2789473684210528,0.0796267067923524,0.1207628011703491,0.0073926402850395,0.175422278180172,0.0124282919761339,1.4351056218147278,1.3143428206443786,0.5832658068429248,0.5921564713372471,0.5754483758438387,0.5872973639493968,1.221985853818883,1.3359088830232226,0.1154744248892229,0.1260511774514753,0.1665316136858496,0.1843129426744944
adult_celltype__loop_of_henle,ZJU_HCL_adult_celltype,Loop of Henle,trrust_dorothea_union,formal_abs,coexpression_probability,10,752.0,752.0,0.5,0.5184956251414667,0.0017718588950017,0.5158910814221718,0.0012353472207316,1.0342105263157897,0.0177618041502777,0.001013985928148,0.0002565279269647,0.0369912502829334,0.0035437177900033,0.018414918333292,0.0174009324051439,0.5172281136445538,0.5197631366383797,0.515007367256572,0.5167747955877715,1.0215044970547114,1.0469165555768676,0.000830476904024,0.0011974949522719,0.0344562272891075,0.0395262732767593
adult_celltype__loop_of_henle,ZJU_HCL_adult_celltype,Loop of Henle,trrust_dorothea_union,formal_abs,mutual_information,10,752.0,752.0,0.5,0.5693270074128565,0.0052145131527395,0.561032401974957,0.0045127440608668,1.2421052631578946,0.0426138870227758,0.0003107662894763,3.504230018238027e-05,0.138654014825713,0.0104290263054789,0.0008822859381325,0.0005715196486562,0.5655967694178637,0.5730572454078492,0.5578041793462194,0.5642606246036945,1.2116211247866693,1.27258940152912,0.0002856985380403,0.0003358340409122,0.1311935388357275,0.1461144908156984
adult_celltype__loop_of_henle,ZJU_HCL_adult_celltype,Loop of Henle,trrust_dorothea_union,formal_abs,pearson,10,752.0,752.0,0.5,0.5633855817111815,0.0045808760095736,0.5627424645076913,0.0047136629325047,1.2710526315789474,0.0464995027392932,0.0086737556383013,0.0006248131836143,0.126771163422363,0.0091617520191473,0.0455768406391143,0.036903085000813,0.5601086204224205,0.5666625429999425,0.5593705131765914,0.5661144158387912,1.2377888911710335,1.3043163719868611,0.0082267912124726,0.00912072006413,0.1202172408448411,0.133325085999885
adult_celltype__loop_of_henle,ZJU_HCL_adult_celltype,Loop of Henle,trrust_dorothea_union,formal_abs,spearman,10,752.0,752.0,0.5,0.572419823732458,0.0048221805400618,0.5656150419841269,0.00506235678733,1.2131578947368422,0.0230419746255504,0.0086953254416584,0.0008273583412122,0.1448396474649162,0.0096443610801237,0.040364833548665,0.0316695081070065,0.5689702435813747,0.5758694038835414,0.5619936500959145,0.5692364338723394,1.1966746590616708,1.2296411304120136,0.0081034689385748,0.0092871819447421,0.1379404871627495,0.1517388077670829
adult_celltype__smooth_muscle_cell,ZJU_HCL_adult_celltype,Smooth muscle cell,dorothea_ab,formal_abs,codetection_odds_ratio,10,592.0,592.0,0.5,0.5831821528031409,0.0055631186720108,0.5528656563934506,0.0053171554571134,1.19,0.0498144706032441,0.1718545019626617,0.0224634994373976,0.1663643056062819,0.0111262373440216,1.5725980401039124,1.4007435381412503,0.5792025374424843,0.5871617681637975,0.5490619925171811,0.5566693202697202,1.1543648744375978,1.225635125562402,0.1557850825082576,0.1879239214170659,0.1584050748849687,0.1743235363275952
adult_celltype__smooth_muscle_cell,ZJU_HCL_adult_celltype,Smooth muscle cell,dorothea_ab,formal_abs,coexpression_probability,10,592.0,592.0,0.5,0.5288344879930607,0.0020426872788693,0.5170149026729474,0.0016669609213818,1.096666666666667,0.0331476308670584,0.0011292348615825,0.000431411158353,0.0576689759861212,0.0040853745577387,0.0213299877941608,0.0202007529325783,0.52737323754142,0.5302957384447013,0.5158224306658837,0.518207374680011,1.07295428000995,1.1203790533233835,0.0008206219101496,0.0014378478130153,0.0547464750828398,0.0605914768894025
adult_celltype__smooth_muscle_cell,ZJU_HCL_adult_celltype,Smooth muscle cell,dorothea_ab,formal_abs,mutual_information,10,592.0,592.0,0.5,0.5293694930149744,0.0069688947041704,0.5190328159916838,0.0062910825514852,0.9166666666666669,0.0689426313666158,0.000218411674723,5.1278036299219584e-05,0.0587389860299488,0.0139377894083409,0.0013032138813287,0.0010848022066056,0.5243842460614897,0.5343547399684591,0.5145324466425611,0.5235331853408065,0.8673480792040157,0.9659852541293178,0.0001817295773326,0.0002550937721133,0.0487684921229795,0.0687094799369181
adult_celltype__smooth_muscle_cell,ZJU_HCL_adult_celltype,Smooth muscle cell,dorothea_ab,formal_abs,pearson,10,592.0,592.0,0.5,0.537472607742878,0.0047871339509723,0.5268731743399137,0.0048772378904744,1.0666666666666669,0.0314269680527354,0.0075854441151022,0.0008469155576525,0.074945215485756,0.0095742679019445,0.0519636329263448,0.0443781888112425,0.5340480984113299,0.540897117074426,0.5233842085329892,0.5303621401468381,1.0441851680369916,1.0891481652963422,0.0069795972221768,0.0081912910080277,0.0680961968226599,0.0817942341488521
adult_celltype__smooth_muscle_cell,ZJU_HCL_adult_celltype,Smooth muscle cell,dorothea_ab,formal_abs,spearman,10,592.0,592.0,0.5,0.5378195763330899,0.007168721232175,0.5257106817801203,0.0060345933920686,0.9833333333333334,0.0503076952118745,0.0071259060874581,0.0013869609708195,0.0756391526661797,0.0143374424643501,0.0538311805576086,0.0467052744701504,0.5326913820928045,0.5429477705733752,0.5213937937224882,0.5300275698377523,0.9473453761409618,1.019321290525705,0.0061337339786956,0.0081180781962206,0.0653827641856091,0.0858955411467502
adult_celltype__smooth_muscle_cell,ZJU_HCL_adult_celltype,Smooth muscle cell,trrust,formal_abs,codetection_odds_ratio,10,393.0,393.0,0.5,0.5466435522405454,0.0135797552232558,0.5334215830477975,0.0116138875378196,1.08,0.034960294939005,0.1055966019630432,0.026725181307844,0.0932871044810908,0.0271595104465117,1.4571717977523804,1.3515751957893372,0.5369291805604438,0.556357923920647,0.5251135083926617,0.5417296577029334,1.054990911581244,1.105009088418756,0.0864785589516423,0.124714644974444,0.0738583611208876,0.112715847841294
adult_celltype__smooth_muscle_cell,ZJU_HCL_adult_celltype,Smooth muscle cell,trrust,formal_abs,coexpression_probability,10,393.0,393.0,0.5,0.5250937202571723,0.0042865588153895,0.518670394544961,0.0032559700449163,1.15,0.0408248290463862,0.0015959857031702,0.0005138949577886,0.0501874405143445,0.0085731176307791,0.0192722715437412,0.0176762858405709,0.5220273008058115,0.528160139708533,0.5163412138877553,0.5209995752021667,1.1207956766073344,1.1792043233926657,0.0012283673961819,0.0019636040101586,0.0440546016116229,0.0563202794170661
adult_celltype__smooth_muscle_cell,ZJU_HCL_adult_celltype,Smooth muscle cell,trrust,formal_abs,mutual_information,10,393.0,393.0,0.5,0.4871481848377134,0.0075855042695733,0.5067329349480756,0.0069052654536922,1.11,0.0316227766016837,-0.0001273350266274,5.749232984144248e-05,-0.0257036303245731,0.0151710085391466,0.0008624388137832,0.0009897738404106,0.4817218419733414,0.4925745277020854,0.5017932056183411,0.5116726642778101,1.0873784283725902,1.13262157162741,-0.0001684625618187,-8.620749143602746e-05,-0.0365563160533171,-0.0148509445958291
adult_celltype__smooth_muscle_cell,ZJU_HCL_adult_celltype,Smooth muscle cell,trrust,formal_abs,pearson,10,393.0,393.0,0.5,0.4988575516837273,0.0082100247291688,0.5139229740333021,0.0088613116548278,1.07,0.071492035298424,-0.0001073461025953,0.001539419391603,-0.0022848966325453,0.0164200494583378,0.0447146818041801,0.0448220279067754,0.492984453795675,0.5047306495717797,0.507583973545223,0.5202619745213812,1.0188576788286674,1.1211423211713327,-0.0012085803955358,0.0009938881903452,-0.0140310924086501,0.0094612991435593
adult_celltype__smooth_muscle_cell,ZJU_HCL_adult_celltype,Smooth muscle cell,trrust,formal_abs,spearman,10,393.0,393.0,0.5,0.4915451055040822,0.0079842606308681,0.5113949400374045,0.0077612359156241,1.115,0.0337474278855275,-0.0008041348308324,0.0014212854094067,-0.0169097889918354,0.0159685212617364,0.0442497879266738,0.0450539227575063,0.4858335095228654,0.497256701485299,0.5058428863264356,0.5169469937483734,1.0908585444039514,1.1391414555960486,-0.0018208611637812,0.0002125915021162,-0.0283329809542691,-0.0054865970294018
adult_celltype__smooth_muscle_cell,ZJU_HCL_adult_celltype,Smooth muscle cell,trrust_dorothea_intersection,formal_abs,codetection_odds_ratio,10,192.0,192.0,0.5,0.5728108723958334,0.0126772712210572,0.5395678517864309,0.0145219939708891,1.11,0.1663329993316619,0.1627605974674225,0.0328301177628731,0.1456217447916666,0.0253545424421144,1.5830839276313782,1.4203233301639555,0.5637420988792163,0.5818796459124504,0.5291794431111537,0.549956260461708,0.991012540240291,1.2289874597597088,0.1392753460025149,0.18624584893233,0.1274841977584325,0.1637592918249008
adult_celltype__smooth_muscle_cell,ZJU_HCL_adult_celltype,Smooth muscle cell,trrust_dorothea_intersection,formal_abs,coexpression_probability,10,192.0,192.0,0.5,0.5297593858506945,0.0047432134304246,0.5232660771583263,0.0036949599983327,1.16,0.0843274042711567,0.0013149310834705,0.0008693821388986,0.0595187717013889,0.0094864268608493,0.0207026349380612,0.0193877038545906,0.5263662953668332,0.5331524763345558,0.5206228620063005,0.5259092923103521,1.0996758089935734,1.2203241910064264,0.0006930125664976,0.0019368496004435,0.0527325907336663,0.0663049526691115
adult_celltype__smooth_muscle_cell,ZJU_HCL_adult_celltype,Smooth muscle cell,trrust_dorothea_intersection,formal_abs,mutual_information,10,192.0,192.0,0.5,0.5171956380208333,0.0094411148692995,0.5109650579149224,0.0078739054421031,0.99,0.0316227766016838,0.0001521208090707,0.0001181477862312,0.0343912760416666,0.0188822297385991,0.001432133372873,0.0012800125638023,0.5104418712991884,0.5239494047424783,0.5053324052800964,0.5165977105497485,0.96737842837259,1.0126215716274098,6.760297426720271e-05,0.0002366386438743,0.0208837425983767,0.0478988094849566
adult_celltype__smooth_muscle_cell,ZJU_HCL_adult_celltype,Smooth muscle cell,trrust_dorothea_intersection,formal_abs,pearson,10,192.0,192.0,0.5,0.5356255425347223,0.0078244770271491,0.5197540936878635,0.0081473545797738,0.79,0.1197218999737865,0.0090996801853179,0.0039099139070799,0.0712510850694444,0.0156489540542983,0.0593560393899679,0.0502563592046499,0.5300282488578839,0.5412228362115606,0.513925827323978,0.5255823600517491,0.7043561120599888,0.8756438879400112,0.0063026962702083,0.0118966641004276,0.0600564977157676,0.0824456724231212
adult_celltype__smooth_muscle_cell,ZJU_HCL_adult_celltype,Smooth muscle cell,trrust_dorothea_intersection,formal_abs,spearman,10,192.0,192.0,0.5,0.526638454861111,0.0088948972618369,0.5180974898096513,0.0094709336979995,0.99,0.0994428926011753,0.0055161671712994,0.0041782775803806,0.0532769097222221,0.0177897945236737,0.0555298533290624,0.050013686157763,0.5202754286771174,0.5330014810451047,0.5113223919829684,0.5248725876363343,0.9188628400298492,1.061137159970151,0.0025272074491873,0.0085051268934115,0.0405508573542348,0.0660029620902094
adult_celltype__smooth_muscle_cell,ZJU_HCL_adult_celltype,Smooth muscle cell,trrust_dorothea_union,formal_abs,codetection_odds_ratio,10,793.0,793.0,0.5,0.5704906901338795,0.0048631887723405,0.5491937257377734,0.0061056427000242,1.1825,0.0472140515807176,0.1477983474731445,0.0200452917225206,0.140981380267759,0.0097263775446811,1.5169076919555664,1.3691093444824218,0.5670117744606347,0.5739696058071244,0.5448260120670322,0.5535614394085145,1.1487251021437326,1.2162748978562672,0.1334588096076054,0.1621378853386835,0.1340235489212693,0.1479392116142487
adult_celltype__smooth_muscle_cell,ZJU_HCL_adult_celltype,Smooth muscle cell,trrust_dorothea_union,formal_abs,coexpression_probability,10,793.0,793.0,0.5,0.5283949724019598,0.0021172878113344,0.5175788664431795,0.0015863284513154,1.0575,0.0264837476367844,0.0011994989588856,0.000237121305272,0.0567899448039195,0.0042345756226689,0.0201254710555076,0.0189259720966219,0.5268803559442324,0.5299095888596871,0.5164440754304219,0.5187136574559371,1.038554668232521,1.0764453317674787,0.0010298725956108,0.0013691253221604,0.0537607118884648,0.0598191777193741
adult_celltype__smooth_muscle_cell,ZJU_HCL_adult_celltype,Smooth muscle cell,trrust_dorothea_union,formal_abs,mutual_information,10,793.0,793.0,0.5,0.5102854580352358,0.0055734055896497,0.5151399447836053,0.0042255655086842,0.9774999999999998,0.0362284418654735,9.148454992100596e-05,5.864689097516463e-05,0.0205709160704716,0.0111468111792995,0.0010942338267341,0.0010027492768131,0.5062984838570053,0.5142724322134664,0.512117157315413,0.5181627322517975,0.951583733919632,1.0034162660803676,4.953109144927438e-05,0.0001334380083927,0.0125969677140103,0.0285448644269328
adult_celltype__smooth_muscle_cell,ZJU_HCL_adult_celltype,Smooth muscle cell,trrust_dorothea_union,formal_abs,pearson,10,793.0,793.0,0.5,0.5181057773805795,0.0043792746679274,0.522685734172495,0.0041836380223894,1.05,0.0589255650988789,0.004272462055087,0.0010361577497747,0.0362115547611588,0.0087585493358549,0.047466829419136,0.0431943673640489,0.5149730330038145,0.5212385217573445,0.5196929398211729,0.525678528523817,1.007847190069359,1.092152809930641,0.0035312394531294,0.0050136846570447,0.0299460660076287,0.042477043514689
adult_celltype__smooth_muscle_cell,ZJU_HCL_adult_celltype,Smooth muscle cell,trrust_dorothea_union,formal_abs,spearman,10,793.0,793.0,0.5,0.5166052581780364,0.0053130895059693,0.5209554719830959,0.0043172755263723,1.0625,0.0460223375716136,0.0031448855996131,0.0009580997668636,0.0332105163560727,0.0106261790119387,0.0485231913626194,0.0453783057630062,0.5128045029079971,0.5204060134480757,0.5178670791204054,0.5240438648457864,1.0295776029900656,1.0954223970099344,0.0024595023147957,0.0038302688844306,0.0256090058159941,0.0408120268961514
