tf,target,mode,weight,confidence
AHR,CYP1A1,Activation,1.0,A
AHR,CYP1A2,Activation,1.0,A
AHR,CYP1B1,Activation,1.0,A
AHR,FOS,Activation,1.0,A
AHR,MYC,Activation,1.0,A
AHR,UGT1A6,Activation,1.0,A
AR,AKR1C3,Repression,-1.0,A
AR,AKT1,Activation,1.0,A
AR,CDC6,Activation,1.0,A
AR,CDH2,Activation,1.0,A
AR,CDKN1A,Activation,1.0,A
AR,CRISP1,Activation,1.0,A
AR,EGFR,Repression,-1.0,A
AR,ERBB3,Activation,1.0,A
AR,FOXA1,Activation,1.0,A
AR,GTF2F1,Activation,1.0,A
AR,IGF1R,Activation,1.0,A
AR,IGFBP3,Activation,1.0,A
AR,JUN,Activation,1.0,A
AR,KLF5,Activation,1.0,A
AR,KLK2,Activation,1.0,A
AR,KLK3,Activation,1.0,A
AR,KLK4,Activation,1.0,A
AR,MED1,Activation,1.0,A
AR,MID1,Activation,0.5,B
AR,MUC1,Repression,-1.0,A
AR,MYC,Activation,1.0,A
AR,NDRG1,Activation,1.0,A
AR,NKX3-1,Activation,1.0,A
AR,PIGR,Activation,1.0,A
AR,PMEPA1,Activation,1.0,A
AR,PNRC1,Activation,1.0,A
AR,PTGS2,Repression,-1.0,A
AR,RELA,Repression,-1.0,A
AR,SERPINB5,Repression,-1.0,A
AR,TMPRSS2,Activation,1.0,A
AR,TRPS1,Activation,1.0,A
AR,UGT2B15,Activation,1.0,A
AR,VEGFA,Activation,1.0,A
ARNT,BHLHE40,Activation,1.0,A
ARNT,CYP1B1,Activation,1.0,A
ARNT,EPO,Activation,1.0,A
ARNT,ESR1,Activation,0.5,B
ARNT,UGT1A6,Activation,1.0,A
ARNT,VEGFA,Activation,1.0,A
ASCL1,PCSK6,Repression,-1.0,A
ATF1,BCL2,Activation,1.0,A
ATF1,CCNA1,Repression,-1.0,A
ATF1,CFTR,Activation,1.0,A
ATF1,CGA,Activation,1.0,A
ATF1,CYP11B1,Activation,1.0,A
ATF1,CYP11B2,Activation,1.0,A
ATF1,ERBB2,Activation,1.0,A
ATF1,FLT1,Activation,1.0,A
ATF1,IL10,Activation,1.0,A
ATF1,LDHA,Activation,1.0,A
ATF1,MAP1LC3B,Activation,1.0,A
ATF1,NTS,Activation,1.0,A
ATF1,PCSK1,Activation,1.0,A
ATF1,PLAUR,Activation,1.0,A
ATF1,SLC20A1,Activation,1.0,A
ATF1,TGFB2,Activation,1.0,A
ATF1,TH,Activation,1.0,A
ATF1,TOP2A,Activation,1.0,A
ATF2,APOC3,Activation,1.0,A
ATF2,ATF3,Activation,1.0,A
ATF2,CCND1,Activation,1.0,A
ATF2,CDKN1A,Activation,1.0,A
ATF2,CYP11B1,Activation,1.0,A
ATF2,CYP11B2,Activation,1.0,A
ATF2,DUSP1,Activation,1.0,A
ATF2,DUSP10,Activation,0.5,B
ATF2,FN1,Activation,1.0,A
ATF2,IFNB1,Activation,1.0,A
ATF2,IFNG,Activation,1.0,A
ATF2,IMPDH2,Activation,1.0,A
ATF2,INS,Activation,1.0,A
ATF2,JUN,Activation,1.0,A
ATF2,MMP2,Activation,1.0,A
ATF2,NOS3,Repression,-1.0,A
ATF2,PCK1,Activation,1.0,A
ATF2,PCK2,Activation,1.0,A
ATF2,PLAT,Activation,1.0,A
ATF2,PTGS2,Activation,1.0,A
ATF2,TGFB2,Activation,1.0,A
ATF2,TNF,Activation,1.0,A
ATF3,ASNS,Activation,1.0,A
ATF3,CCL5,Activation,1.0,A
ATF3,DDIT3,Activation,1.0,A
ATF3,GDF15,Activation,1.0,A
ATF3,ID1,Repression,-1.0,A
ATF3,LDLR,Repression,-1.0,A
ATF3,SELE,Repression,-1.0,A
ATF4,ASNS,Activation,1.0,A
ATF4,ATF3,Activation,1.0,A
ATF4,CEBPB,Activation,1.0,A
ATF4,CHAC1,Activation,1.0,A
ATF4,CXCL8,Activation,1.0,A
ATF4,DDIT3,Activation,1.0,A
ATF4,DDIT4,Activation,1.0,A
ATF4,DDR2,Activation,1.0,A
ATF4,DISC1,Activation,1.0,A
ATF4,F7,Activation,0.5,B
ATF4,FGF21,Activation,1.0,A
ATF4,HRK,Activation,1.0,A
ATF4,MCL1,Activation,1.0,A
ATF4,NUPR1,Activation,1.0,A
ATF4,PTGS2,Activation,1.0,A
ATF4,S100P,Activation,0.5,B
ATF4,TNFRSF10B,Activation,0.5,B
ATF4,TRIB3,Activation,1.0,A
ATF4,VEGFA,Activation,1.0,A
ATF5,DISC1,Activation,1.0,A
ATF6,ATP2A2,Activation,1.0,A
ATF6,DDIT3,Activation,1.0,A
ATF6,DNAJC3,Activation,1.0,A
ATF6,HSPA5,Activation,1.0,A
ATF6,RTN3,Activation,1.0,A
ATF6,SRF,Activation,1.0,A
ATF6,XBP1,Activation,1.0,A
ATOH1,HES6,Activation,1.0,A
BACH1,HMOX1,Repression,-1.0,A
BACH2,IL2,Activation,1.0,A
BCL6,CCND2,Repression,-1.0,A
BCL6,HDAC7,Repression,-1.0,A
BCL6,IRF4,Repression,-1.0,A
BCL6,LITAF,Repression,-1.0,A
CDX1,DSC2,Activation,1.0,A
CDX1,PPARG,Activation,1.0,A
CDX2,ABCB1,Activation,1.0,A
CDX2,AXIN2,Activation,1.0,A
CDX2,CDH17,Activation,1.0,A
CDX2,CFTR,Activation,1.0,A
CDX2,DSC2,Activation,1.0,A
CDX2,GUCY2C,Activation,1.0,A
CDX2,KLF4,Activation,1.0,A
CDX2,LCT,Activation,1.0,A
CDX2,MEP1A,Activation,1.0,A
CDX2,MUC2,Activation,1.0,A
CDX2,REG4,Activation,1.0,A
CDX2,SLC15A1,Activation,1.0,A
CDX2,SLC9A2,Activation,1.0,A
CDX2,UGT1A10,Activation,1.0,A
CDX2,UGT1A8,Activation,1.0,A
CEBPA,AFP,Activation,1.0,A
CEBPA,ALB,Activation,1.0,A
CEBPA,BCL2,Activation,1.0,A
CEBPA,CRMP1,Activation,1.0,A
CEBPA,CSF1,Activation,1.0,A
CEBPA,CSF3R,Activation,1.0,A
CEBPA,CXCR2,Activation,1.0,A
CEBPA,CYP3A4,Activation,1.0,A
CEBPA,DEFA3,Activation,1.0,A
CEBPA,ELANE,Activation,1.0,A
CEBPA,F9,Activation,1.0,A
CEBPA,FN1,Activation,1.0,A
CEBPA,GAPDH,Activation,1.0,A
CEBPA,HAMP,Activation,1.0,A
CEBPA,HOMER3,Activation,1.0,A
CEBPA,HSD17B11,Activation,1.0,A
CEBPA,HSPA4,Activation,1.0,A
CEBPA,ICAM1,Activation,1.0,A
CEBPA,ID1,Activation,1.0,A
CEBPA,IGF1,Activation,1.0,A
CEBPA,IGF2,Activation,1.0,A
CEBPA,IL10,Activation,1.0,A
CEBPA,IL3,Activation,1.0,A
CEBPA,IL5,Activation,1.0,A
CEBPA,IL6,Activation,1.0,A
CEBPA,INSR,Activation,1.0,A
CEBPA,ITGAX,Activation,1.0,A
CEBPA,LEP,Activation,1.0,A
CEBPA,MAD1L1,Activation,1.0,A
CEBPA,MSR1,Activation,1.0,A
CEBPA,MYC,Repression,-1.0,A
CEBPA,PCK1,Activation,1.0,A
CEBPA,PCK2,Activation,1.0,A
CEBPA,S100A9,Activation,1.0,A
CEBPA,SAA1,Activation,1.0,A
CEBPA,SERPINC1,Activation,1.0,A
CEBPA,SFTPD,Activation,1.0,A
CEBPA,SLC10A1,Activation,1.0,A
CEBPA,SOCS3,Activation,1.0,A
CEBPA,SPI1,Activation,1.0,A
CEBPA,SPP1,Activation,1.0,A
CEBPA,STAR,Activation,1.0,A
CEBPA,STAT3,Activation,1.0,A
CEBPA,VLDLR,Activation,1.0,A
CEBPB,ABCB1,Activation,1.0,A
CEBPB,ADM,Activation,1.0,A
CEBPB,ALB,Activation,1.0,A
CEBPB,ASNS,Repression,-1.0,A
CEBPB,BCL2L1,Activation,1.0,A
CEBPB,CDKN1A,Activation,1.0,A
CEBPB,CRP,Activation,1.0,A
CEBPB,CSF3R,Activation,1.0,A
CEBPB,CSH2,Activation,1.0,A
CEBPB,CSRP1,Activation,1.0,A
CEBPB,CXCL8,Activation,1.0,A
CEBPB,CYP19A1,Repression,-1.0,A
CEBPB,F8,Activation,1.0,A
CEBPB,FASLG,Activation,1.0,A
CEBPB,FURIN,Activation,1.0,A
CEBPB,GADD45G,Activation,1.0,A
CEBPB,GFER,Repression,-1.0,A
CEBPB,HP,Activation,1.0,A
CEBPB,IL10,Activation,1.0,A
CEBPB,IL1B,Activation,1.0,A
CEBPB,IL24,Activation,1.0,A
CEBPB,IL3,Activation,1.0,A
CEBPB,IL4,Activation,1.0,A
CEBPB,IL5,Activation,1.0,A
CEBPB,IL6,Repression,-1.0,A
CEBPB,INSR,Activation,1.0,A
CEBPB,MAD1L1,Activation,0.5,B
CEBPB,PRL,Activation,1.0,A
CEBPB,PTGS2,Activation,1.0,A
CEBPB,S100A9,Activation,1.0,A
CEBPB,SAA1,Activation,1.0,A
CEBPB,SAA2,Activation,1.0,A
CEBPB,SFTPD,Activation,1.0,A
CEBPB,SLC10A1,Activation,1.0,A
CEBPB,SLC19A1,Activation,1.0,A
CEBPB,STAR,Activation,1.0,A
CEBPB,TNF,Activation,1.0,A
CEBPB,TNFAIP6,Activation,1.0,A
CEBPB,TOP1,Activation,1.0,A
CEBPB,XBP1,Activation,1.0,A
CEBPD,C3,Activation,1.0,A
CEBPD,CYP19A1,Repression,-1.0,A
CEBPD,GADD45G,Activation,1.0,A
CEBPD,GAPDH,Activation,1.0,A
CEBPD,POU5F1,Activation,1.0,A
CEBPD,PTGS2,Activation,1.0,A
CEBPD,TNF,Activation,1.0,A
CEBPE,CTSG,Activation,1.0,A
CEBPE,GATA1,Repression,-1.0,A
CEBPE,LTF,Activation,1.0,A
CEBPE,MYC,Repression,-1.0,A
CEBPE,SPI1,Repression,-1.0,A
CEBPG,SFTPD,Activation,1.0,A
CEBPZ,COL11A1,Repression,-1.0,A
CEBPZ,MLH1,Repression,-1.0,A
CEBPZ,SOX9,Activation,1.0,A
CLOCK,BHLHE40,Activation,1.0,A
CLOCK,BHLHE41,Activation,1.0,A
CLOCK,CRY1,Activation,1.0,A
CLOCK,CRY2,Activation,1.0,A
CLOCK,PER1,Activation,1.0,A
CLOCK,PER2,Activation,1.0,A
CLOCK,PER3,Activation,1.0,A
CREB1,ADRA1A,Activation,1.0,A
CREB1,AQP3,Activation,1.0,A
CREB1,BCL2,Activation,1.0,A
CREB1,BDKRB1,Activation,1.0,A
CREB1,BDNF,Activation,1.0,A
CREB1,CCL5,Activation,1.0,A
CREB1,CD4,Activation,1.0,A
CREB1,CGA,Activation,1.0,A
CREB1,CXCR4,Activation,1.0,A
CREB1,CYP11A1,Activation,1.0,A
CREB1,CYP11B1,Activation,1.0,A
CREB1,CYP11B2,Activation,1.0,A
CREB1,CYP17A1,Activation,1.0,A
CREB1,CYP19A1,Activation,1.0,A
CREB1,ERBB2,Activation,1.0,A
CREB1,ETV3,Activation,1.0,A
CREB1,FLT1,Activation,1.0,A
CREB1,FOS,Activation,1.0,A
CREB1,HLA-DOB,Activation,1.0,A
CREB1,HLA-DQB1,Activation,1.0,A
CREB1,HMOX1,Activation,1.0,A
CREB1,HPGD,Activation,1.0,A
CREB1,IFNG,Activation,1.0,A
CREB1,IL10,Activation,1.0,A
CREB1,IL2,Activation,1.0,A
CREB1,IL5RA,Activation,1.0,A
CREB1,IL6,Activation,1.0,A
CREB1,JUN,Repression,-1.0,A
CREB1,MITF,Activation,1.0,A
CREB1,MSMB,Activation,1.0,A
CREB1,MUC4,Activation,1.0,A
CREB1,MUC5AC,Activation,1.0,A
CREB1,NF1,Activation,1.0,A
CREB1,NOLC1,Activation,1.0,A
CREB1,NPY,Activation,1.0,A
CREB1,NR4A3,Activation,1.0,A
CREB1,NTS,Activation,1.0,A
CREB1,ODC1,Activation,1.0,A
CREB1,PCSK1,Activation,1.0,A
CREB1,PLAT,Repression,-1.0,A
CREB1,POLD2,Activation,1.0,A
CREB1,PPP2CA,Activation,1.0,A
CREB1,PSEN1,Activation,1.0,A
CREB1,PTGS2,Activation,1.0,A
CREB1,RRM2B,Activation,1.0,A
CREB1,SLC19A1,Activation,1.0,A
CREB1,SLC20A1,Activation,1.0,A
CREB1,SOX9,Activation,0.5,B
CREB1,SPRY2,Activation,1.0,A
CREB1,TH,Activation,1.0,A
CREB1,TRH,Activation,1.0,A
CREB1,UXT,Activation,1.0,A
CREB1,VIP,Activation,1.0,A
CREB3L1,SLC1A4,Repression,-1.0,A
CREM,CCNA2,Repression,-1.0,A
CREM,CD247,Repression,-1.0,A
CREM,DUSP1,Repression,-1.0,A
CREM,FOS,Repression,-1.0,A
CREM,IL2,Activation,1.0,A
CTCF,ANG,Activation,1.0,A
CTCF,APP,Activation,1.0,A
CTCF,ASAP2,Activation,1.0,A
CTCF,ATXN7,Activation,1.0,A
CTCF,BBC3,Activation,1.0,A
CTCF,BCL6,Repression,-1.0,A
CTCF,CCND1,Activation,1.0,A
CTCF,CELSR3,Repression,-1.0,A
CTCF,CSF2,Activation,1.0,A
CTCF,DMPK,Activation,1.0,A
CTCF,ETNK2,Activation,1.0,A
CTCF,PBXIP1,Activation,1.0,A
CTCF,IGF2,Repression,-1.0,A
CTCF,IPO13,Activation,1.0,A
CTCF,IRAK2,Activation,1.0,A
CTCF,MYC,Repression,-1.0,A
CTCF,NF1,Activation,1.0,A
CTCF,PTPRG,Activation,1.0,A
CTCF,RAD21,Activation,1.0,A
CTCF,RARRES1,Activation,1.0,A
CTCF,RBL2,Activation,1.0,A
CTCF,SIX5,Activation,1.0,A
CTCF,SLC6A4,Activation,1.0,A
CTCF,TERT,Repression,-1.0,A
CTCF,WT1,Activation,1.0,A
CUX1,ECT2,Activation,1.0,A
CUX1,FTO,Activation,0.5,B
CUX1,RACGAP1,Activation,1.0,A
DDIT3,ASNS,Repression,-1.0,A
DDIT3,CXCL8,Activation,1.0,A
DDIT3,TNFRSF10B,Activation,1.0,A
DDIT3,TRIB3,Activation,1.0,A
DNMT1,ESR1,Repression,-1.0,A
DNMT1,MSH2,Activation,1.0,A
DNMT1,SFRP5,Activation,1.0,A
DNMT1,TIMP3,Repression,-1.0,A
E2F1,APAF1,Activation,1.0,A
E2F1,AR,Repression,-1.0,A
E2F1,ASF1B,Activation,1.0,A
E2F1,ATAD2,Activation,1.0,A
E2F1,ATM,Activation,1.0,A
E2F1,AURKA,Activation,1.0,A
E2F1,BBC3,Activation,1.0,A
E2F1,BCL2,Activation,1.0,A
E2F1,BIRC5,Activation,1.0,A
E2F1,BMI1,Activation,1.0,A
E2F1,BRCA1,Activation,1.0,A
E2F1,CASP7,Activation,1.0,A
E2F1,CCND1,Activation,1.0,A
E2F1,CCNE1,Activation,1.0,A
E2F1,CD2AP,Activation,1.0,A
E2F1,CDAN1,Activation,1.0,A
E2F1,CDC6,Activation,1.0,A
E2F1,CDCA7,Activation,1.0,A
E2F1,CDK1,Activation,1.0,A
E2F1,CDKN1A,Activation,1.0,A
E2F1,CDKN1C,Activation,1.0,A
E2F1,CDKN2A,Activation,1.0,A
E2F1,CTNNBIP1,Activation,1.0,A
E2F1,CTSV,Activation,1.0,A
E2F1,CUX1,Activation,1.0,A
E2F1,DAPK2,Activation,1.0,A
E2F1,DBF4,Activation,1.0,A
E2F1,DHFR,Activation,1.0,A
E2F1,DIRAS3,Repression,-1.0,A
E2F1,DNMT1,Activation,1.0,A
E2F1,DRAM1,Activation,1.0,A
E2F1,DUSP1,Activation,1.0,A
E2F1,E2F6,Activation,1.0,A
E2F1,ECT2,Activation,1.0,A
E2F1,ERCC1,Activation,1.0,A
E2F1,ETV4,Activation,1.0,A
E2F1,FANCA,Activation,1.0,A
E2F1,FGFR1,Activation,1.0,A
E2F1,FHIT,Repression,-1.0,A
E2F1,FLT1,Activation,1.0,A
E2F1,FOXM1,Activation,1.0,A
E2F1,GINS3,Activation,1.0,A
E2F1,HIC1,Activation,1.0,A
E2F1,HMGA1,Activation,1.0,A
E2F1,HSPA5,Repression,-1.0,A
E2F1,IL1B,Activation,1.0,A
E2F1,IRF3,Repression,-1.0,A
E2F1,ISYNA1,Activation,1.0,A
E2F1,KDR,Activation,1.0,A
E2F1,KIF2C,Activation,1.0,A
E2F1,KIR3DL1,Activation,1.0,A
E2F1,MAP1LC3A,Activation,1.0,A
E2F1,MAP3K5,Activation,1.0,A
E2F1,MAPK8,Activation,1.0,A
E2F1,MCM5,Activation,1.0,A
E2F1,MCM8,Activation,1.0,A
E2F1,MCPH1,Activation,1.0,A
E2F1,MDM2,Repression,-1.0,A
E2F1,MEFV,Activation,1.0,A
E2F1,MT1G,Activation,1.0,A
E2F1,MUC4,Activation,1.0,A
E2F1,MYB,Activation,1.0,A
E2F1,MYBL2,Activation,1.0,A
E2F1,MYC,Activation,1.0,A
E2F1,MYCN,Activation,1.0,A
E2F1,MYH10,Activation,1.0,A
E2F1,NELL2,Activation,1.0,A
E2F1,NPAT,Activation,1.0,A
E2F1,PCNA,Activation,1.0,A
E2F1,PCSK6,Activation,1.0,A
E2F1,PDK4,Activation,1.0,A
E2F1,PLK1,Activation,1.0,A
E2F1,PNRC2,Repression,-1.0,A
E2F1,PPARG,Activation,1.0,A
E2F1,PPP1R13B,Activation,1.0,A
E2F1,PTPRO,Activation,1.0,A
E2F1,RACGAP1,Activation,1.0,A
E2F1,RAD51,Activation,1.0,A
E2F1,RASGEF1B,Activation,1.0,A
E2F1,RASGRP1,Activation,1.0,A
E2F1,RB1,Activation,1.0,A
E2F1,RBM38,Activation,1.0,A
E2F1,RRM1,Activation,1.0,A
E2F1,RRM2,Activation,1.0,A
E2F1,RRP1B,Activation,1.0,A
E2F1,SERPINE1,Repression,-1.0,A
E2F1,SKP2,Activation,1.0,A
E2F1,TERT,Activation,1.0,A
E2F1,THBS1,Activation,1.0,A
E2F1,TNFSF11,Activation,1.0,A
E2F1,TOP2A,Activation,1.0,A
E2F1,TP53,Activation,1.0,A
E2F1,TP53BP2,Activation,1.0,A
E2F1,TP73,Activation,1.0,A
E2F1,TYMS,Activation,1.0,A
E2F1,UHRF1,Activation,1.0,A
E2F1,ULK1,Activation,1.0,A
E2F1,VEGFA,Repression,-1.0,A
E2F1,WWOX,Repression,-1.0,A
E2F1,XRCC1,Activation,1.0,A
E2F1,ZNF350,Repression,-1.0,A
E2F2,MAP3K5,Activation,1.0,A
E2F3,AURKA,Activation,1.0,A
E2F3,CDC6,Activation,1.0,A
E2F3,CDKN1A,Activation,1.0,A
E2F3,MAP3K5,Activation,1.0,A
E2F3,PLK1,Activation,1.0,A
E2F4,AURKB,Activation,1.0,A
E2F4,BIRC5,Repression,-1.0,A
E2F4,BRCA1,Repression,-1.0,A
E2F4,CCNB1,Activation,1.0,A
E2F4,CCND1,Activation,1.0,A
E2F4,CDK2,Activation,1.0,A
E2F4,CUX1,Activation,1.0,A
E2F4,DIRAS3,Repression,-1.0,A
E2F4,HCFC1,Activation,1.0,A
E2F4,PCLAF,Repression,-1.0,A
E2F4,LIN54,Activation,1.0,A
E2F4,LTBP4,Activation,0.5,B
E2F4,MAP3K5,Activation,1.0,A
E2F4,MCM10,Repression,-1.0,A
E2F4,MYC,Repression,-1.0,A
E2F4,PLK1,Repression,-1.0,A
E2F4,PLK4,Repression,-1.0,A
E2F4,PPARG,Repression,-1.0,A
E2F4,RAD51,Repression,-1.0,A
E2F4,TOPBP1,Repression,-1.0,A
E2F4,TTK,Repression,-1.0,A
E2F5,MYC,Repression,-1.0,A
E2F6,APAF1,Repression,-1.0,A
E2F6,BRCA1,Repression,-1.0,A
E2F6,E2F1,Repression,-1.0,A
E2F7,E2F1,Repression,-1.0,A
E2F8,E2F1,Repression,-1.0,A
E4F1,CCNA2,Repression,-1.0,A
EGR1,ABCB1,Activation,1.0,A
EGR1,ACE,Activation,1.0,A
EGR1,ACHE,Activation,1.0,A
EGR1,AKR1B1,Activation,1.0,A
EGR1,ALOX5,Activation,1.0,A
EGR1,AR,Repression,-1.0,A
EGR1,ATF3,Activation,1.0,A
EGR1,BCAR1,Activation,1.0,A
EGR1,CACNA1H,Activation,1.0,A
EGR1,CCND1,Activation,1.0,A
EGR1,CD28,Activation,1.0,A
EGR1,CDK5R1,Activation,1.0,A
EGR1,CDKN1A,Activation,1.0,A
EGR1,CHGA,Activation,1.0,A
EGR1,CYP2B6,Activation,1.0,A
EGR1,DMRT1,Activation,1.0,A
EGR1,EAPP,Activation,1.0,A
EGR1,EGFR,Activation,1.0,A
EGR1,EP300,Activation,1.0,A
EGR1,F3,Activation,1.0,A
EGR1,FAS,Repression,-1.0,A
EGR1,FASLG,Activation,1.0,A
EGR1,FCER2,Repression,-1.0,A
EGR1,FGF2,Activation,1.0,A
EGR1,FLT1,Activation,1.0,A
EGR1,FN1,Activation,1.0,A
EGR1,GDF15,Activation,1.0,A
EGR1,GDNF,Activation,1.0,A
EGR1,GGPS1,Activation,1.0,A
EGR1,HIF1A,Activation,1.0,A
EGR1,HSD11B2,Repression,-1.0,A
EGR1,HYAL1,Activation,1.0,A
EGR1,IFNG,Activation,1.0,A
EGR1,IGF2,Activation,1.0,A
EGR1,IL2,Activation,1.0,A
EGR1,IL2RB,Activation,1.0,A
EGR1,IL3,Activation,1.0,A
EGR1,IL6,Repression,-1.0,A
EGR1,IMPDH2,Activation,1.0,A
EGR1,LDLR,Activation,1.0,A
EGR1,LHB,Activation,1.0,A
EGR1,LMTK2,Activation,1.0,A
EGR1,LTB,Activation,1.0,A
EGR1,MMP14,Activation,1.0,A
EGR1,MYB,Repression,-1.0,A
EGR1,NAB2,Activation,1.0,A
EGR1,NFKB1,Activation,1.0,A
EGR1,PCSK2,Activation,1.0,A
EGR1,PDGFB,Activation,1.0,A
EGR1,PDGFC,Activation,1.0,A
EGR1,PLAU,Activation,1.0,A
EGR1,PLAUR,Activation,1.0,A
EGR1,POR,Activation,1.0,A
EGR1,PPARG,Repression,-1.0,A
EGR1,PSEN2,Repression,-1.0,A
EGR1,PTEN,Activation,1.0,A
EGR1,PTGES,Activation,1.0,A
EGR1,PTGS2,Activation,1.0,A
EGR1,PTP4A1,Activation,1.0,A
EGR1,RBL2,Activation,1.0,A
EGR1,SLC4A2,Activation,1.0,A
EGR1,SLC9A3,Activation,1.0,A
EGR1,SOD1,Activation,1.0,A
EGR1,SPRY1,Activation,1.0,A
EGR1,STIM1,Activation,1.0,A
EGR1,STMN1,Activation,1.0,A
EGR1,SYN1,Activation,1.0,A
EGR1,SYN2,Activation,1.0,A
EGR1,TBXA2R,Activation,1.0,A
EGR1,TCF4,Activation,1.0,A
EGR1,TFPI2,Activation,1.0,A
EGR1,TGFBR2,Repression,-1.0,A
EGR1,TH,Activation,1.0,A
EGR1,TMPO,Activation,1.0,A
EGR1,TNF,Activation,1.0,A
EGR1,TOE1,Activation,1.0,A
EGR1,TP53,Activation,1.0,A
EGR1,TP73,Activation,1.0,A
EGR1,UBE2S,Activation,1.0,A
EGR1,VEGFA,Activation,1.0,A
EGR1,WNT4,Repression,-1.0,A
EGR2,FASLG,Repression,-1.0,A
EGR2,IGF2,Activation,1.0,A
EGR3,NAB2,Activation,1.0,A
EHF,SPRR1B,Activation,1.0,A
ELF1,BRCA2,Activation,1.0,A
ELF1,MEIS1,Activation,1.0,A
ELF2,VCP,Activation,1.0,A
ELF3,SPRR2A,Activation,1.0,A
ELK1,CITED2,Activation,1.0,A
ELK1,ERBB2,Activation,1.0,A
ELK1,FOS,Activation,1.0,A
ELK1,FOSL1,Activation,1.0,A
ELK1,FUT4,Activation,1.0,A
ELK1,MCL1,Activation,1.0,A
ELK1,PDGFB,Activation,1.0,A
ELK1,PSEN1,Activation,1.0,A
ELK1,PTPRZ1,Activation,1.0,A
ELK1,SRF,Activation,1.0,A
ELK1,TLR9,Activation,1.0,A
ELK4,FOS,Activation,1.0,A
EN1,UTRN,Repression,-1.0,A
EPAS1,CA9,Activation,1.0,A
EPAS1,FLT1,Activation,1.0,A
EPAS1,SERPINE1,Activation,1.0,A
EPAS1,VEGFA,Activation,1.0,A
ERF,ETS2,Repression,-1.0,A
ERG,CDH5,Activation,1.0,A
ERG,ENG,Activation,1.0,A
ERG,FGF2,Repression,-1.0,A
ERG,HMOX1,Activation,1.0,A
ERG,ICAM1,Repression,-1.0,A
ERG,ICAM2,Activation,1.0,A
ERG,TMPRSS2,Activation,1.0,A
ERG,VIM,Activation,1.0,A
ERG,VWF,Activation,1.0,A
ESR1,ABCG2,Activation,1.0,A
ESR1,AR,Activation,1.0,A
ESR1,AVP,Activation,1.0,A
ESR1,BCL2,Activation,1.0,A
ESR1,BLM,Activation,1.0,A
ESR1,BTG2,Repression,-1.0,A
ESR1,CCND1,Activation,1.0,A
ESR1,CD24,Repression,-1.0,A
ESR1,CDH1,Activation,1.0,A
ESR1,CDKN1A,Activation,1.0,A
ESR1,CDKN1B,Repression,-1.0,A
ESR1,CEBPB,Activation,1.0,A
ESR1,CHAT,Activation,1.0,A
ESR1,CRH,Repression,-1.0,A
ESR1,CRHBP,Activation,1.0,A
ESR1,CTNNB1,Repression,-1.0,A
ESR1,CTSD,Activation,1.0,A
ESR1,CXCL12,Activation,1.0,A
ESR1,CYP19A1,Activation,1.0,A
ESR1,CYP1A1,Repression,-1.0,A
ESR1,CYP1B1,Activation,1.0,A
ESR1,CYP2C19,Repression,-1.0,A
ESR1,E2F1,Activation,1.0,A
ESR1,EGFR,Activation,1.0,A
ESR1,ESRRA,Activation,1.0,A
ESR1,F12,Activation,1.0,A
ESR1,FOS,Activation,1.0,A
ESR1,FOXP1,Activation,1.0,A
ESR1,GREB1,Activation,1.0,A
ESR1,HSPB1,Activation,1.0,A
ESR1,JUN,Activation,1.0,A
ESR1,JUNB,Activation,1.0,A
ESR1,KDR,Activation,1.0,A
ESR1,KRT19,Activation,1.0,A
ESR1,MDM2,Activation,1.0,A
ESR1,MICB,Activation,1.0,A
ESR1,MMP13,Activation,1.0,A
ESR1,MTA3,Activation,1.0,A
ESR1,MYC,Activation,1.0,A
ESR1,NQO1,Repression,-1.0,A
ESR1,NR5A2,Activation,1.0,A
ESR1,NRF1,Activation,1.0,A
ESR1,OXT,Repression,-1.0,A
ESR1,PELP1,Activation,1.0,A
ESR1,PGR,Activation,1.0,A
ESR1,PLAC1,Activation,1.0,A
ESR1,PMAIP1,Activation,1.0,A
ESR1,PTMA,Repression,-1.0,A
ESR1,RARA,Activation,1.0,A
ESR1,RET,Activation,1.0,A
ESR1,RUNX2,Activation,1.0,A
ESR1,SERPINB9,Activation,1.0,A
ESR1,SERPINE1,Activation,1.0,A
ESR1,SP1,Activation,1.0,A
ESR1,TAC3,Activation,1.0,A
ESR1,TERT,Activation,1.0,A
ESR1,TFF1,Activation,1.0,A
ESR1,TGFA,Activation,1.0,A
ESR1,TP53,Repression,-1.0,A
ESR1,TYMS,Activation,1.0,A
ESR1,UGT2B15,Activation,1.0,A
ESR1,VEGFA,Activation,1.0,A
ESR1,YWHAQ,Activation,1.0,A
ESR1,ZFHX3,Activation,1.0,A
ESR2,CD68,Activation,1.0,A
ESR2,CTSD,Activation,1.0,A
ESR2,FOS,Repression,-1.0,A
ESR2,JUN,Activation,1.0,A
ESR2,MKNK2,Activation,1.0,A
ESR2,OXT,Activation,1.0,A
ESR2,PTPRC,Activation,1.0,A
ESR2,SERPINE1,Repression,-1.0,A
ESR2,TERT,Activation,1.0,A
ESR2,TFF1,Activation,1.0,A
ESR2,TGFA,Activation,1.0,A
ESRRA,CYP19A1,Activation,1.0,A
ESRRA,NR2F6,Repression,-1.0,A
ETS1,ABCB1,Activation,1.0,A
ETS1,ANGPT2,Activation,1.0,A
ETS1,ANPEP,Activation,1.0,A
ETS1,ATXN2,Activation,1.0,A
ETS1,BAX,Repression,-1.0,A
ETS1,BMP4,Activation,1.0,A
ETS1,EMSY,Activation,1.0,A
ETS1,CD6,Activation,1.0,A
ETS1,CD8A,Activation,1.0,A
ETS1,CDKN1A,Activation,1.0,A
ETS1,CDKN2A,Activation,1.0,A
ETS1,CHUK,Activation,1.0,A
ETS1,COL1A1,Activation,1.0,A
ETS1,CSF2,Activation,1.0,A
ETS1,CSF3R,Activation,1.0,A
ETS1,CSNK2A1,Activation,1.0,A
ETS1,CSNK2B,Activation,1.0,A
ETS1,CTSB,Activation,1.0,A
ETS1,CXCR4,Activation,1.0,A
ETS1,DUSP6,Activation,1.0,A
ETS1,ECE1,Activation,1.0,A
ETS1,EGR1,Activation,1.0,A
ETS1,ERG,Activation,1.0,A
ETS1,F13A1,Activation,1.0,A
ETS1,FGFBP1,Activation,1.0,A
ETS1,FLI1,Activation,1.0,A
ETS1,FLT1,Activation,1.0,A
ETS1,FOXD1,Activation,1.0,A
ETS1,GP6,Activation,1.0,A
ETS1,GRPR,Activation,1.0,A
ETS1,HMOX1,Activation,1.0,A
ETS1,HPGD,Activation,1.0,A
ETS1,IL2,Activation,1.0,A
ETS1,IL2RB,Activation,1.0,A
ETS1,IL3,Repression,-1.0,A
ETS1,IL5,Activation,1.0,A
ETS1,ITGB3,Activation,1.0,A
ETS1,CIP2A,Activation,1.0,A
ETS1,LCK,Activation,1.0,A
ETS1,MDM2,Repression,-1.0,A
ETS1,MGAT5,Activation,1.0,A
ETS1,MMP1,Activation,1.0,A
ETS1,MMP13,Activation,1.0,A
ETS1,MMP3,Activation,1.0,A
ETS1,MMP9,Activation,1.0,A
ETS1,MYB,Activation,1.0,A
ETS1,NDRG1,Repression,-1.0,A
ETS1,PARP1,Activation,1.0,A
ETS1,PF4,Activation,1.0,A
ETS1,PLAU,Activation,1.0,A
ETS1,PRL,Activation,1.0,A
ETS1,PTHLH,Activation,1.0,A
ETS1,SLC26A3,Activation,1.0,A
ETS1,SPRY2,Activation,1.0,A
ETS1,SQSTM1,Activation,0.5,B
ETS1,TAF12,Activation,1.0,A
ETS1,TBXA2R,Activation,1.0,A
ETS1,TBXAS1,Repression,-1.0,A
ETS1,TERT,Activation,1.0,A
ETS1,TFAP2A,Activation,1.0,A
ETS1,TGFBR2,Activation,1.0,A
ETS1,TNC,Activation,1.0,A
ETS1,TNFSF14,Activation,1.0,A
ETS1,TP53,Activation,1.0,A
ETS1,TRA,Activation,1.0,A
ETS1,TRB,Repression,-1.0,A
ETS1,VWF,Activation,1.0,A
ETS1,WAS,Activation,1.0,A
ETS1,WT1,Activation,1.0,A
ETS2,ANGPT2,Activation,1.0,A
ETS2,ANPEP,Activation,1.0,A
ETS2,CD163,Activation,1.0,A
ETS2,CDK1,Activation,1.0,A
ETS2,CDKN2A,Activation,1.0,A
ETS2,CGA,Activation,1.0,A
ETS2,CHRNE,Activation,1.0,A
ETS2,CSF2,Activation,1.0,A
ETS2,CSF3R,Activation,1.0,A
ETS2,EGR1,Activation,1.0,A
ETS2,ERG,Activation,1.0,A
ETS2,FLI1,Activation,1.0,A
ETS2,ICAM1,Activation,1.0,A
ETS2,IL12B,Activation,1.0,A
ETS2,IL5,Activation,1.0,A
ETS2,MDM2,Activation,1.0,A
ETS2,MMP3,Activation,1.0,A
ETS2,MMP9,Activation,1.0,A
ETS2,MSR1,Activation,1.0,A
ETS2,MYC,Activation,1.0,A
ETS2,PDE7A,Activation,1.0,A
ETS2,TERT,Activation,1.0,A
ETS2,TP53,Activation,1.0,A
ETS2,VWF,Activation,1.0,A
ETV3,NFKB1,Repression,-1.0,A
ETV4,AGTR1,Activation,1.0,A
ETV4,BDKRB1,Activation,1.0,A
ETV4,ERBB2,Repression,-1.0,A
ETV4,ETS1,Activation,1.0,A
ETV4,MMP2,Activation,1.0,A
ETV4,MMP7,Activation,1.0,A
ETV4,MUC4,Activation,1.0,A
ETV4,PLAUR,Repression,-1.0,A
ETV4,PTGS2,Activation,1.0,A
ETV4,SYN2,Activation,1.0,A
ETV4,TGFBR2,Activation,1.0,A
ETV4,TIMP2,Activation,1.0,A
ETV4,TNF,Activation,1.0,A
ETV4,VIM,Activation,1.0,A
FLI1,ERG,Activation,1.0,A
FLI1,EYA3,Activation,1.0,A
FLI1,GATA1,Activation,1.0,A
FLI1,GP6,Activation,1.0,A
FLI1,GP9,Activation,1.0,A
FLI1,HMOX1,Activation,1.0,A
FLI1,ID2,Activation,1.0,A
FLI1,IGFBP3,Repression,-1.0,A
FLI1,ITGA2B,Activation,1.0,A
FLI1,MPL,Activation,1.0,A
FLI1,TERT,Activation,1.0,A
FLI1,TGFBR2,Activation,1.0,A
FOS,ACTA1,Activation,1.0,A
FOS,BATF3,Activation,1.0,A
FOS,BCL2L1,Activation,1.0,A
FOS,CCND1,Repression,-1.0,A
FOS,CD40LG,Activation,1.0,A
FOS,CLU,Repression,-1.0,A
FOS,CREM,Activation,1.0,A
FOS,CSTA,Activation,1.0,A
FOS,CXCL8,Activation,1.0,A
FOS,DDIT3,Activation,1.0,A
FOS,ERCC4,Activation,1.0,A
FOS,EZR,Activation,1.0,A
FOS,FAS,Activation,1.0,A
FOS,VEGFD,Activation,1.0,A
FOS,FOXA1,Activation,1.0,A
FOS,GSTP1,Activation,1.0,A
FOS,HSPH1,Activation,1.0,A
FOS,IL1A,Activation,1.0,A
FOS,LRIG2,Activation,1.0,A
FOS,MELTF,Activation,1.0,A
FOS,MMP1,Activation,1.0,A
FOS,MMP3,Activation,1.0,A
FOS,MMP7,Activation,1.0,A
FOS,MMP9,Activation,1.0,A
FOS,MYC,Activation,1.0,A
FOS,NEFL,Activation,1.0,A
FOS,NFKB1,Repression,-1.0,A
FOS,NGF,Activation,1.0,A
FOS,NOS2,Activation,1.0,A
FOS,NPPA,Repression,-1.0,A
FOS,NQO1,Activation,1.0,A
FOS,NTF3,Activation,1.0,A
FOS,NTS,Activation,1.0,A
FOS,PDHA1,Activation,1.0,A
FOS,PGR,Activation,1.0,A
FOS,PLAU,Activation,1.0,A
FOS,PLAUR,Activation,1.0,A
FOS,PTGS2,Activation,1.0,A
FOS,SMAD4,Activation,1.0,A
FOS,SMAD7,Activation,1.0,A
FOS,SPRR3,Activation,1.0,A
FOS,SRR,Activation,1.0,A
FOS,STAR,Activation,1.0,A
FOS,TP53,Activation,1.0,A
FOSL1,CLU,Activation,1.0,A
FOSL1,GCLC,Repression,-1.0,A
FOSL1,ITGB3,Repression,-1.0,A
FOSL1,IVL,Activation,1.0,A
FOSL1,MMP1,Activation,1.0,A
FOSL1,PLAUR,Activation,1.0,A
FOSL2,BCL6,Activation,1.0,A
FOSL2,BRCA1,Activation,1.0,A
FOSL2,CCR4,Activation,1.0,A
FOSL2,CLU,Activation,1.0,A
FOSL2,FOSL1,Activation,1.0,A
FOSL2,IVL,Activation,1.0,A
FOSL2,NOS2,Activation,1.0,A
FOSL2,PLAUR,Activation,1.0,A
FOSL2,UGT2B15,Activation,1.0,A
FOXA1,ABCA1,Repression,-1.0,A
FOXA1,AGR2,Activation,1.0,A
FOXA1,APOB,Activation,1.0,A
FOXA1,BCL2,Repression,-1.0,A
FOXA1,BRCA1,Activation,1.0,A
FOXA1,CCNG2,Activation,1.0,A
FOXA1,CFTR,Repression,-1.0,A
FOXA1,ESR1,Activation,1.0,A
FOXA1,HSPA1A,Activation,1.0,A
FOXA1,KRT7,Activation,1.0,A
FOXA1,MYC,Activation,1.0,A
FOXA1,NF1,Activation,1.0,A
FOXA1,RET,Activation,1.0,A
FOXA1,RPRM,Repression,-1.0,A
FOXA1,SFTPB,Activation,1.0,A
FOXA1,TFF1,Activation,1.0,A
FOXA1,UGT2B15,Activation,1.0,A
FOXA1,UGT2B17,Activation,1.0,A
FOXA2,APOA1,Activation,1.0,A
FOXA2,CDH1,Activation,1.0,A
FOXA2,CFTR,Repression,-1.0,A
FOXA2,TCF7L2,Activation,0.5,B
FOXD3,ZNF175,Activation,1.0,A
FOXF1,GH2,Activation,1.0,A
FOXL2,CYP19A1,Activation,1.0,A
FOXL2,SIRT1,Activation,1.0,A
FOXM1,BRIP1,Activation,0.5,B
FOXM1,CCNB1,Activation,1.0,A
FOXM1,CDC25A,Activation,1.0,A
FOXM1,CDC25B,Activation,1.0,A
FOXM1,CDC6,Activation,1.0,A
FOXM1,MYC,Activation,1.0,A
FOXM1,VEGFA,Activation,1.0,A
FOXO1,ANGPT2,Activation,1.0,A
FOXO1,CDKN1B,Activation,1.0,A
FOXO1,IGFBP1,Activation,1.0,A
FOXO1,KLF2,Activation,1.0,A
FOXO1,PRL,Activation,1.0,A
FOXO1,RAG1,Activation,1.0,A
FOXO1,TNFSF10,Activation,1.0,A
FOXO1,TXNIP,Activation,1.0,A
FOXO3,AR,Activation,1.0,A
FOXO3,BCL2L11,Activation,1.0,A
FOXO3,BCL6,Activation,1.0,A
FOXO3,CCND2,Repression,-1.0,A
FOXO3,CDKN2B,Activation,1.0,A
FOXO3,FASLG,Activation,1.0,A
FOXO3,GALT,Activation,1.0,A
FOXO3,PIK3CA,Activation,1.0,A
FOXO3,SIRT1,Activation,1.0,A
FOXO3,TNFSF10,Activation,1.0,A
FOXO3,TXNIP,Activation,1.0,A
FOXO4,BCL6,Activation,1.0,A
FOXO4,SOD2,Activation,1.0,A
FOXO4,TNFSF10,Activation,1.0,A
FOXP1,KLK3,Repression,-1.0,A
FOXP1,RAG1,Activation,1.0,A
FOXP2,CNTNAP2,Repression,-1.0,A
FOXP2,MET,Repression,-1.0,A
FOXP2,PLAUR,Activation,1.0,A
FOXP3,CCR4,Activation,1.0,A
FOXP3,IL2,Repression,-1.0,A
FOXP3,IL2RA,Activation,1.0,A
GABPA,TOMM70,Activation,1.0,A
GATA1,AGGF1,Activation,1.0,A
GATA1,ALAS2,Activation,1.0,A
GATA1,CCR3,Activation,1.0,A
GATA1,COPS5,Activation,1.0,A
GATA1,CYBB,Activation,1.0,A
GATA1,EPO,Activation,1.0,A
GATA1,GFI1B,Activation,1.0,A
GATA1,GP6,Activation,1.0,A
GATA1,HBB,Activation,1.0,A
GATA1,HBG1,Repression,-1.0,A
GATA1,HEMGN,Activation,1.0,A
GATA1,NFE2,Activation,1.0,A
GATA1,PF4,Activation,1.0,A
GATA1,RUNX1,Activation,0.5,B
GATA1,TAL1,Activation,0.5,B
GATA1,TBXA2R,Activation,1.0,A
GATA1,WT1,Activation,1.0,A
GATA2,ADH1A,Activation,1.0,A
GATA2,ANGPT2,Activation,1.0,A
GATA2,AR,Activation,1.0,A
GATA2,CYBB,Repression,-1.0,A
GATA2,DPYSL2,Activation,1.0,A
GATA2,EPO,Repression,-1.0,A
GATA2,FCER1A,Activation,1.0,A
GATA2,GATA1,Activation,1.0,A
GATA2,IL1RL1,Activation,1.0,A
GATA2,MS4A2,Activation,1.0,A
GATA2,NOS3,Activation,1.0,A
GATA2,PECAM1,Activation,1.0,A
GATA2,PPARG,Repression,-1.0,A
GATA2,WT1,Activation,1.0,A
GATA3,ALDH1A2,Activation,0.5,B
GATA3,CD40LG,Activation,1.0,A
GATA3,CD8A,Activation,1.0,A
GATA3,CD8B,Activation,1.0,A
GATA3,CDH1,Activation,1.0,A
GATA3,CDX2,Activation,1.0,A
GATA3,EPO,Repression,-1.0,A
GATA3,EPOR,Activation,1.0,A
GATA3,ERG,Activation,1.0,A
GATA3,ESR1,Activation,1.0,A
GATA3,FOXC1,Repression,-1.0,A
GATA3,IFNG,Activation,1.0,A
GATA3,IL12RB2,Repression,-1.0,A
GATA3,IL4,Activation,1.0,A
GATA3,IL5,Activation,1.0,A
GATA3,NFKB1,Activation,1.0,A
GATA3,SLCO4C1,Activation,1.0,A
GATA3,TCF7L2,Activation,1.0,A
GATA3,TEK,Activation,1.0,A
GATA3,TGFBR3,Activation,1.0,A
GATA3,ZEB1,Activation,1.0,A
GATA4,CYP17A1,Activation,1.0,A
GATA4,ERBB2,Repression,-1.0,A
GATA4,IL5,Activation,1.0,A
GATA4,NOS3,Activation,1.0,A
GATA4,NPPA,Activation,1.0,A
GATA6,APOA1,Activation,1.0,A
GATA6,CYP17A1,Activation,1.0,A
GCM2,PTH,Activation,1.0,A
GFI1,BAX,Repression,-1.0,A
GFI1B,MEF2C,Repression,-1.0,A
GLI1,BCL2,Activation,1.0,A
GLI1,EGR2,Repression,-1.0,A
GLI1,SFRP1,Activation,1.0,A
GLI2,BCL2,Activation,1.0,A
GLI2,FAS,Repression,-1.0,A
GLI2,FOXA2,Activation,1.0,A
GLI2,FOXE1,Activation,1.0,A
GLI2,FST,Activation,1.0,A
GLI2,WNT2B,Activation,1.0,A
GTF2I,SIRT1,Activation,1.0,A
HBP1,MIF,Repression,-1.0,A
HBP1,NCF1,Repression,-1.0,A
HES1,ASCL1,Repression,-1.0,A
HES1,DBF4,Activation,1.0,A
HES1,E2F1,Repression,-1.0,A
HES1,PTGDS,Repression,-1.0,A
HEY1,KDR,Repression,-1.0,A
HEY2,ACTA2,Repression,-1.0,A
HEY2,GATA6,Repression,-1.0,A
HHEX,HNF4A,Activation,1.0,A
HHEX,TLE1,Activation,0.5,B
HIC1,ACKR3,Repression,-1.0,A
HIC1,E2F1,Repression,-1.0,A
HIC1,EPHA2,Repression,-1.0,A
HIC1,SIRT1,Repression,-1.0,A
HIC1,VLDLR,Repression,-1.0,A
HIF1A,ABCB1,Activation,1.0,A
HIF1A,ALAS2,Activation,1.0,A
HIF1A,ALDOA,Activation,1.0,A
HIF1A,BAX,Activation,1.0,A
HIF1A,BNIP3,Activation,1.0,A
HIF1A,CA9,Activation,1.0,A
HIF1A,CCND1,Activation,1.0,A
HIF1A,CXCL12,Activation,1.0,A
HIF1A,CXCR4,Activation,1.0,A
HIF1A,E2F3,Activation,1.0,A
HIF1A,EDN1,Activation,1.0,A
HIF1A,EDNRB,Activation,1.0,A
HIF1A,EGLN1,Activation,1.0,A
HIF1A,EGLN3,Activation,1.0,A
HIF1A,ENO1,Activation,1.0,A
HIF1A,EPO,Activation,1.0,A
HIF1A,FAM162A,Activation,1.0,A
HIF1A,FGF2,Activation,1.0,A
HIF1A,GAPDH,Activation,1.0,A
HIF1A,GCK,Activation,1.0,A
HIF1A,ITGB2,Activation,1.0,A
HIF1A,KLK3,Activation,1.0,A
HIF1A,LDHA,Activation,1.0,A
HIF1A,LEP,Activation,1.0,A
HIF1A,LOX,Activation,1.0,A
HIF1A,MET,Activation,1.0,A
HIF1A,MIF,Activation,1.0,A
HIF1A,MUC1,Activation,1.0,A
HIF1A,NR3C1,Activation,1.0,A
HIF1A,NR4A1,Activation,1.0,A
HIF1A,NT5E,Activation,1.0,A
HIF1A,PFKFB3,Activation,1.0,A
HIF1A,PFKFB4,Activation,1.0,A
HIF1A,PGK1,Activation,1.0,A
HIF1A,PPP1R3C,Activation,1.0,A
HIF1A,RORA,Activation,1.0,A
HIF1A,SERPINE1,Activation,1.0,A
HIF1A,SLC2A1,Activation,1.0,A
HIF1A,SOCS1,Activation,1.0,A
HIF1A,TERT,Activation,1.0,A
HIF1A,TFRC,Activation,1.0,A
HIF1A,TGFB3,Activation,1.0,A
HIF1A,TLR2,Activation,1.0,A
HIF1A,TLR6,Activation,1.0,A
HIF1A,TUBB3,Activation,1.0,A
HIF1A,TWIST1,Activation,1.0,A
HIF1A,VEGFA,Activation,1.0,A
HIF1A,VEGFB,Activation,1.0,A
HIF1A,VHL,Activation,1.0,A
HIF1A,ZNF217,Activation,1.0,A
HLF,DBP,Activation,1.0,A
HLF,RUNX1,Repression,-1.0,A
HMGA1,CDC25A,Activation,1.0,A
HNF1A,AKR1C4,Activation,1.0,A
HNF1A,ALB,Activation,1.0,A
HNF1A,CDH17,Activation,1.0,A
HNF1A,CRP,Activation,1.0,A
HNF1A,IGFBP1,Activation,1.0,A
HNF1A,MTTP,Activation,1.0,A
HNF1A,SLC22A10,Activation,1.0,A
HNF1A,SLC22A9,Activation,1.0,A
HNF1A,UGT1A1,Activation,1.0,A
HNF1A,UGT1A10,Activation,1.0,A
HNF1A,UGT1A8,Activation,1.0,A
HNF1A,UGT1A9,Activation,1.0,A
HNF1A,UGT2B17,Activation,1.0,A
HNF1A,UGT2B7,Activation,1.0,A
HNF4A,ABCC6,Activation,1.0,A
HNF4A,ABCG5,Repression,-1.0,A
HNF4A,ABCG8,Repression,-1.0,A
HNF4A,ACAT2,Activation,1.0,A
HNF4A,AFP,Activation,1.0,A
HNF4A,AKR1C4,Activation,1.0,A
HNF4A,APOA1,Activation,1.0,A
HNF4A,APOA2,Activation,1.0,A
HNF4A,APOB,Activation,1.0,A
HNF4A,APOC3,Activation,1.0,A
HNF4A,C1QTNF5,Activation,1.0,A
HNF4A,CDKN1A,Activation,1.0,A
HNF4A,CEACAM1,Activation,1.0,A
HNF4A,CYP27A1,Activation,1.0,A
HNF4A,CYP2B6,Activation,1.0,A
HNF4A,CYP2C8,Activation,1.0,A
HNF4A,CYP2C9,Activation,1.0,A
HNF4A,CYP2D6,Activation,1.0,A
HNF4A,CYP3A4,Activation,1.0,A
HNF4A,CYP7A1,Repression,-1.0,A
HNF4A,FABP2,Activation,1.0,A
HNF4A,GFER,Repression,-1.0,A
HNF4A,GH1,Repression,-1.0,A
HNF4A,GPR39,Activation,1.0,A
HNF4A,HNF1A,Activation,1.0,A
HNF4A,LDLR,Activation,1.0,A
HNF4A,LIPC,Activation,1.0,A
HNF4A,MYC,Activation,1.0,A
HNF4A,NPC1L1,Activation,1.0,A
HNF4A,NR1I2,Activation,1.0,A
HNF4A,PCSK9,Activation,1.0,A
HNF4A,PPARA,Activation,1.0,A
HNF4A,RNASE2,Activation,1.0,A
HNF4A,SERPINC1,Activation,1.0,A
HNF4A,SHBG,Activation,1.0,A
HNF4A,SLC22A6,Activation,1.0,A
HNF4A,SLC26A3,Activation,1.0,A
HNF4A,TBP,Activation,1.0,A
HNF4A,TCF7L2,Activation,1.0,A
HNF4A,UGT2B7,Activation,1.0,A
HNF4G,AKR1C4,Activation,1.0,A
HNF4G,CYP2D6,Activation,1.0,A
HOXA10,EMX2,Repression,-1.0,A
HOXA10,IGFBP1,Activation,1.0,A
HOXA10,ITGB3,Activation,1.0,A
HOXA10,PHGDH,Repression,-1.0,A
HOXA11,HOXA10,Repression,-1.0,A
HOXA4,TH,Activation,1.0,A
HOXA5,PGR,Activation,1.0,A
HOXA5,PTN,Activation,1.0,A
HOXA5,TH,Activation,1.0,A
HOXB13,TCF4,Repression,-1.0,A
HOXB7,FGF2,Activation,1.0,A
HOXC11,LCT,Activation,1.0,A
HOXC8,TNFRSF11B,Activation,1.0,A
HOXD3,ITGA5,Activation,1.0,A
HOXD3,ITGB1,Activation,1.0,A
HOXD3,ITGB3,Activation,1.0,A
HSF1,BAG3,Repression,-1.0,A
HSF1,HSPA1A,Activation,1.0,A
HSF1,HSPA1B,Activation,1.0,A
HSF1,HSPA4,Activation,1.0,A
HSF1,NAT1,Activation,1.0,A
HSF1,STIP1,Activation,0.5,B
HSF1,UBB,Activation,0.5,B
HSF2,HSPA4,Activation,1.0,A
HSF2,MAP2K4,Repression,-1.0,A
HSF2,MAPK8,Repression,-1.0,A
IRF1,CASP7,Activation,1.0,A
IRF1,CCL5,Activation,1.0,A
IRF1,CD40,Activation,1.0,A
IRF1,CDK2,Repression,-1.0,A
IRF1,CEACAM1,Activation,1.0,A
IRF1,CIITA,Activation,1.0,A
IRF1,CXCL10,Activation,1.0,A
IRF1,CYBB,Activation,1.0,A
IRF1,DST,Repression,-1.0,A
IRF1,EIF2AK2,Activation,1.0,A
IRF1,ERAP2,Activation,0.5,B
IRF1,FOXP3,Repression,-1.0,A
IRF1,HLA-A,Activation,1.0,A
IRF1,HLA-G,Activation,1.0,A
IRF1,IFIT3,Activation,1.0,A
IRF1,IFNA1,Activation,1.0,A
IRF1,IFNB1,Activation,1.0,A
IRF1,IL10,Activation,1.0,A
IRF1,IL12A,Activation,1.0,A
IRF1,IL12B,Repression,-1.0,A
IRF1,IL27,Activation,1.0,A
IRF1,IRF2,Activation,1.0,A
IRF1,OGN,Activation,1.0,A
IRF1,PSMB10,Activation,0.5,B
IRF1,PSMB9,Activation,1.0,A
IRF1,SOCS1,Activation,1.0,A
IRF1,TAP1,Activation,1.0,A
IRF1,TAP2,Activation,1.0,A
IRF1,TNFSF10,Activation,1.0,A
IRF1,TP53,Activation,1.0,A
IRF2,CIITA,Activation,1.0,A
IRF2,TAP1,Activation,1.0,A
IRF3,CXCL10,Activation,1.0,A
IRF3,IFNA1,Activation,1.0,A
IRF3,IFNB1,Repression,-1.0,A
IRF3,IRF7,Activation,1.0,A
IRF3,PURA,Repression,-1.0,A
IRF4,CD68,Repression,-1.0,A
IRF4,FCER2,Activation,1.0,A
IRF5,TNF,Activation,1.0,A
IRF7,CXCL10,Activation,1.0,A
IRF7,IFNA1,Activation,1.0,A
IRF7,IFNA2,Activation,1.0,A
IRF7,IFNB1,Activation,1.0,A
IRF8,CD68,Repression,-1.0,A
IRF8,CYBB,Activation,1.0,A
IRF8,IL12A,Activation,1.0,A
IRF8,NCF2,Activation,1.0,A
IRF8,NF1,Activation,1.0,A
IRF8,TLR3,Repression,-1.0,A
IRF8,TLR4,Activation,0.5,B
IRF9,IFIT3,Activation,1.0,A
IRF9,IL27,Repression,-1.0,A
IRF9,PML,Activation,1.0,A
JUN,ABCB1,Repression,-1.0,A
JUN,ACTA1,Activation,1.0,A
JUN,APP,Activation,1.0,A
JUN,ATF3,Activation,1.0,A
JUN,BATF3,Activation,1.0,A
JUN,BRCA1,Activation,1.0,A
JUN,CCL2,Activation,1.0,A
JUN,CCL5,Activation,1.0,A
JUN,CCND1,Activation,1.0,A
JUN,CD82,Activation,1.0,A
JUN,CDKN1A,Activation,1.0,A
JUN,CREM,Activation,1.0,A
JUN,CSF2,Activation,1.0,A
JUN,CSTA,Activation,1.0,A
JUN,CTSL,Activation,1.0,A
JUN,CXCL8,Activation,1.0,A
JUN,CYP11A1,Activation,1.0,A
JUN,CYP19A1,Repression,-1.0,A
JUN,CYP2J2,Activation,1.0,A
JUN,DDIT3,Activation,1.0,A
JUN,EDN1,Activation,1.0,A
JUN,EGFR,Activation,1.0,A
JUN,ELN,Repression,-1.0,A
JUN,ETS1,Activation,1.0,A
JUN,ETS2,Activation,1.0,A
JUN,EZR,Activation,1.0,A
JUN,F3,Activation,1.0,A
JUN,FAS,Activation,1.0,A
JUN,FASLG,Activation,1.0,A
JUN,VEGFD,Activation,1.0,A
JUN,FOSL1,Activation,1.0,A
JUN,GCLC,Activation,1.0,A
JUN,GJA1,Activation,1.0,A
JUN,HEY1,Activation,1.0,A
JUN,IFNB1,Activation,1.0,A
JUN,IFNG,Activation,1.0,A
JUN,IL12A,Activation,1.0,A
JUN,IL12B,Activation,1.0,A
JUN,IL1A,Activation,1.0,A
JUN,IL1B,Activation,1.0,A
JUN,IL2,Activation,1.0,A
JUN,IL24,Activation,1.0,A
JUN,IL5RA,Activation,1.0,A
JUN,IL6,Activation,1.0,A
JUN,ITGAX,Activation,1.0,A
JUN,KRT16,Activation,1.0,A
JUN,LBP,Repression,-1.0,A
JUN,MAT2A,Activation,1.0,A
JUN,MGP,Activation,1.0,A
JUN,MMP1,Activation,1.0,A
JUN,MMP12,Activation,1.0,A
JUN,MMP13,Activation,1.0,A
JUN,MMP2,Activation,1.0,A
JUN,MMP3,Activation,1.0,A
JUN,MMP7,Activation,1.0,A
JUN,MMP9,Activation,1.0,A
JUN,MYB,Activation,1.0,A
JUN,MYC,Activation,1.0,A
JUN,NFKB2,Activation,1.0,A
JUN,NGF,Activation,1.0,A
JUN,NOS2,Activation,1.0,A
JUN,NOX5,Activation,1.0,A
JUN,NPY,Activation,1.0,A
JUN,NQO1,Activation,1.0,A
JUN,NTS,Activation,1.0,A
JUN,OXTR,Activation,1.0,A
JUN,PDHA1,Activation,1.0,A
JUN,PENK,Activation,1.0,A
JUN,PGR,Repression,-1.0,A
JUN,PLAT,Activation,1.0,A
JUN,PLAUR,Activation,1.0,A
JUN,POLD2,Activation,1.0,A
JUN,PPARA,Activation,1.0,A
JUN,PPARD,Activation,1.0,A
JUN,PTGS2,Activation,1.0,A
JUN,PTN,Activation,1.0,A
JUN,RARB,Activation,1.0,A
JUN,RELB,Activation,1.0,A
JUN,REN,Activation,1.0,A
JUN,RHOB,Activation,1.0,A
JUN,RUNX2,Activation,1.0,A
JUN,SMAD7,Activation,1.0,A
JUN,SPI1,Activation,1.0,A
JUN,SPRR1B,Activation,1.0,A
JUN,SPRR3,Activation,1.0,A
JUN,STMN1,Activation,1.0,A
JUN,TFF1,Activation,1.0,A
JUN,TIMP2,Activation,1.0,A
JUN,TNC,Activation,1.0,A
JUN,TNF,Activation,1.0,A
JUN,TNFRSF10A,Activation,1.0,A
JUN,TP53,Repression,-1.0,A
JUN,TXN,Activation,1.0,A
JUN,UGT2B15,Activation,1.0,A
JUN,VCAM1,Activation,1.0,A
JUN,VDR,Activation,1.0,A
JUN,VEGFA,Activation,1.0,A
JUNB,CDKN2A,Activation,1.0,A
JUNB,CLU,Activation,1.0,A
JUNB,EGFR,Activation,1.0,A
JUNB,IVL,Activation,1.0,A
JUNB,PTGS2,Activation,1.0,A
JUND,CCL5,Activation,1.0,A
JUND,CCR4,Activation,1.0,A
JUND,CD40LG,Activation,1.0,A
JUND,CLU,Activation,1.0,A
JUND,CSTA,Activation,1.0,A
JUND,FOSL1,Activation,1.0,A
JUND,GADD45A,Activation,1.0,A
JUND,IL3,Activation,1.0,A
JUND,IL6,Activation,1.0,A
JUND,ITGAV,Repression,-1.0,A
JUND,ITGB3,Repression,-1.0,A
JUND,IVL,Activation,1.0,A
JUND,MYB,Activation,1.0,A
JUND,NOS2,Activation,1.0,A
JUND,NQO2,Activation,1.0,A
JUND,PLAUR,Activation,1.0,A
JUND,SOX4,Activation,1.0,A
JUND,TGFB1,Activation,1.0,A
KLF1,HBB,Activation,0.5,B
KLF10,CDKN1A,Activation,1.0,A
KLF11,INS,Activation,1.0,A
KLF11,PDX1,Activation,1.0,A
KLF12,TFAP2A,Repression,-1.0,A
KLF15,LRP5,Activation,1.0,A
KLF2,NOS3,Activation,1.0,A
KLF2,THBD,Activation,1.0,A
KLF4,ATF3,Activation,1.0,A
KLF4,BIRC5,Repression,-1.0,A
KLF4,CCND1,Repression,-1.0,A
KLF4,CDH1,Activation,1.0,A
KLF4,CDKN1A,Activation,1.0,A
KLF4,GPA33,Activation,1.0,A
KLF4,LAMA3,Activation,1.0,A
KLF4,NANOG,Activation,1.0,A
KLF4,PFKP,Activation,1.0,A
KLF4,RARA,Repression,-1.0,A
KLF4,THBD,Activation,1.0,A
KLF4,VDR,Repression,-1.0,A
KLF5,BIRC5,Activation,1.0,A
KLF5,FASN,Activation,1.0,A
KLF5,FGFBP1,Activation,1.0,A
KLF5,NOTCH1,Activation,1.0,A
KLF6,ATF3,Activation,1.0,A
KLF6,CDH1,Activation,0.5,B
KLF6,DAPK2,Activation,1.0,A
KLF6,IGF1R,Activation,0.5,B
KLF6,LTC4S,Activation,1.0,A
KLF6,MMP9,Repression,-1.0,A
KLF6,NOS2,Activation,1.0,A
LEF1,AR,Activation,1.0,A
LEF1,BIRC5,Activation,1.0,A
LEF1,CCL7,Activation,1.0,A
LEF1,CCND1,Activation,1.0,A
LEF1,CD1D,Repression,-1.0,A
LEF1,CLDN2,Activation,1.0,A
LEF1,CTNNB1,Activation,1.0,A
LEF1,EDA,Activation,1.0,A
LEF1,ELANE,Activation,1.0,A
LEF1,MITF,Activation,1.0,A
LEF1,MMP7,Activation,1.0,A
LEF1,MYC,Activation,1.0,A
LEF1,MYCBP,Activation,1.0,A
LEF1,NRCAM,Activation,1.0,A
LEF1,NT5E,Activation,1.0,A
LEF1,RAG2,Activation,1.0,A
LEF1,SNAI2,Activation,1.0,A
LEF1,TCF3,Activation,1.0,A
LHX3,FSHB,Activation,1.0,A
LHX4,POU1F1,Activation,1.0,A
LYL1,ERG,Activation,1.0,A
MAF,IL4,Activation,1.0,A
MAF,ITGB7,Activation,1.0,A
MAF,MMP13,Activation,1.0,A
MAFA,INS,Activation,1.0,A
MAFF,OXTR,Activation,1.0,A
MAFG,NQO1,Activation,1.0,A
MAFK,NQO1,Activation,1.0,A
MAX,ODC1,Activation,1.0,A
MAZ,MMP1,Activation,1.0,A
MBD1,SETDB1,Repression,-1.0,A
MBD2,ADGRB1,Activation,0.5,B
MECP2,ESR1,Repression,-1.0,A
MEF2A,JUN,Activation,1.0,A
MEF2A,SLC2A4,Activation,1.0,A
MEF2A,SOST,Repression,-1.0,A
MEF2C,CPT1B,Activation,1.0,A
MEF2C,JUN,Activation,1.0,A
MEF2C,NR4A1,Repression,-1.0,A
MEF2C,SOST,Repression,-1.0,A
MEF2D,ATF3,Activation,1.0,A
MEF2D,JUN,Activation,1.0,A
MEF2D,SOST,Repression,-1.0,A
MITF,ACP5,Activation,1.0,A
MITF,BCL2A1,Repression,-1.0,A
MITF,BEST1,Activation,1.0,A
MITF,BIRC7,Activation,1.0,A
MITF,CDK2,Activation,1.0,A
MITF,CTSK,Activation,1.0,A
MITF,DCT,Activation,1.0,A
MITF,FOS,Activation,1.0,A
MITF,GPNMB,Activation,1.0,A
MITF,HERC2,Activation,1.0,A
MITF,HIF1A,Activation,1.0,A
MITF,HOXB4,Activation,1.0,A
MITF,KCNMA1,Activation,0.5,B
MITF,KIT,Activation,1.0,A
MITF,MET,Activation,1.0,A
MITF,MLANA,Activation,1.0,A
MITF,OCA2,Activation,1.0,A
MITF,PMEL,Activation,1.0,A
MITF,PPARGC1A,Activation,1.0,A
MITF,PRKCB,Activation,1.0,A
MITF,SERPINF1,Activation,1.0,A
MITF,TRPM1,Activation,1.0,A
MITF,TYR,Activation,1.0,A
MITF,TYRP1,Activation,1.0,A
MSC,IL10,Activation,1.0,A
MSC,MMP2,Activation,1.0,A
MXD1,ODC1,Activation,1.0,A
MXD4,ODC1,Activation,1.0,A
MYB,ANPEP,Activation,1.0,A
MYB,BCL2,Activation,1.0,A
MYB,CCNA1,Activation,1.0,A
MYB,CD34,Activation,1.0,A
MYB,CD4,Activation,1.0,A
MYB,CEBPA,Activation,1.0,A
MYB,COL1A1,Activation,1.0,A
MYB,CTSG,Activation,1.0,A
MYB,DHRS2,Activation,1.0,A
MYB,ELANE,Activation,1.0,A
MYB,ERBB2,Activation,1.0,A
MYB,GSTM1,Activation,1.0,A
MYB,KLF1,Activation,1.0,A
MYB,LCK,Activation,1.0,A
MYB,LMO2,Activation,1.0,A
MYB,MAT2A,Activation,1.0,A
MYB,MYC,Activation,1.0,A
MYB,NMU,Activation,1.0,A
MYB,NR3C1,Activation,1.0,A
MYB,PDCD4,Activation,0.5,B
MYB,RAG2,Activation,1.0,A
MYB,SIM2,Activation,1.0,A
MYB,SP3,Activation,1.0,A
MYB,TK1,Activation,1.0,A
MYB,WAS,Activation,1.0,A
MYB,WT1,Activation,1.0,A
MYBL1,DHRS2,Activation,1.0,A
MYBL1,NCL,Activation,1.0,A
MYBL2,MYC,Activation,1.0,A
MYBL2,PSG1,Activation,1.0,A
MYC,ASS1,Activation,1.0,A
MYC,AXIN2,Activation,0.5,B
MYC,BCL2,Activation,1.0,A
MYC,BRD7,Repression,-1.0,A
MYC,CAD,Activation,1.0,A
MYC,CCNA2,Activation,1.0,A
MYC,CCNB1,Activation,1.0,A
MYC,CCND1,Activation,1.0,A
MYC,CCND2,Activation,1.0,A
MYC,CCNE1,Activation,1.0,A
MYC,CDC25C,Activation,1.0,A
MYC,CDK4,Activation,1.0,A
MYC,CDK6,Activation,1.0,A
MYC,CDKN1A,Repression,-1.0,A
MYC,CEBPA,Repression,-1.0,A
MYC,CFLAR,Repression,-1.0,A
MYC,CXCR4,Activation,1.0,A
MYC,DDX18,Activation,1.0,A
MYC,FASLG,Activation,1.0,A
MYC,FOXM1,Activation,1.0,A
MYC,HDAC2,Activation,1.0,A
MYC,HLA-F,Activation,1.0,A
MYC,HNRNPA1,Activation,1.0,A
MYC,HNRNPA2B1,Activation,1.0,A
MYC,HSPA4,Activation,1.0,A
MYC,ID2,Activation,1.0,A
MYC,IER3,Repression,-1.0,A
MYC,JUNB,Repression,-1.0,A
MYC,LDHA,Activation,1.0,A
MYC,MST1,Repression,-1.0,A
MYC,NDRG1,Repression,-1.0,A
MYC,NOL7,Activation,1.0,A
MYC,ODC1,Activation,1.0,A
MYC,PCNA,Activation,1.0,A
MYC,PMAIP1,Activation,1.0,A
MYC,PRDX3,Activation,1.0,A
MYC,RCC1,Activation,1.0,A
MYC,SHMT1,Activation,1.0,A
MYC,SRSF1,Activation,1.0,A
MYC,ST3GAL1,Activation,1.0,A
MYC,TERT,Activation,1.0,A
MYC,TFAP4,Activation,1.0,A
MYC,TFRC,Activation,1.0,A
MYC,TP53,Activation,1.0,A
MYC,UBE2C,Activation,1.0,A
MYC,VEGFA,Activation,1.0,A
MYC,WRN,Activation,1.0,A
MYCN,CTSD,Activation,1.0,A
MYCN,ID2,Activation,0.5,B
MYCN,MCM2,Activation,1.0,A
MYCN,MCM3,Activation,1.0,A
MYCN,MCM4,Activation,1.0,A
MYCN,MCM5,Activation,1.0,A
MYCN,MCM6,Activation,1.0,A
MYCN,MCM7,Activation,1.0,A
MYCN,MCM8,Activation,1.0,A
MYCN,MDM2,Activation,1.0,A
MYCN,MXI1,Repression,-1.0,A
MYCN,NDRG1,Repression,-1.0,A
MYCN,NES,Activation,1.0,A
MYCN,TP53,Activation,1.0,A
MYF6,ACACB,Activation,1.0,A
MYOD1,ACACB,Activation,1.0,A
MYOG,ACACB,Activation,1.0,A
MZF1,TERT,Repression,-1.0,A
NANOG,CDC25A,Repression,-1.0,A
NANOG,CDK6,Repression,-1.0,A
NANOG,CDX2,Repression,-1.0,A
NANOG,KDR,Activation,1.0,A
NANOG,GATA4,Repression,-1.0,A
NANOG,L1TD1,Activation,1.0,A
NANOG,LAMB1,Repression,-1.0,A
NANOG,POU5F1,Activation,1.0,A
NCOA3,BCL2,Activation,1.0,A
NEUROD1,INS,Activation,1.0,A
NEUROG3,NEUROD1,Activation,1.0,A
NFAT5,TNF,Activation,1.0,A
NFATC1,EGR3,Activation,1.0,A
NFATC1,ICAM1,Activation,1.0,A
NFATC1,IFNG,Activation,1.0,A
NFATC1,IL2,Activation,1.0,A
NFATC2,EGR3,Activation,1.0,A
NFATC2,FOXP3,Activation,1.0,A
NFATC2,IFNG,Activation,1.0,A
NFATC2,TERT,Activation,1.0,A
NFE2,GCLC,Activation,0.5,B
NFE2,TBXA2R,Activation,1.0,A
NFE2L2,GCLC,Activation,1.0,A
NFE2L2,GSTA1,Activation,1.0,A
NFE2L2,HMOX1,Activation,1.0,A
NFE2L2,MTHFR,Activation,1.0,A
NFE2L2,NQO1,Activation,1.0,A
NFIA,CDKN1A,Repression,-1.0,A
NFIC,ALAS1,Activation,1.0,A
NFIC,C4BPB,Activation,1.0,A
NFIC,COL18A1,Activation,1.0,A
NFIC,COL1A1,Activation,1.0,A
NFIC,CSH1,Activation,1.0,A
NFIC,CYP17A1,Activation,1.0,A
NFIC,CYP1A1,Repression,-1.0,A
NFIC,FABP7,Activation,1.0,A
NFIC,GFAP,Activation,1.0,A
NFIC,GTF3C1,Activation,1.0,A
NFIC,GTF3C2,Activation,1.0,A
NFIC,GUCY1B1,Activation,1.0,A
NFIC,HMGB1,Activation,1.0,A
NFIC,HSD11B2,Activation,1.0,A
NFIC,ITGA5,Repression,-1.0,A
NFIC,JUN,Activation,1.0,A
NFIC,MATN1,Repression,-1.0,A
NFIC,POLD2,Activation,1.0,A
NFIC,POLE2,Activation,1.0,A
NFIC,SLC34A2,Activation,1.0,A
NFIC,SMUG1,Activation,1.0,A
NFIC,TFPI2,Activation,1.0,A
NFIC,VWF,Activation,1.0,A
NFIL3,IL1B,Repression,-1.0,A
NFKB1,A2M,Activation,1.0,A
NFKB1,ABCB1,Activation,1.0,A
NFKB1,ADORA1,Activation,1.0,A
NFKB1,AGER,Activation,1.0,A
NFKB1,AGT,Activation,1.0,A
NFKB1,AKT1,Repression,-1.0,A
NFKB1,ALOX5AP,Activation,1.0,A
NFKB1,AMH,Activation,1.0,A
NFKB1,AR,Repression,-1.0,A
NFKB1,ATF3,Activation,1.0,A
NFKB1,B2M,Activation,1.0,A
NFKB1,BCL2,Activation,1.0,A
NFKB1,BCL2A1,Activation,1.0,A
NFKB1,BCL2L1,Activation,1.0,A
NFKB1,BCL3,Activation,1.0,A
NFKB1,BIRC2,Activation,1.0,A
NFKB1,BIRC3,Activation,1.0,A
NFKB1,BIRC5,Activation,1.0,A
NFKB1,BRCA2,Activation,1.0,A
NFKB1,BST1,Activation,1.0,A
NFKB1,CCL11,Activation,1.0,A
NFKB1,CCL2,Activation,1.0,A
NFKB1,CCL22,Activation,1.0,A
NFKB1,CCL3,Activation,1.0,A
NFKB1,CCL4,Activation,1.0,A
NFKB1,CCL5,Activation,1.0,A
NFKB1,CCND1,Activation,1.0,A
NFKB1,CCND2,Activation,1.0,A
NFKB1,CCR7,Activation,1.0,A
NFKB1,CD40,Activation,1.0,A
NFKB1,CD40LG,Activation,1.0,A
NFKB1,CD58,Activation,1.0,A
NFKB1,CD69,Activation,1.0,A
NFKB1,CD74,Activation,1.0,A
NFKB1,CD80,Activation,1.0,A
NFKB1,CD83,Activation,1.0,A
NFKB1,CD86,Activation,1.0,A
NFKB1,CDK4,Activation,1.0,A
NFKB1,CFLAR,Activation,1.0,A
NFKB1,CFTR,Activation,1.0,A
NFKB1,COL1A1,Repression,-1.0,A
NFKB1,COL1A2,Repression,-1.0,A
NFKB1,CR2,Activation,1.0,A
NFKB1,CRMP1,Activation,1.0,A
NFKB1,CRP,Activation,1.0,A
NFKB1,CSF1,Activation,1.0,A
NFKB1,CSF2,Activation,1.0,A
NFKB1,CSNK2A1,Activation,1.0,A
NFKB1,CTCF,Repression,-1.0,A
NFKB1,CTSB,Activation,1.0,A
NFKB1,CXCL1,Activation,1.0,A
NFKB1,CXCL10,Activation,1.0,A
NFKB1,CXCL2,Activation,1.0,A
NFKB1,CXCL5,Activation,1.0,A
NFKB1,CXCL8,Activation,1.0,A
NFKB1,CYP19A1,Repression,-1.0,A
NFKB1,CYP27B1,Activation,1.0,A
NFKB1,EBI3,Activation,1.0,A
NFKB1,EDN1,Activation,1.0,A
NFKB1,EGFR,Activation,1.0,A
NFKB1,ELF3,Activation,1.0,A
NFKB1,ERAP1,Activation,0.5,B
NFKB1,F3,Activation,1.0,A
NFKB1,F8,Activation,1.0,A
NFKB1,FAS,Activation,1.0,A
NFKB1,FASLG,Activation,1.0,A
NFKB1,FBP1,Activation,1.0,A
NFKB1,VEGFD,Activation,1.0,A
NFKB1,FN1,Activation,1.0,A
NFKB1,GADD45G,Activation,1.0,A
NFKB1,GATA3,Activation,1.0,A
NFKB1,GDNF,Activation,1.0,A
NFKB1,GSTP1,Activation,1.0,A
NFKB1,HDAC7,Activation,0.5,B
NFKB1,HIF1A,Activation,1.0,A
NFKB1,HLA-F,Activation,1.0,A
NFKB1,HMOX1,Activation,1.0,A
NFKB1,HSD11B2,Activation,1.0,A
NFKB1,ICAM1,Activation,1.0,A
NFKB1,IER3,Activation,1.0,A
NFKB1,IFNA1,Activation,1.0,A
NFKB1,IFNB1,Activation,1.0,A
NFKB1,IFNG,Activation,1.0,A
NFKB1,IL10,Activation,1.0,A
NFKB1,IL12A,Activation,1.0,A
NFKB1,IL12B,Repression,-1.0,A
NFKB1,IL17C,Activation,1.0,A
NFKB1,IL18,Activation,1.0,A
NFKB1,IL1A,Repression,-1.0,A
NFKB1,IL1B,Activation,1.0,A
NFKB1,IL1RN,Activation,1.0,A
NFKB1,IL2,Activation,1.0,A
NFKB1,IL23A,Activation,1.0,A
NFKB1,IL2RA,Activation,1.0,A
NFKB1,IL4,Activation,1.0,A
NFKB1,IL6,Activation,1.0,A
NFKB1,IRF1,Activation,1.0,A
NFKB1,IRF4,Activation,1.0,A
NFKB1,IRF7,Activation,1.0,A
NFKB1,JUNB,Activation,1.0,A
NFKB1,KDM2A,Activation,0.5,B
NFKB1,KLK3,Activation,1.0,A
NFKB1,LPL,Activation,1.0,A
NFKB1,MADCAM1,Activation,1.0,A
NFKB1,MAT2A,Activation,1.0,A
NFKB1,MICA,Activation,1.0,A
NFKB1,MMP13,Activation,1.0,A
NFKB1,MMP14,Activation,1.0,A
NFKB1,MMP2,Activation,1.0,A
NFKB1,MMP3,Activation,1.0,A
NFKB1,MMP9,Activation,1.0,A
NFKB1,MYC,Activation,1.0,A
NFKB1,NCOR2,Activation,0.5,B
NFKB1,NFKBIA,Activation,1.0,A
NFKB1,NOD2,Activation,1.0,A
NFKB1,NOLC1,Activation,1.0,A
NFKB1,NOS1,Activation,1.0,A
NFKB1,NOS2,Activation,1.0,A
NFKB1,NOS3,Activation,1.0,A
NFKB1,PDE7A,Activation,1.0,A
NFKB1,PIGR,Activation,1.0,A
NFKB1,PLAU,Activation,1.0,A
NFKB1,PLAUR,Activation,1.0,A
NFKB1,PTAFR,Activation,1.0,A
NFKB1,PTGS2,Activation,1.0,A
NFKB1,PTHLH,Activation,1.0,A
NFKB1,PTPN13,Activation,1.0,A
NFKB1,RIPK2,Activation,1.0,A
NFKB1,RRM2B,Activation,1.0,A
NFKB1,SELE,Activation,1.0,A
NFKB1,SERPINA3,Repression,-1.0,A
NFKB1,SERPINB1,Activation,1.0,A
NFKB1,SERPINE1,Activation,1.0,A
NFKB1,SOCS3,Activation,1.0,A
NFKB1,SOD2,Activation,1.0,A
NFKB1,SQSTM1,Activation,0.5,B
NFKB1,TBX21,Activation,1.0,A
NFKB1,TFF3,Activation,1.0,A
NFKB1,TFPI2,Activation,1.0,A
NFKB1,THBD,Repression,-1.0,A
NFKB1,TIMP1,Repression,-1.0,A
NFKB1,TLR2,Activation,1.0,A
NFKB1,TNC,Activation,1.0,A
NFKB1,TNF,Activation,1.0,A
NFKB1,TNFAIP3,Activation,1.0,A
NFKB1,TNFRSF10A,Activation,1.0,A
NFKB1,TNFRSF10B,Activation,1.0,A
NFKB1,TNFSF10,Activation,1.0,A
NFKB1,TNIP3,Activation,0.5,B
NFKB1,TP53,Activation,1.0,A
NFKB1,TRAF1,Activation,1.0,A
NFKB1,TRAF2,Activation,1.0,A
NFKB1,VCAM1,Activation,1.0,A
NFKB1,VEGFA,Activation,1.0,A
NFKB1,VWF,Activation,1.0,A
NFKB1,WT1,Activation,1.0,A
NFKB1,XIAP,Activation,1.0,A
NFKB2,CCL21,Activation,1.0,A
NFKB2,CCND2,Activation,1.0,A
NFKB2,CDK6,Activation,1.0,A
NFKB2,SELP,Activation,1.0,A
NFKB2,SND1,Activation,1.0,A
NFYA,ABCB1,Activation,1.0,A
NFYA,DDIT3,Activation,1.0,A
NFYA,FXR2,Activation,1.0,A
NFYA,SP3,Activation,1.0,A
NFYB,FXR2,Activation,1.0,A
NKX2-1,SFTPA1,Activation,1.0,A
NKX2-1,SFTPB,Activation,1.0,A
NKX2-5,GATA4,Activation,1.0,A
NPAS2,CRY1,Activation,1.0,A
NPAS2,CRY2,Activation,1.0,A
NPAS2,PER1,Activation,1.0,A
NPAS2,PER2,Activation,1.0,A
NR0B1,NR1H4,Repression,-1.0,A
NR0B1,NR5A1,Repression,-1.0,A
NR1H2,ABCA1,Activation,1.0,A
NR1H2,ABCG1,Activation,1.0,A
NR1H3,ABCA1,Activation,1.0,A
NR1H3,ABCG1,Activation,1.0,A
NR1H3,BHLHE40,Activation,1.0,A
NR1H4,ABCB11,Activation,1.0,A
NR1H4,ABCB4,Activation,1.0,A
NR1H4,ABCC4,Repression,-1.0,A
NR1H4,FABP6,Activation,1.0,A
NR1H4,NR1I2,Activation,1.0,A
NR1H4,UGT2B4,Repression,-1.0,A
NR1I2,CYP3A4,Activation,1.0,A
NR1I2,CYP4F12,Activation,1.0,A
NR1I3,UGT1A1,Activation,1.0,A
NR2F1,APOA2,Repression,-1.0,A
NR2F1,APOC3,Repression,-1.0,A
NR2F1,CYP19A1,Repression,-1.0,A
NR2F1,LHCGR,Repression,-1.0,A
NR2F2,POU5F1,Repression,-1.0,A
NR2F2,PPARA,Repression,-1.0,A
NR2F6,APOB,Activation,0.5,B
NR2F6,LHCGR,Repression,-1.0,A
NR3C1,ATF2,Repression,-1.0,A
NR3C1,ATP1B1,Repression,-1.0,A
NR3C1,BGLAP,Repression,-1.0,A
NR3C1,CALD1,Activation,1.0,A
NR3C1,CDK6,Repression,-1.0,A
NR3C1,ETS1,Repression,-1.0,A
NR3C1,RLN1,Activation,1.0,A
NR3C1,RLN2,Activation,1.0,A
NR3C1,SCNN1A,Activation,1.0,A
NR3C2,ATP1B1,Repression,-1.0,A
NR4A1,CYP17A1,Activation,1.0,A
NR4A1,E2F1,Activation,1.0,A
NR4A1,HSD3B2,Activation,1.0,A
NR4A1,MDM2,Repression,-1.0,A
NR4A1,STAR,Activation,1.0,A
NR5A1,AMH,Activation,1.0,A
NR5A1,CYP11A1,Activation,1.0,A
NR5A1,CYP11B1,Activation,1.0,A
NR5A1,CYP11B2,Repression,-1.0,A
NR5A1,CYP17A1,Activation,1.0,A
NR5A1,CYP19A1,Activation,1.0,A
NR5A1,HSD3B2,Activation,1.0,A
NR5A1,LHB,Activation,1.0,A
NR5A1,MC2R,Activation,1.0,A
NR5A1,NR0B1,Activation,1.0,A
NR5A1,POU5F1,Activation,1.0,A
NR5A1,SRY,Activation,1.0,A
NR5A1,STAR,Activation,1.0,A
NR5A2,CYP11B1,Activation,1.0,A
NRF1,CAPNS1,Activation,1.0,A
NRF1,FMR1,Activation,1.0,A
NRF1,FXR2,Activation,1.0,A
NRF1,PRDX5,Activation,1.0,A
NRL,RHO,Activation,1.0,A
ONECUT1,MITF,Activation,0.5,B
ONECUT2,SYTL4,Repression,-1.0,A
OTX2,RBP3,Activation,1.0,A
PAX1,PDGFRA,Activation,1.0,A
PAX2,TP53,Repression,-1.0,A
PAX2,WT1,Activation,1.0,A
PAX3,BCL2L1,Activation,1.0,A
PAX3,MET,Activation,1.0,A
PAX3,MITF,Activation,1.0,A
PAX4,INS,Repression,-1.0,A
PAX5,BCL2,Repression,-1.0,A
PAX5,BLK,Activation,1.0,A
PAX5,CD19,Activation,1.0,A
PAX5,CD79A,Activation,1.0,A
PAX5,FCER2,Activation,0.5,B
PAX5,PRDM1,Repression,-1.0,A
PAX5,PRKCE,Activation,0.5,B
PAX5,TP53,Activation,1.0,A
PAX5,XBP1,Repression,-1.0,A
PAX6,ITGA5,Activation,1.0,A
PAX6,ITGB1,Activation,1.0,A
PAX6,KRT12,Activation,1.0,A
PAX6,MET,Activation,1.0,A
PAX6,MMP2,Activation,1.0,A
PAX6,PCSK1,Activation,1.0,A
PAX6,PDHX,Repression,-1.0,A
PAX8,E2F1,Activation,1.0,A
PAX8,NCAM1,Activation,1.0,A
PAX8,SLC5A5,Activation,1.0,A
PAX8,TG,Activation,1.0,A
PAX8,TP53,Repression,-1.0,A
PAX8,TSHR,Repression,-1.0,A
PAX8,WT1,Activation,1.0,A
PBX1,NANOG,Activation,1.0,A
PBX1,VCP,Activation,1.0,A
PBX2,UGT2B17,Repression,-1.0,A
PCGF2,HOXA7,Activation,1.0,A
PDX1,GCK,Activation,1.0,A
PDX1,INS,Activation,1.0,A
PGR,BCL2,Activation,1.0,A
PGR,CCND1,Activation,1.0,A
PGR,CYP19A1,Repression,-1.0,A
PGR,EGFR,Activation,0.5,B
PGR,ESR1,Activation,1.0,A
PGR,HLTF,Activation,1.0,A
PGR,IGFBP1,Activation,1.0,A
PGR,KLK3,Activation,1.0,A
PGR,MYC,Repression,-1.0,A
PGR,PLD1,Activation,0.5,B
PGR,RLN1,Activation,1.0,A
PGR,RLN2,Activation,1.0,A
PGR,VEGFA,Repression,-1.0,A
PITX1,FSHB,Activation,1.0,A
PITX1,PRL,Activation,1.0,A
PITX2,FSHB,Activation,1.0,A
PKNOX1,PTPN6,Activation,1.0,A
PLAG1,ABCC6,Activation,1.0,A
PLAGL1,ABCC6,Activation,1.0,A
POU1F1,GH1,Activation,1.0,A
POU1F1,GH2,Activation,1.0,A
POU1F1,GHR,Activation,1.0,A
POU1F1,PRL,Activation,1.0,A
POU2F1,BDKRB1,Activation,1.0,A
POU2F1,CCND1,Activation,1.0,A
POU2F1,CDX2,Activation,1.0,A
POU2F1,GADD45A,Activation,1.0,A
POU2F1,GCM1,Activation,1.0,A
POU2F1,GNRH1,Activation,1.0,A
POU2F1,HBG1,Repression,-1.0,A
POU2F1,HPGDS,Activation,1.0,A
POU2F1,IL2,Activation,1.0,A
POU2F1,IL4,Activation,1.0,A
POU2F1,IL5,Activation,1.0,A
POU2F1,LCT,Activation,1.0,A
POU2F1,PLAU,Activation,1.0,A
POU2F1,POU2AF1,Activation,1.0,A
POU2F1,PTGIR,Activation,1.0,A
POU2F1,RPTOR,Activation,1.0,A
POU2F1,RRM2B,Activation,1.0,A
POU2F1,SNAPC1,Activation,1.0,A
POU2F1,SPP1,Activation,1.0,A
POU2F1,ST6GAL1,Activation,1.0,A
POU2F1,TRA,Activation,1.0,A
POU2F1,TXNRD1,Activation,1.0,A
POU2F1,UGT2B7,Activation,1.0,A
POU2F1,VCAM1,Repression,-1.0,A
POU2F1,VWF,Activation,1.0,A
POU2F2,HLA-DOB,Activation,1.0,A
POU2F2,HLA-DRA,Activation,1.0,A
POU2F2,IL5,Activation,1.0,A
POU2F2,SPI1,Activation,1.0,A
POU2F2,SPP1,Activation,1.0,A
POU2F2,TRA,Activation,1.0,A
POU2F3,SPRR2A,Activation,1.0,A
POU3F1,GNRH1,Activation,1.0,A
POU3F2,GNRH1,Activation,1.0,A
POU4F2,CCND1,Activation,1.0,A
POU5F1,CDX2,Repression,-1.0,A
POU5F1,ID2,Repression,-1.0,A
POU5F1,LEFTY1,Activation,1.0,A
POU5F1,NANOG,Activation,1.0,A
POU5F1,SOX2,Activation,1.0,A
PPARA,ACOX1,Activation,1.0,A
PPARA,ACSL1,Activation,1.0,A
PPARA,ANGPTL4,Activation,1.0,A
PPARA,APOA4,Activation,1.0,A
PPARA,APOA5,Activation,1.0,A
PPARA,APOB,Activation,1.0,A
PPARA,APOBR,Repression,-1.0,A
PPARA,APOC3,Repression,-1.0,A
PPARA,CD36,Activation,1.0,A
PPARA,CPT1A,Activation,1.0,A
PPARA,CYP1A1,Activation,1.0,A
PPARA,LPL,Activation,1.0,A
PPARA,MMP9,Repression,-1.0,A
PPARA,NFKBIA,Activation,1.0,A
PPARA,PTGS2,Repression,-1.0,A
PPARA,SERPINE1,Activation,1.0,A
PPARA,TUBA1B,Repression,-1.0,A
PPARA,UCP1,Activation,1.0,A
PPARD,ANGPTL4,Activation,1.0,A
PPARD,LPL,Activation,1.0,A
PPARD,SAT1,Activation,1.0,A
PPARG,ABCG2,Activation,1.0,A
PPARG,ADIPOQ,Activation,1.0,A
PPARG,ANGPTL4,Activation,1.0,A
PPARG,APOB,Repression,-1.0,A
PPARG,APOBR,Repression,-1.0,A
PPARG,ATP2A2,Activation,1.0,A
PPARG,BCL2,Activation,1.0,A
PPARG,CCND1,Repression,-1.0,A
PPARG,CD36,Activation,1.0,A
PPARG,CD83,Activation,1.0,A
PPARG,CDKN1A,Activation,1.0,A
PPARG,CPT1B,Activation,1.0,A
PPARG,DBI,Activation,1.0,A
PPARG,EGFR,Repression,-1.0,A
PPARG,FABP4,Activation,1.0,A
PPARG,GK,Activation,1.0,A
PPARG,LIPE,Activation,1.0,A
PPARG,MMP1,Repression,-1.0,A
PPARG,MMP9,Repression,-1.0,A
PPARG,MYC,Repression,-1.0,A
PPARG,NR1H3,Activation,1.0,A
PPARG,PLIN2,Activation,1.0,A
PPARG,POU2F1,Activation,1.0,A
PPARG,PTEN,Activation,1.0,A
PPARG,PTGS2,Repression,-1.0,A
PPARG,RARB,Activation,1.0,A
PPARG,RETN,Repression,-1.0,A
PPARG,SAT1,Activation,1.0,A
PPARG,SERPINE1,Repression,-1.0,A
PPARG,SLC2A4,Repression,-1.0,A
PPARG,TNFRSF11B,Repression,-1.0,A
PPARG,TP53,Activation,1.0,A
PPARG,TSHR,Repression,-1.0,A
PPARG,TXNIP,Repression,-0.5,B
PPARG,VLDLR,Activation,1.0,A
PRDM1,CIITA,Repression,-1.0,A
PRDM1,MYC,Repression,-1.0,A
PRDM14,POU5F1,Activation,1.0,A
PROX1,CYP7A1,Repression,-1.0,A
PROX1,NR5A2,Repression,-1.0,A
PURA,AR,Repression,-1.0,A
RARA,CCNA1,Repression,-1.0,A
RARA,CDKN1A,Activation,1.0,A
RARA,CXCR5,Activation,1.0,A
RARA,ETS1,Activation,1.0,A
RARA,HNF4A,Activation,1.0,A
RARA,HSD17B2,Activation,1.0,A
RARA,ICAM1,Activation,1.0,A
RARA,MACROD1,Repression,-1.0,A
RARA,MAOB,Activation,1.0,A
RARA,MUC5AC,Activation,1.0,A
RARA,NR1I3,Activation,1.0,A
RARA,PLAU,Activation,1.0,A
RARA,PRKCA,Activation,1.0,A
RARA,RARB,Activation,1.0,A
RARA,RPTOR,Activation,1.0,A
RARA,SCD,Activation,1.0,A
RARA,SFTPB,Activation,1.0,A
RARA,THBD,Activation,1.0,A
RARB,ADH5,Activation,1.0,A
RARG,ICAM1,Activation,1.0,A
RARG,RARB,Activation,1.0,A
RBPJ,CR2,Activation,1.0,A
RBPJ,NFKB1,Activation,1.0,A
RBPJ,PTEN,Repression,-1.0,A
REL,BIRC3,Activation,1.0,A
REL,CCL2,Activation,1.0,A
REL,CCL5,Activation,1.0,A
REL,CD40LG,Activation,1.0,A
REL,CRP,Activation,1.0,A
REL,CSRP1,Activation,1.0,A
REL,EPHB2,Repression,-1.0,A
REL,F3,Activation,1.0,A
REL,ICAM1,Activation,1.0,A
REL,IER3,Activation,1.0,A
REL,IL12B,Repression,-1.0,A
REL,IL1B,Activation,1.0,A
REL,IL2,Activation,1.0,A
REL,IL2RA,Activation,1.0,A
REL,IL6,Repression,-1.0,A
REL,SELE,Activation,1.0,A
REL,TNFAIP3,Activation,1.0,A
RELA,ABCB1,Activation,1.0,A
RELA,AGER,Activation,1.0,A
RELA,AGT,Activation,1.0,A
RELA,AKT1,Repression,-1.0,A
RELA,AMH,Activation,1.0,A
RELA,AR,Repression,-1.0,A
RELA,BAX,Repression,-1.0,A
RELA,BCL2,Activation,1.0,A
RELA,BCL2A1,Activation,1.0,A
RELA,BCL2L1,Activation,1.0,A
RELA,BCL3,Activation,1.0,A
RELA,BIRC2,Activation,1.0,A
RELA,BIRC3,Activation,1.0,A
RELA,BIRC5,Activation,1.0,A
RELA,BRCA2,Activation,1.0,A
RELA,CCL11,Activation,1.0,A
RELA,CCL2,Activation,1.0,A
RELA,CCL20,Activation,1.0,A
RELA,CCL3,Activation,1.0,A
RELA,CCL4,Activation,1.0,A
RELA,CCL5,Activation,1.0,A
RELA,CCND1,Activation,1.0,A
RELA,CCR5,Activation,1.0,A
RELA,CD40,Activation,1.0,A
RELA,CD40LG,Activation,1.0,A
RELA,CD58,Activation,1.0,A
RELA,CD69,Activation,1.0,A
RELA,CD74,Activation,1.0,A
RELA,CD83,Activation,1.0,A
RELA,CD86,Activation,1.0,A
RELA,CDK4,Activation,1.0,A
RELA,CDK6,Activation,1.0,A
RELA,CDKN1A,Activation,1.0,A
RELA,CFLAR,Activation,1.0,A
RELA,CFTR,Activation,1.0,A
RELA,COL1A1,Repression,-1.0,A
RELA,COL1A2,Repression,-1.0,A
RELA,COL2A1,Repression,-1.0,A
RELA,CR2,Activation,1.0,A
RELA,CRHR1,Activation,1.0,A
RELA,CSF1,Repression,-1.0,A
RELA,CSF2,Activation,1.0,A
RELA,CTSB,Activation,1.0,A
RELA,CXCL1,Activation,1.0,A
RELA,CXCL10,Activation,1.0,A
RELA,CXCL2,Activation,1.0,A
RELA,CXCL5,Activation,1.0,A
RELA,CXCL8,Activation,1.0,A
RELA,CXCR4,Activation,1.0,A
RELA,CYP3A4,Repression,-1.0,A
RELA,EBI3,Activation,1.0,A
RELA,EDN1,Activation,1.0,A
RELA,EGFR,Activation,1.0,A
RELA,EGR1,Repression,-1.0,A
RELA,ELF3,Activation,1.0,A
RELA,EPAS1,Activation,1.0,A
RELA,F3,Activation,1.0,A
RELA,FGF8,Activation,1.0,A
RELA,VEGFD,Activation,1.0,A
RELA,FN1,Activation,1.0,A
RELA,GADD45G,Activation,1.0,A
RELA,GATA3,Activation,1.0,A
RELA,GSTP1,Activation,1.0,A
RELA,HDAC1,Activation,1.0,A
RELA,HIF1A,Activation,1.0,A
RELA,ICAM1,Activation,1.0,A
RELA,IER3,Activation,1.0,A
RELA,IFNA1,Activation,1.0,A
RELA,IFNB1,Activation,1.0,A
RELA,IFNG,Activation,1.0,A
RELA,IL10,Activation,1.0,A
RELA,IL12A,Activation,1.0,A
RELA,IL12B,Repression,-1.0,A
RELA,IL17C,Activation,1.0,A
RELA,IL18,Activation,1.0,A
RELA,IL1A,Activation,1.0,A
RELA,IL1B,Activation,1.0,A
RELA,IL2,Activation,1.0,A
RELA,IL23A,Activation,1.0,A
RELA,IL2RA,Activation,1.0,A
RELA,IL4,Activation,1.0,A
RELA,IL6,Activation,1.0,A
RELA,IRF1,Activation,1.0,A
RELA,IRF4,Activation,1.0,A
RELA,IRF7,Activation,1.0,A
RELA,KDM2A,Activation,0.5,B
RELA,KLK3,Activation,1.0,A
RELA,MAT2A,Activation,1.0,A
RELA,MCL1,Activation,1.0,A
RELA,MICA,Activation,1.0,A
RELA,MMP14,Activation,1.0,A
RELA,MMP2,Activation,1.0,A
RELA,MMP3,Activation,1.0,A
RELA,MMP9,Activation,1.0,A
RELA,MYC,Activation,1.0,A
RELA,NCAM1,Activation,1.0,A
RELA,NCOR2,Activation,0.5,B
RELA,NFKB1,Activation,1.0,A
RELA,NFKBIA,Activation,1.0,A
RELA,NFKBIZ,Activation,0.5,B
RELA,NOLC1,Activation,1.0,A
RELA,NOS2,Activation,1.0,A
RELA,NOS3,Activation,1.0,A
RELA,OPTN,Activation,1.0,A
RELA,PCK2,Repression,-1.0,A
RELA,PGR,Repression,-1.0,A
RELA,PIGR,Activation,1.0,A
RELA,PLAU,Activation,1.0,A
RELA,PLAUR,Activation,1.0,A
RELA,POU2F2,Activation,0.5,B
RELA,PPARA,Repression,-1.0,A
RELA,PPARD,Repression,-1.0,A
RELA,PTGS2,Activation,1.0,A
RELA,PTHLH,Activation,1.0,A
RELA,PTPN13,Activation,1.0,A
RELA,RIPK2,Activation,1.0,A
RELA,S100A6,Activation,1.0,A
RELA,SAA2,Activation,1.0,A
RELA,SELE,Activation,1.0,A
RELA,SERPINE1,Activation,1.0,A
RELA,SIRT1,Activation,1.0,A
RELA,SLC25A27,Activation,1.0,A
RELA,SNAI1,Activation,1.0,A
RELA,SOCS3,Activation,1.0,A
RELA,SOD2,Activation,1.0,A
RELA,STAT1,Activation,0.5,B
RELA,STAT3,Activation,0.5,B
RELA,TBX21,Activation,1.0,A
RELA,THBD,Repression,-1.0,A
RELA,TIMP1,Repression,-1.0,A
RELA,TNC,Activation,1.0,A
RELA,TNF,Activation,1.0,A
RELA,TNFAIP3,Activation,1.0,A
RELA,TNFRSF10A,Repression,-1.0,A
RELA,TNFRSF10B,Activation,1.0,A
RELA,TP53,Activation,1.0,A
RELA,TRAF1,Activation,1.0,A
RELA,TRAF2,Activation,1.0,A
RELA,TRIB3,Repression,-1.0,A
RELA,VCAM1,Activation,1.0,A
RELA,VEGFA,Activation,1.0,A
RELA,WT1,Activation,1.0,A
RELA,XIAP,Activation,1.0,A
RELB,CCL19,Activation,1.0,A
RELB,CCL21,Activation,1.0,A
RELB,CD40,Activation,1.0,A
RELB,PIGR,Activation,1.0,A
REST,BDNF,Repression,-1.0,A
REST,CACNA1H,Repression,-0.5,B
REST,CARTPT,Repression,-1.0,A
REST,CHGA,Repression,-0.5,B
REST,GLRA1,Activation,1.0,A
REST,GRIN1,Repression,-1.0,A
REST,KCNQ2,Repression,-1.0,A
REST,LIN28A,Repression,-1.0,A
REST,OPRM1,Repression,-1.0,A
REST,PCSK1,Repression,-0.5,B
REST,TUBB3,Repression,-1.0,A
REST,VGF,Repression,-0.5,B
RFX1,COL1A2,Activation,1.0,A
RFX1,MYC,Repression,-1.0,A
RFX1,PCNA,Repression,-1.0,A
RFX5,COL1A2,Repression,-1.0,A
RFX5,HLA-DMA,Activation,1.0,A
RFX5,HLA-DMB,Activation,1.0,A
RFX5,HLA-DOA,Activation,1.0,A
RFX5,HLA-DOB,Activation,1.0,A
RFX5,HLA-DPA1,Activation,1.0,A
RFX5,HLA-DPB1,Activation,1.0,A
RFX5,HLA-DQA1,Activation,1.0,A
RFX5,HLA-DQA2,Activation,1.0,A
RFX5,HLA-DQB1,Activation,1.0,A
RFX5,HLA-DRA,Activation,1.0,A
RFX5,HLA-DRB1,Activation,1.0,A
RFX5,HLA-DRB3,Activation,1.0,A
RFX5,HLA-DRB4,Activation,1.0,A
RFX5,HLA-DRB5,Activation,1.0,A
RORA,NR1D1,Activation,1.0,A
RORA,TUBA1B,Activation,1.0,A
RORC,IL17A,Activation,1.0,A
RORC,IL22,Activation,1.0,A
RREB1,KLK3,Repression,-1.0,A
RUNX1,CSF1R,Activation,1.0,A
RUNX1,IL2,Activation,1.0,A
RUNX1,IL3,Repression,-1.0,A
RUNX1,ITGB2,Activation,1.0,A
RUNX1,KLK3,Activation,1.0,A
RUNX1,LGALS3,Activation,1.0,A
RUNX1,MAD2L1,Repression,-1.0,A
RUNX1,MECOM,Activation,1.0,A
RUNX1,NFKB1,Activation,1.0,A
RUNX1,PIK3CD,Activation,1.0,A
RUNX1,PRKCQ,Activation,1.0,A
RUNX1,SPI1,Activation,1.0,A
RUNX1,TIMP1,Activation,0.5,B
RUNX2,ESR1,Repression,-1.0,A
RUNX2,IBSP,Activation,1.0,A
RUNX2,LGALS3,Activation,1.0,A
RUNX2,MMP13,Activation,1.0,A
RUNX3,CASP8,Activation,1.0,A
RUNX3,CFLAR,Repression,-1.0,A
RUNX3,ICAM3,Repression,-1.0,A
RUNX3,MMP9,Repression,-1.0,A
RUNX3,RUNX1,Repression,-1.0,A
RUNX3,TCF4,Activation,1.0,A
RXRA,ABCB11,Activation,1.0,A
RXRA,ABCC3,Repression,-1.0,A
RXRA,CPT1B,Activation,1.0,A
RXRA,CXCR5,Activation,1.0,A
RXRA,CYP3A4,Activation,1.0,A
RXRA,CYP7A1,Repression,-1.0,A
RXRA,HNF1A,Activation,1.0,A
RXRA,HSD17B2,Activation,1.0,A
RXRA,NOL7,Activation,1.0,A
RXRA,PLD1,Activation,1.0,A
SALL4,ABCA3,Activation,1.0,A
SALL4,ZEB1,Activation,1.0,A
SATB1,CD8B,Activation,1.0,A
SKIL,SMAD7,Repression,-1.0,A
SMAD1,TNFRSF11B,Activation,1.0,A
SMAD3,AHR,Activation,1.0,A
SMAD3,APOC3,Activation,1.0,A
SMAD3,BAMBI,Activation,1.0,A
SMAD3,BGLAP,Activation,1.0,A
SMAD3,CCND2,Activation,1.0,A
SMAD3,CDKN1A,Activation,1.0,A
SMAD3,COL7A1,Activation,1.0,A
SMAD3,CYP17A1,Repression,-1.0,A
SMAD3,EPO,Activation,1.0,A
SMAD3,FOXP3,Activation,1.0,A
SMAD3,FSTL3,Activation,1.0,A
SMAD3,GLI2,Activation,1.0,A
SMAD3,JUN,Activation,1.0,A
SMAD3,MMP9,Activation,1.0,A
SMAD3,MYC,Repression,-1.0,A
SMAD3,POR,Activation,1.0,A
SMAD3,PTHLH,Activation,1.0,A
SMAD3,SERPINE1,Activation,1.0,A
SMAD3,SMAD7,Activation,1.0,A
SMAD3,TERT,Repression,-1.0,A
SMAD3,TGFB1,Activation,1.0,A
SMAD3,TNC,Activation,1.0,A
SMAD3,VEGFA,Activation,1.0,A
SMAD3,ZFP36,Activation,1.0,A
SMAD4,AHR,Activation,1.0,A
SMAD4,APOC3,Activation,1.0,A
SMAD4,BAMBI,Activation,1.0,A
SMAD4,BGLAP,Activation,1.0,A
SMAD4,BTRC,Repression,-1.0,A
SMAD4,CDKN1A,Activation,1.0,A
SMAD4,CDKN2B,Activation,1.0,A
SMAD4,COL7A1,Activation,1.0,A
SMAD4,DACH1,Repression,-1.0,A
SMAD4,EPO,Activation,1.0,A
SMAD4,FSTL3,Activation,1.0,A
SMAD4,JUN,Activation,1.0,A
SMAD4,MYC,Repression,-1.0,A
SMAD4,POR,Activation,1.0,A
SMAD4,RUNX1T1,Activation,1.0,A
SMAD4,SERPINE1,Activation,1.0,A
SMAD4,SKIL,Repression,-0.5,B
SMAD4,SMAD7,Activation,1.0,A
SMAD4,TGFB1,Activation,1.0,A
SMAD4,TNC,Activation,1.0,A
SMAD4,ZFP36,Activation,1.0,A
SNAI1,CDH1,Repression,-1.0,A
SNAI1,FN1,Activation,1.0,A
SNAI1,HBEGF,Activation,1.0,A
SNAI1,THBS1,Repression,-1.0,A
SNAI1,VDR,Repression,-1.0,A
SNAI2,CDH1,Repression,-1.0,A
SNAI2,CXCR4,Activation,1.0,A
SNAI2,JAG1,Activation,1.0,A
SNAI2,VDR,Repression,-1.0,A
SOX10,COL11A2,Activation,1.0,A
SOX10,EDNRB,Activation,1.0,A
SOX10,GJB1,Repression,-1.0,A
SOX10,GJC2,Activation,1.0,A
SOX10,MBP,Activation,1.0,A
SOX10,MITF,Activation,1.0,A
SOX10,MPZ,Activation,1.0,A
SOX10,RET,Activation,1.0,A
SOX2,ABCC6,Activation,1.0,A
SOX2,CCND1,Activation,1.0,A
SOX2,ISL1,Repression,-1.0,A
SOX2,NTRK3,Activation,1.0,A
SOX2,RHO,Repression,-1.0,A
SOX4,HDAC8,Activation,1.0,A
SOX4,NCAM1,Activation,1.0,A
SOX6,TP53,Activation,1.0,A
SOX9,AMH,Activation,1.0,A
SOX9,CDKN1A,Activation,1.0,A
SOX9,CEACAM1,Activation,1.0,A
SOX9,HES1,Activation,1.0,A
SOX9,MIA,Activation,1.0,A
SOX9,PRAME,Repression,-1.0,A
SP1,ABCB1,Activation,1.0,A
SP1,ABCC1,Repression,-1.0,A
SP1,ABCC3,Activation,1.0,A
SP1,ACAN,Activation,1.0,A
SP1,ADA,Activation,1.0,A
SP1,ADAM10,Activation,1.0,A
SP1,ADAM17,Activation,1.0,A
SP1,ADH6,Activation,1.0,A
SP1,ADIPOQ,Activation,1.0,A
SP1,ADRA1A,Activation,1.0,A
SP1,ADRA2B,Activation,1.0,A
SP1,ADRB3,Activation,1.0,A
SP1,AGT,Activation,1.0,A
SP1,AGTR1,Activation,1.0,A
SP1,AHR,Repression,-1.0,A
SP1,ALOX12,Activation,1.0,A
SP1,ALOX15B,Activation,1.0,A
SP1,ALOX5,Activation,1.0,A
SP1,APEX1,Repression,-1.0,A
SP1,APOA1,Activation,1.0,A
SP1,APOE,Activation,1.0,A
SP1,APP,Activation,1.0,A
SP1,AR,Activation,1.0,A
SP1,AREG,Activation,1.0,A
SP1,ATF2,Activation,1.0,A
SP1,ATM,Activation,1.0,A
SP1,ATP2A2,Activation,1.0,A
SP1,B4GALT1,Activation,1.0,A
SP1,BAX,Activation,1.0,A
SP1,BCL2,Activation,1.0,A
SP1,BIRC5,Activation,1.0,A
SP1,BLMH,Activation,1.0,A
SP1,BRCA1,Activation,1.0,A
SP1,BRD7,Activation,1.0,A
SP1,BSG,Activation,1.0,A
SP1,BTK,Activation,1.0,A
SP1,C1QBP,Activation,1.0,A
SP1,CA9,Activation,1.0,A
SP1,CAT,Activation,1.0,A
SP1,CAV1,Activation,1.0,A
SP1,CCK,Activation,1.0,A
SP1,CCL2,Activation,1.0,A
SP1,CCND1,Activation,1.0,A
SP1,CCND2,Activation,1.0,A
SP1,CD14,Activation,1.0,A
SP1,CD151,Activation,1.0,A
SP1,CD163,Activation,1.0,A
SP1,CD28,Activation,1.0,A
SP1,CD44,Activation,1.0,A
SP1,CD83,Activation,1.0,A
SP1,ADGRE5,Activation,1.0,A
SP1,CD99,Activation,1.0,A
SP1,CDH3,Activation,1.0,A
SP1,CDK6,Repression,-1.0,A
SP1,CDKN1A,Activation,1.0,A
SP1,CDKN1B,Activation,1.0,A
SP1,CDKN2A,Activation,1.0,A
SP1,CDKN2B,Activation,1.0,A
SP1,CENPW,Activation,1.0,A
SP1,CERS2,Activation,1.0,A
SP1,CES1,Activation,1.0,A
SP1,CETP,Repression,-1.0,A
SP1,CHRNB4,Activation,1.0,A
SP1,CIC,Activation,0.5,B
SP1,COL18A1,Activation,1.0,A
SP1,COL1A1,Repression,-1.0,A
SP1,COL2A1,Activation,1.0,A
SP1,COL7A1,Activation,1.0,A
SP1,CREM,Activation,1.0,A
SP1,CRMP1,Repression,-1.0,A
SP1,CSNK2A1,Activation,1.0,A
SP1,CTSL,Activation,1.0,A
SP1,CXCL1,Activation,1.0,A
SP1,CXCL5,Activation,1.0,A
SP1,CYP17A1,Activation,1.0,A
SP1,CYP19A1,Activation,1.0,A
SP1,CYP1B1,Activation,1.0,A
SP1,CYP27A1,Activation,1.0,A
SP1,CYP2F1,Activation,1.0,A
SP1,CYP3A4,Activation,1.0,A
SP1,CYP3A5,Activation,1.0,A
SP1,CYP3A7,Activation,1.0,A
SP1,CYP7A1,Activation,1.0,A
SP1,CYP7B1,Activation,1.0,A
SP1,DCK,Activation,1.0,A
SP1,DPYSL2,Activation,0.5,B
SP1,DRG2,Activation,1.0,A
SP1,E2F1,Activation,1.0,A
SP1,EAPP,Activation,1.0,A
SP1,EDNRB,Activation,1.0,A
SP1,EGFR,Repression,-1.0,A
SP1,EGR1,Activation,1.0,A
SP1,EPO,Activation,1.0,A
SP1,EPOR,Activation,1.0,A
SP1,ESR1,Activation,1.0,A
SP1,EZR,Activation,1.0,A
SP1,F10,Activation,1.0,A
SP1,F2R,Activation,1.0,A
SP1,F3,Activation,1.0,A
SP1,F7,Activation,1.0,A
SP1,FAS,Activation,1.0,A
SP1,FASLG,Activation,1.0,A
SP1,FES,Activation,1.0,A
SP1,FGL2,Activation,1.0,A
SP1,FMR1,Activation,1.0,A
SP1,FOS,Activation,1.0,A
SP1,FXR2,Activation,1.0,A
SP1,GAST,Activation,1.0,A
SP1,GCLC,Activation,1.0,A
SP1,GFER,Activation,1.0,A
SP1,GH2,Activation,1.0,A
SP1,GJA1,Activation,1.0,A
SP1,GRIN1,Activation,0.5,B
SP1,GSTP1,Activation,1.0,A
SP1,HBZ,Activation,1.0,A
SP1,HCN2,Activation,1.0,A
SP1,HDAC4,Activation,1.0,A
SP1,HLA-G,Activation,1.0,A
SP1,HMGA2,Activation,1.0,A
SP1,HNF4A,Activation,1.0,A
SP1,HOXB7,Activation,1.0,A
SP1,HPR,Activation,1.0,A
SP1,HRAS,Activation,1.0,A
SP1,HSD17B1,Activation,1.0,A
SP1,HSD17B2,Activation,1.0,A
SP1,HSD3B1,Activation,1.0,A
SP1,HTR1A,Activation,1.0,A
SP1,HTT,Activation,1.0,A
SP1,IFNGR1,Activation,1.0,A
SP1,IGF1R,Activation,1.0,A
SP1,IGF2,Activation,1.0,A
SP1,IGFBP1,Activation,1.0,A
SP1,IGFBP3,Activation,1.0,A
SP1,IGFBP4,Activation,1.0,A
SP1,IL10,Activation,1.0,A
SP1,IL2,Activation,1.0,A
SP1,IL2RB,Activation,1.0,A
SP1,IL3,Activation,1.0,A
SP1,IMPDH2,Activation,1.0,A
SP1,INSR,Activation,1.0,A
SP1,IRS2,Activation,1.0,A
SP1,ITGA2,Activation,1.0,A
SP1,ITGA5,Activation,1.0,A
SP1,ITGAD,Activation,1.0,A
SP1,ITGAV,Activation,1.0,A
SP1,ITGAX,Activation,1.0,A
SP1,IVL,Activation,1.0,A
SP1,KDR,Repression,-1.0,A
SP1,KIF2C,Activation,1.0,A
SP1,KIT,Activation,1.0,A
SP1,KLF8,Activation,1.0,A
SP1,KLK3,Activation,1.0,A
SP1,KRT16,Activation,1.0,A
SP1,KRT18,Activation,1.0,A
SP1,KRT19,Activation,1.0,A
SP1,KRT5,Activation,1.0,A
SP1,LCAT,Activation,1.0,A
SP1,LDHA,Activation,1.0,A
SP1,LDLR,Activation,1.0,A
SP1,LEP,Activation,1.0,A
SP1,LRP5,Activation,1.0,A
SP1,LTBP4,Activation,0.5,B
SP1,LTC4S,Activation,1.0,A
SP1,LTF,Activation,1.0,A
SP1,MACROD1,Activation,1.0,A
SP1,MAOB,Activation,1.0,A
SP1,MAT2A,Activation,1.0,A
SP1,MAT2B,Activation,1.0,A
SP1,MCTS1,Activation,1.0,A
SP1,MET,Activation,1.0,A
SP1,MIF,Activation,1.0,A
SP1,MME,Activation,1.0,A
SP1,MMP11,Activation,1.0,A
SP1,MMP14,Repression,-1.0,A
SP1,MMP2,Activation,1.0,A
SP1,MMP28,Activation,1.0,A
SP1,MMP9,Activation,1.0,A
SP1,MNDA,Activation,1.0,A
SP1,MPG,Activation,1.0,A
SP1,MPO,Activation,1.0,A
SP1,MUC2,Activation,1.0,A
SP1,MUC4,Activation,1.0,A
SP1,MUC5AC,Activation,1.0,A
SP1,MYBL1,Activation,1.0,A
SP1,MYBL2,Activation,1.0,A
SP1,MYC,Activation,1.0,A
SP1,NFKB1,Activation,1.0,A
SP1,NFKB2,Activation,1.0,A
SP1,NKX2-1,Activation,1.0,A
SP1,NOL7,Activation,1.0,A
SP1,NOS3,Activation,1.0,A
SP1,NPY,Activation,1.0,A
SP1,NQO2,Activation,1.0,A
SP1,NR4A1,Activation,0.5,B
SP1,ODC1,Activation,1.0,A
SP1,OPRM1,Activation,1.0,A
SP1,OXTR,Activation,1.0,A
SP1,PADI1,Activation,1.0,A
SP1,PADI3,Activation,1.0,A
SP1,PAX6,Activation,1.0,A
SP1,PCK1,Activation,1.0,A
SP1,PDE6A,Activation,1.0,A
SP1,PDGFB,Activation,1.0,A
SP1,PDGFC,Activation,1.0,A
SP1,PDHA1,Activation,1.0,A
SP1,PGR,Activation,1.0,A
SP1,PLAT,Activation,1.0,A
SP1,PLAU,Activation,1.0,A
SP1,PLAUR,Activation,1.0,A
SP1,PNOC,Activation,1.0,A
SP1,PPL,Activation,1.0,A
SP1,PRKCE,Repression,-1.0,A
SP1,PRSS50,Activation,1.0,A
SP1,PSEN1,Activation,1.0,A
SP1,PTGIR,Activation,1.0,A
SP1,PTGS2,Activation,1.0,A
SP1,PTHLH,Activation,1.0,A
SP1,PTK6,Activation,1.0,A
SP1,PTN,Activation,1.0,A
SP1,PTTG1,Activation,1.0,A
SP1,RARA,Activation,1.0,A
SP1,RELA,Activation,1.0,A
SP1,RORA,Activation,1.0,A
SP1,RPS3A,Activation,1.0,A
SP1,SCT,Activation,1.0,A
SP1,SCTR,Activation,1.0,A
SP1,SERPINE1,Activation,1.0,A
SP1,SIGIRR,Activation,1.0,A
SP1,SKP2,Activation,1.0,A
SP1,SLC19A1,Activation,1.0,A
SP1,SLC19A3,Activation,1.0,A
SP1,SLC3A2,Activation,0.5,B
SP1,SLC7A5,Activation,0.5,B
SP1,SLC9A2,Activation,1.0,A
SP1,SMPD1,Activation,1.0,A
SP1,SOCS1,Activation,1.0,A
SP1,SOD1,Activation,1.0,A
SP1,SOD2,Activation,1.0,A
SP1,SP3,Activation,1.0,A
SP1,SPN,Activation,1.0,A
SP1,SPP1,Activation,1.0,A
SP1,SPRY2,Activation,1.0,A
SP1,SQSTM1,Activation,0.5,B
SP1,SRC,Activation,1.0,A
SP1,SREBF1,Activation,1.0,A
SP1,ST6GAL1,Activation,0.5,B
SP1,STAR,Activation,1.0,A
SP1,STARD3,Activation,1.0,A
SP1,STK11,Activation,1.0,A
SP1,TAF7,Activation,1.0,A
SP1,TBXA2R,Activation,1.0,A
SP1,TCN2,Activation,1.0,A
SP1,TERT,Activation,1.0,A
SP1,TFPI2,Activation,1.0,A
SP1,TGFA,Activation,1.0,A
SP1,TGFB1,Activation,1.0,A
SP1,TGFBR2,Activation,1.0,A
SP1,TGM4,Activation,1.0,A
SP1,THBD,Activation,1.0,A
SP1,TIMP1,Activation,1.0,A
SP1,TIMP2,Activation,1.0,A
SP1,TINF2,Activation,1.0,A
SP1,TMPO,Activation,1.0,A
SP1,TNF,Activation,1.0,A
SP1,TNFRSF10B,Activation,1.0,A
SP1,TNFSF10,Activation,1.0,A
SP1,TNFSF14,Activation,1.0,A
SP1,TPMT,Activation,1.0,A
SP1,TYMS,Activation,1.0,A
SP1,UBC,Activation,1.0,A
SP1,UGDH,Activation,1.0,A
SP1,UGT1A4,Activation,1.0,A
SP1,UTRN,Activation,1.0,A
SP1,VAMP2,Activation,1.0,A
SP1,VDR,Activation,1.0,A
SP1,VEGFA,Activation,1.0,A
SP1,VIM,Activation,1.0,A
SP1,WT1,Activation,1.0,A
SP1,XIAP,Activation,1.0,A
SP1,YY1,Activation,1.0,A
SP100,ETS1,Repression,-1.0,A
SP2,DNMT3B,Activation,1.0,A
SP2,MMP9,Repression,-1.0,A
SP3,ABCA1,Repression,-1.0,A
SP3,AGTR1,Activation,1.0,A
SP3,ALPL,Activation,1.0,A
SP3,BPI,Activation,1.0,A
SP3,BTK,Activation,1.0,A
SP3,CA9,Activation,1.0,A
SP3,CCND1,Activation,1.0,A
SP3,CD14,Activation,1.0,A
SP3,CD2AP,Activation,1.0,A
SP3,CD83,Activation,1.0,A
SP3,ADGRE5,Activation,1.0,A
SP3,CDKN1A,Activation,1.0,A
SP3,CDKN2A,Activation,1.0,A
SP3,CDKN2B,Activation,1.0,A
SP3,CHRNB4,Activation,1.0,A
SP3,COL1A1,Activation,1.0,A
SP3,COL2A1,Repression,-1.0,A
SP3,CTSB,Activation,1.0,A
SP3,CTSL,Activation,1.0,A
SP3,CYP17A1,Activation,1.0,A
SP3,CYP27A1,Activation,1.0,A
SP3,CYP2F1,Activation,1.0,A
SP3,CYP3A5,Activation,1.0,A
SP3,CYP3A7,Activation,1.0,A
SP3,DNASE2,Activation,1.0,A
SP3,EAPP,Repression,-1.0,A
SP3,ETF1,Repression,-1.0,A
SP3,F2R,Activation,1.0,A
SP3,HMGA2,Activation,1.0,A
SP3,HOXB7,Activation,1.0,A
SP3,HSD17B2,Activation,1.0,A
SP3,IGFBP1,Activation,1.0,A
SP3,IGFBP3,Activation,1.0,A
SP3,ITGA2,Activation,1.0,A
SP3,ITGAD,Activation,1.0,A
SP3,ITGAV,Activation,1.0,A
SP3,KDR,Activation,1.0,A
SP3,KLK3,Activation,1.0,A
SP3,LCAT,Activation,1.0,A
SP3,CNMD,Activation,1.0,A
SP3,LTC4S,Activation,1.0,A
SP3,MAOB,Repression,-1.0,A
SP3,MMP2,Activation,1.0,A
SP3,MSH6,Activation,1.0,A
SP3,MUC2,Activation,1.0,A
SP3,MYCN,Activation,1.0,A
SP3,NKX2-1,Activation,1.0,A
SP3,NOS3,Activation,1.0,A
SP3,NOX4,Activation,1.0,A
SP3,OPRM1,Activation,1.0,A
SP3,PADI1,Activation,1.0,A
SP3,PADI3,Activation,1.0,A
SP3,PLAT,Activation,1.0,A
SP3,PLAUR,Repression,-1.0,A
SP3,RORA,Activation,1.0,A
SP3,SCT,Activation,1.0,A
SP3,SCTR,Activation,1.0,A
SP3,SLC19A3,Activation,1.0,A
SP3,SLC1A3,Activation,1.0,A
SP3,SLC9A2,Activation,1.0,A
SP3,TCN2,Activation,1.0,A
SP3,TFF1,Activation,1.0,A
SP3,TGM4,Activation,1.0,A
SP3,TIMP1,Activation,1.0,A
SP3,TIMP2,Activation,1.0,A
SP3,TPMT,Activation,1.0,A
SP3,UBC,Activation,1.0,A
SP3,UTRN,Activation,1.0,A
SP3,VEGFA,Activation,1.0,A
SP4,CCND1,Activation,1.0,A
SP4,ERBB2,Activation,1.0,A
SP4,KDR,Activation,1.0,A
SP4,PDE6B,Activation,1.0,A
SP4,YY1,Activation,1.0,A
SPDEF,AGR2,Activation,1.0,A
SPI1,ACP5,Activation,1.0,A
SPI1,BCL6,Repression,-1.0,A
SPI1,BPI,Activation,1.0,A
SPI1,BTK,Activation,1.0,A
SPI1,CCL5,Activation,1.0,A
SPI1,CD163,Activation,1.0,A
SPI1,CD22,Activation,1.0,A
SPI1,CD40,Activation,1.0,A
SPI1,CD68,Repression,-1.0,A
SPI1,CLEC4G,Activation,1.0,A
SPI1,CSF1,Activation,1.0,A
SPI1,CSF2RA,Activation,1.0,A
SPI1,CSF3R,Activation,1.0,A
SPI1,CTSG,Activation,1.0,A
SPI1,CTSK,Activation,1.0,A
SPI1,CTSS,Activation,1.0,A
SPI1,CXCR1,Activation,1.0,A
SPI1,CYBB,Activation,1.0,A
SPI1,DAPK2,Activation,1.0,A
SPI1,ELANE,Activation,1.0,A
SPI1,ERAP2,Activation,1.0,A
SPI1,FCER1A,Activation,1.0,A
SPI1,FCGR1A,Activation,1.0,A
SPI1,FES,Activation,1.0,A
SPI1,FLI1,Activation,1.0,A
SPI1,GATA1,Repression,-1.0,A
SPI1,HCK,Activation,1.0,A
SPI1,IFIT3,Activation,1.0,A
SPI1,JCHAIN,Activation,1.0,A
SPI1,IL12B,Activation,1.0,A
SPI1,IL1B,Activation,1.0,A
SPI1,IL5,Activation,1.0,A
SPI1,ITGA2B,Activation,1.0,A
SPI1,ITGAM,Activation,1.0,A
SPI1,ITGAX,Activation,1.0,A
SPI1,ITGB2,Activation,1.0,A
SPI1,MACROD1,Repression,-1.0,A
SPI1,MME,Activation,1.0,A
SPI1,MNDA,Activation,1.0,A
SPI1,MSR1,Activation,1.0,A
SPI1,NCF2,Activation,1.0,A
SPI1,P2RY10,Activation,1.0,A
SPI1,PARG,Repression,-1.0,A
SPI1,PRTN3,Activation,1.0,A
SPI1,PTGIR,Activation,1.0,A
SPI1,RNASE2,Activation,1.0,A
SPI1,SCARB1,Activation,1.0,A
SPI1,SCARB2,Activation,1.0,A
SPI1,STAT3,Activation,1.0,A
SPI1,TLR4,Activation,1.0,A
SPI1,TNF,Activation,1.0,A
SPI1,WAS,Activation,1.0,A
SPI1,ZNF300,Activation,1.0,A
SPIB,CD40,Activation,1.0,A
SPIB,IRF7,Repression,-1.0,A
SREBF1,ACACB,Activation,1.0,A
SREBF1,ACLY,Activation,1.0,A
SREBF1,CETP,Activation,1.0,A
SREBF1,CIC,Activation,0.5,B
SREBF1,FASN,Activation,1.0,A
SREBF1,FDFT1,Activation,1.0,A
SREBF1,FDPS,Activation,1.0,A
SREBF1,HK2,Activation,1.0,A
SREBF1,HMOX1,Activation,1.0,A
SREBF1,IRS2,Repression,-1.0,A
SREBF1,LDLR,Activation,1.0,A
SREBF1,LRP1,Repression,-1.0,A
SREBF1,NR0B2,Activation,1.0,A
SREBF1,SCD,Activation,1.0,A
SREBF1,SCD5,Activation,1.0,A
SREBF2,ABCA1,Repression,-1.0,A
SREBF2,ACOT7,Activation,1.0,A
SREBF2,FDFT1,Activation,1.0,A
SREBF2,FDPS,Activation,0.5,B
SREBF2,HMGCR,Activation,1.0,A
SREBF2,LDLR,Activation,1.0,A
SREBF2,LRP1,Repression,-1.0,A
SREBF2,MTTP,Repression,-1.0,A
SREBF2,NPC1L1,Activation,1.0,A
SREBF2,PCSK9,Activation,1.0,A
SREBF2,PON1,Activation,1.0,A
SRF,ACTA1,Activation,1.0,A
SRF,DMD,Activation,1.0,A
SRF,FOS,Activation,1.0,A
SRF,FOSL1,Activation,1.0,A
SRF,MMP2,Activation,1.0,A
SRF,MYL9,Activation,0.5,B
SRF,SAMD4A,Activation,1.0,A
SRF,TAGLN,Activation,1.0,A
STAT1,APP,Activation,1.0,A
STAT1,BAX,Activation,1.0,A
STAT1,CCL2,Activation,1.0,A
STAT1,CCL3,Activation,1.0,A
STAT1,CCR1,Activation,1.0,A
STAT1,CD40,Activation,1.0,A
STAT1,CD86,Activation,1.0,A
STAT1,CDKN1A,Activation,1.0,A
STAT1,CEBPE,Activation,1.0,A
STAT1,CFTR,Activation,1.0,A
STAT1,CIITA,Activation,1.0,A
STAT1,CTSB,Activation,1.0,A
STAT1,CTSL,Activation,1.0,A
STAT1,CXCL10,Activation,1.0,A
STAT1,EDN1,Activation,1.0,A
STAT1,EGFR,Activation,1.0,A
STAT1,FAS,Activation,1.0,A
STAT1,FCGR1A,Activation,1.0,A
STAT1,FCGRT,Repression,-1.0,A
STAT1,FGF2,Activation,1.0,A
STAT1,FGFR3,Repression,-1.0,A
STAT1,FOXP3,Activation,1.0,A
STAT1,GLS,Activation,1.0,A
STAT1,HLA-E,Activation,1.0,A
STAT1,HMOX1,Activation,1.0,A
STAT1,HSP90AA1,Repression,-1.0,A
STAT1,ICAM1,Activation,1.0,A
STAT1,IFIT3,Activation,1.0,A
STAT1,IFNA1,Activation,1.0,A
STAT1,IFNB1,Repression,-1.0,A
STAT1,IFNG,Activation,1.0,A
STAT1,IFNLR1,Activation,1.0,A
STAT1,IL10,Activation,1.0,A
STAT1,IL1B,Activation,1.0,A
STAT1,IL1R1,Repression,-1.0,A
STAT1,IL2RA,Activation,1.0,A
STAT1,IL6,Repression,-1.0,A
STAT1,IRF1,Activation,1.0,A
STAT1,IRF7,Activation,1.0,A
STAT1,IRF8,Activation,1.0,A
STAT1,JAK2,Activation,1.0,A
STAT1,KRT17,Activation,1.0,A
STAT1,LY96,Activation,1.0,A
STAT1,MMP13,Repression,-1.0,A
STAT1,MMP9,Repression,-1.0,A
STAT1,MUC1,Activation,1.0,A
STAT1,MUC4,Activation,1.0,A
STAT1,MVP,Activation,1.0,A
STAT1,NOS2,Activation,1.0,A
STAT1,NOX5,Activation,1.0,A
STAT1,NR1H4,Repression,-1.0,A
STAT1,OPRM1,Activation,1.0,A
STAT1,PIM1,Activation,1.0,A
STAT1,PLSCR1,Activation,1.0,A
STAT1,PML,Activation,1.0,A
STAT1,PPARA,Activation,1.0,A
STAT1,PRKCE,Repression,-1.0,A
STAT1,PSMB9,Activation,1.0,A
STAT1,PTGS2,Activation,1.0,A
STAT1,S100A10,Activation,1.0,A
STAT1,SCARB1,Repression,-1.0,A
STAT1,SMARCA4,Activation,1.0,A
STAT1,SOCS3,Activation,1.0,A
STAT1,STAT2,Activation,1.0,A
STAT1,STAT3,Activation,1.0,A
STAT1,TAP1,Activation,1.0,A
STAT1,TBX21,Activation,1.0,A
STAT1,TIMP1,Activation,1.0,A
STAT1,TLR3,Activation,1.0,A
STAT1,TNFSF13B,Activation,1.0,A
STAT1,TP53,Activation,1.0,A
STAT1,UPP1,Activation,1.0,A
STAT1,VIP,Activation,1.0,A
STAT2,IFIT3,Activation,1.0,A
STAT2,IRF1,Activation,1.0,A
STAT2,PML,Activation,1.0,A
STAT2,STAT1,Activation,0.5,B
STAT3,A2M,Activation,1.0,A
STAT3,BCL2,Activation,1.0,A
STAT3,BCL2L1,Activation,1.0,A
STAT3,BCL6,Activation,1.0,A
STAT3,BIRC5,Activation,1.0,A
STAT3,CCL2,Activation,1.0,A
STAT3,CCND1,Activation,1.0,A
STAT3,CCND2,Activation,1.0,A
STAT3,CCND3,Activation,1.0,A
STAT3,CDK4,Activation,1.0,A
STAT3,CDKN1A,Activation,1.0,A
STAT3,CFB,Activation,1.0,A
STAT3,CHI3L1,Activation,1.0,A
STAT3,CISH,Activation,1.0,A
STAT3,COPS5,Activation,1.0,A
STAT3,CRP,Activation,1.0,A
STAT3,CSRP1,Activation,1.0,A
STAT3,CYP19A1,Activation,1.0,A
STAT3,EGFR,Activation,1.0,A
STAT3,EPAS1,Activation,0.5,B
STAT3,ESR2,Activation,1.0,A
STAT3,ETV6,Activation,1.0,A
STAT3,FAS,Repression,-1.0,A
STAT3,FOS,Activation,1.0,A
STAT3,GFAP,Activation,1.0,A
STAT3,HAMP,Activation,1.0,A
STAT3,HIF1A,Activation,1.0,A
STAT3,HMOX1,Activation,1.0,A
STAT3,HSPB1,Activation,1.0,A
STAT3,ICAM1,Activation,0.5,B
STAT3,IFNAR1,Activation,1.0,A
STAT3,IL10,Activation,1.0,A
STAT3,IL21,Activation,1.0,A
STAT3,IL2RA,Activation,1.0,A
STAT3,IL6,Activation,1.0,A
STAT3,IRF1,Activation,1.0,A
STAT3,JUNB,Activation,1.0,A
STAT3,KLF11,Activation,1.0,A
STAT3,LTBP1,Repression,-1.0,A
STAT3,MCL1,Activation,1.0,A
STAT3,MMP3,Activation,1.0,A
STAT3,MUC1,Activation,1.0,A
STAT3,MUC4,Activation,1.0,A
STAT3,MYC,Activation,1.0,A
STAT3,MYD88,Activation,1.0,A
STAT3,NOX5,Activation,1.0,A
STAT3,OSM,Activation,1.0,A
STAT3,PGF,Repression,-1.0,A
STAT3,PIM1,Activation,1.0,A
STAT3,PTGS2,Activation,1.0,A
STAT3,PTPN13,Activation,1.0,A
STAT3,ROR1,Activation,1.0,A
STAT3,S100A11,Activation,1.0,A
STAT3,SAA1,Activation,1.0,A
STAT3,SOCS1,Activation,1.0,A
STAT3,SOCS3,Activation,1.0,A
STAT3,STAT1,Activation,1.0,A
STAT3,TIMP1,Activation,1.0,A
STAT3,TP53,Repression,-1.0,A
STAT3,TRH,Activation,1.0,A
STAT3,TWIST1,Activation,1.0,A
STAT3,USP7,Repression,-1.0,A
STAT3,VEGFA,Activation,1.0,A
STAT3,VEGFB,Activation,1.0,A
STAT3,ZFP36,Activation,1.0,A
STAT4,IFNG,Activation,1.0,A
STAT4,IL2RA,Activation,1.0,A
STAT4,IRF1,Activation,1.0,A
STAT4,MYC,Activation,1.0,A
STAT4,PIM1,Activation,1.0,A
STAT4,PRF1,Activation,1.0,A
STAT4,S100A4,Activation,1.0,A
STAT4,SOCS3,Repression,-1.0,A
STAT4,TBX21,Activation,1.0,A
STAT5A,BCL2L1,Activation,1.0,A
STAT5A,BCL6,Repression,-1.0,A
STAT5A,CCND1,Activation,1.0,A
STAT5A,CCND2,Activation,1.0,A
STAT5A,CEL,Activation,1.0,A
STAT5A,CSN2,Activation,1.0,A
STAT5A,ESR1,Activation,1.0,A
STAT5A,IFNG,Activation,1.0,A
STAT5B,BCL2L1,Activation,1.0,A
STAT5B,BCL6,Activation,1.0,A
STAT5B,CCND1,Activation,1.0,A
STAT5B,CEL,Activation,1.0,A
STAT5B,ESR1,Activation,1.0,A
STAT5B,ESR2,Activation,1.0,A
STAT5B,IFNG,Activation,1.0,A
STAT5B,IGF1,Activation,1.0,A
STAT6,ALOX15,Activation,1.0,A
STAT6,CCL17,Activation,1.0,A
STAT6,CISH,Activation,1.0,A
STAT6,FOS,Activation,1.0,A
STAT6,IL4,Activation,1.0,A
STAT6,RHOA,Activation,1.0,A
STAT6,SLC26A4,Activation,1.0,A
STAT6,SOCS1,Activation,1.0,A
TAL1,ALDH1A2,Activation,1.0,A
TAL1,CD34,Repression,-1.0,A
TAL1,ERG,Activation,1.0,A
TAL1,MYB,Activation,1.0,A
TAL1,NFKB1,Repression,-1.0,A
TBP,APP,Activation,1.0,A
TBP,CDKN1A,Activation,1.0,A
TBP,FUS,Repression,-1.0,A
TBP,LIN28B,Activation,1.0,A
TBP,MYC,Activation,1.0,A
TBX2,CDKN2A,Repression,-1.0,A
TBX21,CXCR3,Activation,1.0,A
TBX21,GATA3,Activation,1.0,A
TBX21,IFNG,Activation,1.0,A
TBX21,IL4,Activation,1.0,A
TBX5,CDKN2A,Activation,1.0,A
TBX5,NPPA,Activation,1.0,A
TCF3,BBC3,Repression,-1.0,A
TCF3,CDK6,Repression,-1.0,A
TCF3,CR2,Activation,1.0,A
TCF4,ABCB1,Activation,1.0,A
TCF4,CCND1,Activation,1.0,A
TCF4,CD44,Activation,0.5,B
TCF4,NRXN1,Activation,1.0,A
TCF4,VIM,Activation,1.0,A
TCF7,SNAI2,Activation,1.0,A
TCF7L2,ABCB1,Activation,1.0,A
TCF7L2,BIRC5,Activation,1.0,A
TCF7L2,CTNNB1,Activation,1.0,A
TCF7L2,GLCE,Activation,1.0,A
TCF7L2,WWC1,Activation,0.5,B
TCF7L2,SNAI2,Activation,1.0,A
TCF7L2,STAT3,Activation,1.0,A
TCFL5,CD2,Repression,-1.0,A
TEAD1,MSLN,Activation,1.0,A
TFAP2A,ACHE,Repression,-1.0,A
TFAP2A,ADM,Activation,1.0,A
TFAP2A,ADRA1A,Activation,1.0,A
TFAP2A,ADRA2B,Activation,1.0,A
TFAP2A,APP,Activation,1.0,A
TFAP2A,BACE1,Activation,1.0,A
TFAP2A,BCL2,Repression,-1.0,A
TFAP2A,CCNB1,Activation,1.0,A
TFAP2A,CDH1,Activation,1.0,A
TFAP2A,CDKN1A,Activation,1.0,A
TFAP2A,CFTR,Activation,1.0,A
TFAP2A,CGA,Activation,1.0,A
TFAP2A,CRABP2,Activation,1.0,A
TFAP2A,CRX,Activation,1.0,A
TFAP2A,CSH1,Activation,1.0,A
TFAP2A,CYP11A1,Activation,1.0,A
TFAP2A,DBH,Activation,1.0,A
TFAP2A,EGFR,Activation,1.0,A
TFAP2A,ERBB2,Activation,1.0,A
TFAP2A,ETS1,Activation,1.0,A
TFAP2A,F2R,Repression,-1.0,A
TFAP2A,FAS,Activation,1.0,A
TFAP2A,FOXA1,Activation,1.0,A
TFAP2A,GALNT3,Activation,1.0,A
TFAP2A,GAST,Activation,1.0,A
TFAP2A,GPX4,Activation,1.0,A
TFAP2A,GUSB,Activation,1.0,A
TFAP2A,HGF,Repression,-1.0,A
TFAP2A,HIP1,Activation,1.0,A
TFAP2A,HMOX1,Activation,1.0,A
TFAP2A,HOXA4,Repression,-1.0,A
TFAP2A,HSD17B1,Repression,-1.0,A
TFAP2A,HTT,Activation,1.0,A
TFAP2A,IGFBP5,Activation,1.0,A
TFAP2A,KIT,Activation,1.0,A
TFAP2A,KRT5,Activation,1.0,A
TFAP2A,L1CAM,Activation,1.0,A
TFAP2A,MMP2,Activation,1.0,A
TFAP2A,MPG,Activation,1.0,A
TFAP2A,NME3,Activation,1.0,A
TFAP2A,NR3C1,Activation,1.0,A
TFAP2A,OAT,Activation,1.0,A
TFAP2A,PLAUR,Activation,1.0,A
TFAP2A,POLD2,Activation,1.0,A
TFAP2A,PRKCA,Activation,1.0,A
TFAP2A,PTGS2,Activation,1.0,A
TFAP2A,PVR,Activation,1.0,A
TFAP2A,SLC19A1,Activation,1.0,A
TFAP2A,SNAP91,Activation,1.0,A
TFAP2A,SPRY2,Activation,1.0,A
TFAP2A,TAF7,Activation,1.0,A
TFAP2A,TH,Activation,1.0,A
TFAP2A,TIMP2,Activation,1.0,A
TFAP2A,VEGFA,Activation,1.0,A
TFAP2B,DRD1,Activation,1.0,A
TFAP2B,PTGDS,Activation,1.0,A
TFAP2C,CDKN1A,Repression,-1.0,A
TFAP2C,CRABP2,Activation,1.0,A
TFAP2C,CSTA,Activation,1.0,A
TFAP2C,ECM1,Activation,1.0,A
TFAP2C,ERBB2,Activation,1.0,A
TFAP2C,ESR1,Activation,1.0,A
TFAP2C,MMP2,Activation,1.0,A
TFAP2C,RET,Activation,1.0,A
TFAP2C,SULT1E1,Activation,1.0,A
TFAP4,MDM2,Repression,-1.0,A
TFCP2,TF,Activation,1.0,A
TFDP1,CAV1,Activation,1.0,A
TFDP1,CCNE1,Activation,1.0,A
TFDP1,CDK1,Activation,1.0,A
TFDP1,DHFR,Activation,1.0,A
TFDP1,MYBL2,Activation,1.0,A
TFDP1,PCNA,Activation,1.0,A
TFDP1,RRM1,Activation,1.0,A
TFDP1,TYMS,Activation,1.0,A
THRA,CGA,Repression,-1.0,A
THRB,CGA,Repression,-1.0,A
THRB,POR,Activation,1.0,A
TLX1,ALDH1A1,Repression,-1.0,A
TP53,ABCB1,Repression,-1.0,A
TP53,AFP,Repression,-1.0,A
TP53,AKT1,Repression,-1.0,A
TP53,ALOX5,Activation,1.0,A
TP53,ANTXR1,Activation,1.0,A
TP53,APAF1,Activation,1.0,A
TP53,APCS,Activation,1.0,A
TP53,ATF3,Activation,1.0,A
TP53,ADGRB1,Activation,1.0,A
TP53,BAX,Activation,1.0,A
TP53,BBC3,Activation,1.0,A
TP53,BCL2,Repression,-1.0,A
TP53,BCL2L1,Repression,-1.0,A
TP53,BCL3,Repression,-1.0,A
TP53,BDKRB2,Activation,1.0,A
TP53,BIRC5,Repression,-1.0,A
TP53,BRCA1,Repression,-1.0,A
TP53,BRCA2,Repression,-1.0,A
TP53,BTG2,Activation,1.0,A
TP53,BTG3,Activation,1.0,A
TP53,CABLES1,Activation,1.0,A
TP53,CASP1,Activation,1.0,A
TP53,CASP3,Activation,1.0,A
TP53,CAV1,Activation,1.0,A
TP53,CCNA1,Activation,1.0,A
TP53,CCNA2,Repression,-1.0,A
TP53,CCNB1,Repression,-1.0,A
TP53,CCND1,Repression,-1.0,A
TP53,CD82,Activation,1.0,A
TP53,CDK1,Repression,-1.0,A
TP53,CDKN1A,Activation,1.0,A
TP53,CDKN1B,Activation,1.0,A
TP53,CHEK1,Repression,-1.0,A
TP53,CHEK2,Repression,-1.0,A
TP53,CHUK,Repression,-1.0,A
TP53,CKM,Activation,1.0,A
TP53,CTNNB1,Repression,-1.0,A
TP53,CTSD,Activation,1.0,A
TP53,DDB1,Activation,1.0,A
TP53,DDB2,Activation,1.0,A
TP53,DKK1,Activation,1.0,A
TP53,DNMT1,Repression,-1.0,A
TP53,DUSP1,Activation,1.0,A
TP53,E2F1,Repression,-1.0,A
TP53,E2F3,Repression,-1.0,A
TP53,E2F7,Activation,1.0,A
TP53,EGFR,Activation,1.0,A
TP53,EGR1,Activation,1.0,A
TP53,ELF4,Repression,-1.0,A
TP53,EPHA2,Activation,1.0,A
TP53,ESR1,Activation,1.0,A
TP53,EZH2,Repression,-1.0,A
TP53,FAS,Activation,1.0,A
TP53,FDXR,Activation,1.0,A
TP53,FGF2,Repression,-1.0,A
TP53,FLT1,Activation,1.0,A
TP53,FRMD5,Activation,1.0,A
TP53,GADD45A,Activation,1.0,A
TP53,GDF15,Activation,1.0,A
TP53,GML,Activation,1.0,A
TP53,GPNMB,Activation,1.0,A
TP53,GSTP1,Activation,1.0,A
TP53,HIPK2,Activation,1.0,A
TP53,HNF4A,Repression,-1.0,A
TP53,HRAS,Activation,1.0,A
TP53,HSP90AB1,Repression,-1.0,A
TP53,IER3,Activation,1.0,A
TP53,IFI16,Activation,1.0,A
TP53,IGF1R,Repression,-1.0,A
TP53,IGFBP3,Activation,1.0,A
TP53,ING1,Activation,1.0,A
TP53,MAD1L1,Repression,-1.0,A
TP53,MAP4,Repression,-1.0,A
TP53,MCM7,Repression,-1.0,A
TP53,MDM2,Activation,1.0,A
TP53,MDM4,Activation,1.0,A
TP53,MET,Repression,-1.0,A
TP53,MGMT,Repression,-1.0,A
TP53,MKI67,Repression,-1.0,A
TP53,MMP2,Activation,1.0,A
TP53,MUC2,Activation,1.0,A
TP53,MYC,Repression,-1.0,A
TP53,NLRC4,Activation,1.0,A
TP53,NME1,Activation,1.0,A
TP53,OGG1,Activation,1.0,A
TP53,PAX5,Activation,1.0,A
TP53,PDGFRB,Activation,1.0,A
TP53,PERP,Activation,1.0,A
TP53,PIAS3,Repression,-1.0,A
TP53,PLAGL1,Activation,1.0,A
TP53,PLK1,Repression,-1.0,A
TP53,PLK3,Activation,1.0,A
TP53,PMAIP1,Activation,1.0,A
TP53,PML,Activation,1.0,A
TP53,POLD1,Repression,-1.0,A
TP53,PTPA,Repression,-1.0,A
TP53,PRG3,Activation,1.0,A
TP53,PRKAB1,Activation,1.0,A
TP53,PTEN,Activation,1.0,A
TP53,PTPN13,Activation,1.0,A
TP53,PTTG1,Repression,-1.0,A
TP53,RAD51B,Activation,1.0,A
TP53,RASSF1,Repression,-1.0,A
TP53,RB1,Repression,-1.0,A
TP53,RELA,Activation,1.0,A
TP53,RRM2B,Activation,1.0,A
TP53,S100B,Activation,1.0,A
TP53,SFN,Activation,1.0,A
TP53,SIAH1,Activation,1.0,A
TP53,SIVA1,Activation,1.0,A
TP53,SLC2A1,Repression,-1.0,A
TP53,SLC6A6,Repression,-1.0,A
TP53,SMAD3,Activation,0.5,B
TP53,SSTR2,Repression,-1.0,A
TP53,STAT1,Activation,1.0,A
TP53,STAT3,Repression,-1.0,A
TP53,TBXAS1,Repression,-1.0,A
TP53,TCEAL1,Activation,1.0,A
TP53,TCF7L2,Repression,-1.0,A
TP53,TERT,Repression,-1.0,A
TP53,THBS1,Activation,1.0,A
TP53,TNFRSF10A,Activation,1.0,A
TP53,TNFRSF10B,Activation,1.0,A
TP53,TP53I3,Activation,1.0,A
TP53,TP73,Activation,1.0,A
TP53,TRIM22,Activation,1.0,A
TP53,TYMS,Repression,-1.0,A
TP53,UHRF1,Repression,-1.0,A
TP53,VCAN,Activation,1.0,A
TP53,VEGFA,Repression,-1.0,A
TP53,WRN,Repression,-1.0,A
TP53,XPC,Activation,1.0,A
TP63,CDKN1A,Activation,1.0,A
TP63,KLF4,Repression,-1.0,A
TP63,PPARA,Activation,1.0,A
TP63,TCF4,Activation,1.0,A
TP63,VDR,Activation,1.0,A
TP63,ZNF750,Activation,0.5,B
TP73,BBC3,Activation,1.0,A
TP73,CABLES1,Activation,1.0,A
TP73,CDK1,Repression,-1.0,A
TP73,CDKN1A,Activation,1.0,A
TP73,MDM2,Activation,1.0,A
TP73,PMAIP1,Activation,1.0,A
TP73,TERT,Repression,-1.0,A
TRPS1,RUNX2,Repression,-1.0,A
TWIST1,AKT2,Activation,1.0,A
TWIST1,CDH1,Repression,-1.0,A
TWIST1,ESR1,Repression,-1.0,A
TWIST1,FOS,Activation,1.0,A
TWIST1,MMP2,Activation,1.0,A
TWIST1,NR2F1,Activation,1.0,A
TWIST1,SRPX,Repression,-1.0,A
TWIST1,TIMP1,Repression,-1.0,A
TWIST2,MMP2,Activation,1.0,A
TWIST2,NR2F1,Activation,1.0,A
TWIST2,SRPX,Repression,-1.0,A
USF1,ABCA1,Activation,1.0,A
USF1,APC,Activation,1.0,A
USF1,APEX1,Activation,1.0,A
USF1,APOA2,Activation,1.0,A
USF1,APOA5,Activation,1.0,A
USF1,B2M,Activation,1.0,A
USF1,BRCA2,Activation,1.0,A
USF1,CCNB1,Activation,1.0,A
USF1,CD2,Activation,1.0,A
USF1,CEACAM1,Activation,1.0,A
USF1,CEACAM5,Activation,1.0,A
USF1,CIITA,Activation,1.0,A
USF1,CTSB,Activation,1.0,A
USF1,CTSD,Activation,1.0,A
USF1,CXCR4,Activation,1.0,A
USF1,CYP19A1,Repression,-1.0,A
USF1,CYP1A1,Repression,-1.0,A
USF1,FBP1,Activation,1.0,A
USF1,FCER1A,Activation,1.0,A
USF1,FMR1,Activation,1.0,A
USF1,GATA5,Activation,1.0,A
USF1,GCK,Activation,1.0,A
USF1,HMOX1,Activation,1.0,A
USF1,HOXB4,Activation,1.0,A
USF1,HOXB7,Activation,1.0,A
USF1,ID4,Activation,1.0,A
USF1,IFNG,Repression,-1.0,A
USF1,ISG20,Activation,1.0,A
USF1,LIPC,Activation,1.0,A
USF1,MYH9,Activation,1.0,A
USF1,P4HA1,Activation,1.0,A
USF1,PF4,Activation,1.0,A
USF1,PIGR,Activation,1.0,A
USF1,PKLR,Activation,1.0,A
USF1,PTGDS,Activation,1.0,A
USF1,PTGS2,Repression,-1.0,A
USF1,PTPN6,Activation,1.0,A
USF1,S100A6,Activation,1.0,A
USF1,SERBP1,Activation,1.0,A
USF1,SERPINE1,Activation,1.0,A
USF1,SF1,Activation,1.0,A
USF1,SLC19A1,Activation,1.0,A
USF1,SLC1A3,Activation,1.0,A
USF1,SLC22A2,Activation,1.0,A
USF1,TCN2,Activation,1.0,A
USF1,TERT,Activation,1.0,A
USF1,TGFB1,Activation,1.0,A
USF1,TGFB2,Activation,1.0,A
USF1,TOP3A,Activation,1.0,A
USF1,TYMS,Activation,1.0,A
USF2,ABCA1,Activation,1.0,A
USF2,APC,Activation,1.0,A
USF2,APOA2,Activation,1.0,A
USF2,ATP5F1A,Activation,1.0,A
USF2,B2M,Activation,1.0,A
USF2,BRCA1,Activation,1.0,A
USF2,BRCA2,Activation,1.0,A
USF2,CD2,Activation,1.0,A
USF2,CEACAM1,Activation,1.0,A
USF2,CEACAM5,Activation,1.0,A
USF2,CTSB,Activation,1.0,A
USF2,CTSD,Activation,1.0,A
USF2,CXCR4,Activation,1.0,A
USF2,CYP19A1,Repression,-1.0,A
USF2,FBP1,Activation,1.0,A
USF2,FCER1A,Activation,1.0,A
USF2,FMR1,Activation,1.0,A
USF2,HMOX1,Activation,1.0,A
USF2,HOXB4,Activation,1.0,A
USF2,IGF2R,Activation,1.0,A
USF2,LIPC,Activation,1.0,A
USF2,MYH9,Activation,1.0,A
USF2,P4HA1,Activation,1.0,A
USF2,PDX1,Activation,1.0,A
USF2,PF4,Activation,1.0,A
USF2,PIGR,Activation,1.0,A
USF2,PKLR,Activation,1.0,A
USF2,PTGS2,Activation,1.0,A
USF2,PTPN6,Activation,1.0,A
USF2,SF1,Activation,1.0,A
USF2,SLC19A1,Activation,1.0,A
USF2,TCN2,Activation,1.0,A
USF2,TERT,Activation,1.0,A
USF2,TGFB1,Activation,1.0,A
USF2,TGFB2,Activation,1.0,A
USF2,THBS1,Activation,1.0,A
USF2,TOP3A,Activation,1.0,A
VDR,AMH,Activation,1.0,A
VDR,ASAP2,Activation,1.0,A
VDR,BGLAP,Activation,1.0,A
VDR,BHLHE40,Activation,1.0,A
VDR,CALB1,Activation,1.0,A
VDR,CAMP,Activation,1.0,A
VDR,CDH1,Activation,1.0,A
VDR,CDKN1A,Activation,1.0,A
VDR,CDKN1B,Activation,1.0,A
VDR,CYP24A1,Activation,1.0,A
VDR,CYP3A4,Activation,1.0,A
VDR,CYP7A1,Repression,-1.0,A
VDR,DDIT4,Activation,1.0,A
VDR,EGFR,Repression,-1.0,A
VDR,HOXA10,Activation,1.0,A
VDR,IGFBP3,Repression,-1.0,A
VDR,IL10,Repression,-1.0,A
VDR,IL12B,Activation,1.0,A
VDR,PLD1,Activation,1.0,A
VDR,PODXL,Activation,1.0,A
VDR,PTH,Repression,-1.0,A
VDR,TRPV6,Activation,1.0,A
WT1,ABCB1,Activation,1.0,A
WT1,AMH,Activation,1.0,A
WT1,AR,Repression,-1.0,A
WT1,BCL2,Activation,1.0,A
WT1,CDH1,Repression,-1.0,A
WT1,CDKN1A,Activation,1.0,A
WT1,CIAO1,Repression,-1.0,A
WT1,EGFR,Repression,-1.0,A
WT1,ETS1,Activation,1.0,A
WT1,IGF1,Repression,-1.0,A
WT1,IGF1R,Repression,-1.0,A
WT1,IGF2,Repression,-1.0,A
WT1,IL2RB,Activation,1.0,A
WT1,MYB,Repression,-1.0,A
WT1,MYC,Repression,-1.0,A
WT1,MYCN,Repression,-1.0,A
WT1,NPHS1,Activation,1.0,A
WT1,NR5A1,Repression,-1.0,A
WT1,ODC1,Activation,1.0,A
WT1,PAX2,Repression,-1.0,A
WT1,PDGFA,Repression,-1.0,A
WT1,PODXL,Activation,1.0,A
WT1,SMAD3,Activation,1.0,A
WT1,TBXA2R,Repression,-1.0,A
WT1,TERT,Repression,-1.0,A
WT1,THBS1,Activation,1.0,A
WT1,UBE2I,Repression,-1.0,A
WT1,VDR,Activation,1.0,A
WT1,WTAP,Activation,1.0,A
YBX1,AGT,Activation,1.0,A
YBX1,EGFR,Activation,1.0,A
YBX1,KPNA2,Repression,-1.0,A
YBX1,MMP13,Repression,-1.0,A
YBX1,RBBP8,Repression,-1.0,A
YBX1,SUMO1,Repression,-1.0,A
YY1,APH1A,Activation,1.0,A
YY1,CETP,Activation,1.0,A
YY1,CREBBP,Repression,-1.0,A
YY1,CTCF,Activation,1.0,A
YY1,CXCR4,Repression,-1.0,A
YY1,DEK,Activation,1.0,A
YY1,DNAJB4,Activation,1.0,A
YY1,EGFR,Activation,1.0,A
YY1,EPAS1,Repression,-1.0,A
YY1,ERBB2,Activation,1.0,A
YY1,FAS,Repression,-1.0,A
YY1,FDPS,Repression,-1.0,A
YY1,GNAS,Activation,0.5,B
YY1,HCFC1,Activation,1.0,A
YY1,HSD3B2,Activation,1.0,A
YY1,HSPA5,Activation,1.0,A
YY1,IFNB1,Repression,-1.0,A
YY1,IL5,Activation,1.0,A
YY1,LDLR,Repression,-1.0,A
YY1,LSS,Activation,1.0,A
YY1,MYC,Repression,-1.0,A
YY1,NOS2,Repression,-1.0,A
YY1,NR3C1,Activation,1.0,A
YY1,OPRM1,Activation,1.0,A
YY1,PRDM2,Activation,1.0,A
YY1,SMAD7,Activation,0.5,B
YY1,TNFRSF10B,Repression,-1.0,A
YY1,TOP3A,Activation,1.0,A
YY1,TP53,Activation,1.0,A
YY1,TP73,Activation,1.0,A
YY1,ZNF175,Activation,1.0,A
ZBTB16,CCNA2,Repression,-1.0,A
ZBTB17,CDKN2B,Activation,1.0,A
ZBTB7A,PFKP,Repression,-1.0,A
ZEB1,AR,Repression,-1.0,A
ZEB1,CDH1,Repression,-1.0,A
ZEB1,GRHL2,Repression,-1.0,A
ZEB1,ITGB4,Repression,-1.0,A
ZEB1,LAMC2,Repression,-1.0,A
ZEB1,PKP3,Repression,-1.0,A
ZEB1,SPRR1B,Activation,1.0,A
ZEB2,CDH1,Repression,-1.0,A
ZEB2,MEOX2,Repression,-1.0,A
ZEB2,VIM,Activation,1.0,A
ZFHX3,MUC5AC,Repression,-1.0,A
ZNF143,ESCO2,Activation,1.0,A
ZNF148,CXCL5,Activation,1.0,A
ZNF148,IRS2,Activation,1.0,A
ZNF148,MMP3,Activation,1.0,A
ZNF202,ABCA1,Repression,-1.0,A
ZNF202,POMGNT1,Repression,-1.0,A
ZNF224,ALDOA,Repression,-1.0,A
ZNF267,MMP10,Repression,-1.0,A
ZNF382,HMGA2,Repression,-1.0,A
