tf,target,mode,weight,confidence,tf_detection_rate,tf_mean_counts,target_detection_rate,target_mean_counts,target_z_mean_counts,target_z_detection_rate,edge_id_original
ATF1,LDHA,Activation,1.0,A,0.0693341478313992,0.073915699450214,0.5106902871105263,1.012217470983455,0.3822689035675987,4.056059268434799,0
ATF1,MAP1LC3B,Activation,1.0,A,0.0693341478313992,0.073915699450214,0.3578191814294282,0.5169517409895935,0.16440962947103682,2.7093387439262178,1
ATF1,PLAUR,Activation,1.0,A,0.0693341478313992,0.073915699450214,0.4045510079413323,1.4934331093463264,0.5939477727252692,3.12102353963014,2
ATF4,CEBPB,Activation,1.0,A,0.1478313989004288,0.1815821624923655,0.4401343921807887,1.1843310934636084,0.4579788640692483,3.434495949430838,3
ATF4,DDIT3,Activation,1.0,A,0.1478313989004288,0.1815821624923655,0.0960598656078198,0.1098045204642645,-0.01468775712823458,0.40336573792426694,4
ATF4,DDIT4,Activation,1.0,A,0.1478313989004288,0.1815821624923655,0.2170128283445347,0.387141111789852,0.10730806210067957,1.4689028562169633,5
ATF4,MCL1,Activation,1.0,A,0.1478313989004288,0.1815821624923655,0.2527489309712909,0.3394929749541783,0.08634842796002909,1.783720641167074,6
BACH1,HMOX1,Repression,-1.0,A,0.0613927916921199,0.0681124007330484,0.1916615760537586,0.3500305436774552,0.09098373166421267,1.2455705814232922,7
CEBPB,ADM,Activation,1.0,A,0.4401343921807887,1.1843310934636084,0.083995113011607,0.1140806353084917,-0.012806764320740275,0.2970811011248685,8
CEBPB,CDKN1A,Activation,1.0,A,0.4401343921807887,1.1843310934636084,0.1423335369578509,0.1905925473427015,0.020849571270497875,0.811014408180185,9
CEBPB,IL1B,Activation,1.0,A,0.4401343921807887,1.1843310934636084,0.1805131337813089,0.8982895540622984,0.33215388091080345,1.1473581955200514,10
CEBPB,MAD1L1,Activation,0.5,B,0.4401343921807887,1.1843310934636084,0.0626145387904705,0.0700977397678682,-0.03215411891211067,0.10872858021454318,11
CEBPB,TNFAIP6,Activation,1.0,A,0.4401343921807887,1.1843310934636084,0.0565058032987173,0.1247709224190594,-0.008104282302004641,0.054913574240165214,13
CEBPB,TOP1,Activation,1.0,A,0.4401343921807887,1.1843310934636084,0.1125534514355536,0.1299633475870504,-0.0058202196071897696,0.5486662540550887,14
CEBPB,XBP1,Activation,1.0,A,0.4401343921807887,1.1843310934636084,0.2261759315821646,0.3171960904092811,0.07654039403523813,1.549625365178531,15
CEBPD,GAPDH,Activation,1.0,A,0.06857055589493,0.0917837507635923,0.8165852168600163,5.542913866829614,2.375247961422434,6.750845692601319,16
CREB1,CCL5,Activation,1.0,A,0.0575748320097741,0.0642944410507026,0.1490531459987795,0.8124618204031687,0.2943996681318115,0.8702109147520015,17
CREB1,CXCR4,Activation,1.0,A,0.0575748320097741,0.0642944410507026,0.6585216860109289,2.05650580329864,0.8416342184835232,5.3583824130145254,18
CREB1,FOS,Activation,1.0,A,0.0575748320097741,0.0642944410507026,0.1464569334147843,0.2357971899816755,0.040734352378295154,0.84733953721289,19
CREB1,HLA-DQB1,Activation,1.0,A,0.0575748320097741,0.0642944410507026,0.2906230910201544,0.8190287110567896,0.2972883356576003,2.117373678208161,20
CREB1,HMOX1,Activation,1.0,A,0.0575748320097741,0.0642944410507026,0.1916615760537586,0.3500305436774552,0.09098373166421267,1.2455705814232922,21
CREB1,JUN,Repression,-1.0,A,0.0575748320097741,0.0642944410507026,0.2136530238240704,0.3384239462431233,0.08587817975815629,1.439304602931055,22
CREB1,ODC1,Activation,1.0,A,0.0575748320097741,0.0642944410507026,0.0652107513744657,0.0742211362248016,-0.030340304419169715,0.13159995775365457,23
CREB1,POLD2,Activation,1.0,A,0.0575748320097741,0.0642944410507026,0.0638362858888212,0.0743738546120954,-0.030273126104616358,0.11949158140941928,24
CREB1,PPP2CA,Activation,1.0,A,0.0575748320097741,0.0642944410507026,0.1931887599266969,0.2322846670739177,0.039189251143567805,1.2590243329168866,25
CREB1,PSEN1,Activation,1.0,A,0.0575748320097741,0.0642944410507026,0.0572693952351864,0.0635308491142334,-0.03504278643790557,0.06164044998696199,26
CREB1,UXT,Activation,1.0,A,0.0575748320097741,0.0642944410507026,0.2692425167990218,0.3349114233353626,0.08433307852342768,1.92902115729787,27
CREM,CD247,Repression,-1.0,A,0.3682040317654069,0.8162797800854928,0.1108735491753215,0.1421808185705569,-0.00044595444292022587,0.533867127412135,28
CREM,DUSP1,Repression,-1.0,A,0.3682040317654069,0.8162797800854928,0.3023824068417773,0.6168295662797616,0.2083442471889414,2.220967564708821,29
CREM,FOS,Repression,-1.0,A,0.3682040317654069,0.8162797800854928,0.1464569334147843,0.2357971899816755,0.040734352378295154,0.84733953721289,30
E2F4,MYC,Repression,-1.0,A,0.0537568723274283,0.0571166768478926,0.1101099572388523,0.230452046426391,0.038383111368927046,0.5271402516653373,31
ELF2,VCP,Activation,1.0,A,0.0539095907147221,0.0581857055589494,0.1899816737935264,0.2336591325595622,0.039793855974548126,1.2307714547803377,32
FOS,CREM,Activation,1.0,A,0.1464569334147843,0.2357971899816755,0.3682040317654069,0.8162797800854928,0.2960791259956362,2.800824254082645,33
FOS,CSTA,Activation,1.0,A,0.1464569334147843,0.2357971899816755,0.0626145387904705,0.0720830788026881,-0.03128080082291682,0.10872858021454318,34
FOS,DDIT3,Activation,1.0,A,0.1464569334147843,0.2357971899816755,0.0960598656078198,0.1098045204642645,-0.01468775712823458,0.40336573792426694,35
FOS,EZR,Activation,1.0,A,0.1464569334147843,0.2357971899816755,0.2370189370800267,0.3408674404398228,0.08695303279100942,1.6451470007830533,36
FOS,GSTP1,Activation,1.0,A,0.1464569334147843,0.2357971899816755,0.5113011606597015,1.158674404398232,0.4466929072242766,4.061440769032236,37
FOS,HSPH1,Activation,1.0,A,0.1464569334147843,0.2357971899816755,0.1192730604764822,0.1864691508857678,0.019035756777556787,0.6078627606269051,38
FOS,MYC,Activation,1.0,A,0.1464569334147843,0.2357971899816755,0.1101099572388523,0.230452046426391,0.038383111368927046,0.5271402516653373,39
FOS,NFKB1,Repression,-1.0,A,0.1464569334147843,0.2357971899816755,0.1195784972510699,0.1469150885766657,0.0016365733082342316,0.6105535109256244,40
FOS,PDHA1,Activation,1.0,A,0.1464569334147843,0.2357971899816755,0.0815516188149057,0.0891875381795972,-0.023756829592939472,0.2755550987351172,41
FOS,PLAUR,Activation,1.0,A,0.1464569334147843,0.2357971899816755,0.4045510079413323,1.4934331093463264,0.5939477727252692,3.12102353963014,42
HBP1,MIF,Repression,-1.0,A,0.1337813072693963,0.1588271227855846,0.0693341478313992,0.0759010384850339,-0.029601342959082583,0.1679250867863604,43
HBP1,NCF1,Repression,-1.0,A,0.1337813072693963,0.1588271227855846,0.0916310323762986,0.1310323762981069,-0.005349971405316316,0.3643498585928418,44
HIF1A,ALDOA,Activation,1.0,A,0.1475259621258411,0.1844838118509483,0.4886988393402185,0.8877519853389899,0.327518577206606,3.862325246927071,45
HIF1A,BAX,Activation,1.0,A,0.1475259621258411,0.1844838118509483,0.3118509468539931,0.4332620647525814,0.1275959130957937,2.304380823969092,46
HIF1A,CXCR4,Activation,1.0,A,0.1475259621258411,0.1844838118509483,0.6585216860109289,2.05650580329864,0.8416342184835232,5.3583824130145254,47
HIF1A,ENO1,Activation,1.0,A,0.1475259621258411,0.1844838118509483,0.6227855833841787,1.3723274282222748,0.5406753692844283,5.043564628064468,48
HIF1A,FAM162A,Activation,1.0,A,0.1475259621258411,0.1844838118509483,0.1020158827122792,0.1134697617593164,-0.013075477578953741,0.4558353687492856,49
HIF1A,GAPDH,Activation,1.0,A,0.1475259621258411,0.1844838118509483,0.8165852168600163,5.542913866829614,2.375247961422434,6.750845692601319,50
HIF1A,ITGB2,Activation,1.0,A,0.1475259621258411,0.1844838118509483,0.0812461820403181,0.1006414172266346,-0.01871845600143675,0.27286434843639873,51
HIF1A,LDHA,Activation,1.0,A,0.1475259621258411,0.1844838118509483,0.5106902871105263,1.012217470983455,0.3822689035675987,4.056059268434799,52
HIF1A,MIF,Activation,1.0,A,0.1475259621258411,0.1844838118509483,0.0693341478313992,0.0759010384850339,-0.029601342959082583,0.1679250867863604,53
HIF1A,NR3C1,Activation,1.0,A,0.1475259621258411,0.1844838118509483,0.1901343921808203,0.2562614538790486,0.0497362465284465,1.2321168299296976,54
HIF1A,PFKFB3,Activation,1.0,A,0.1475259621258411,0.1844838118509483,0.0708613317043375,0.0795662797800858,-0.027989063409801743,0.18137883827995493,55
HIF1A,PGK1,Activation,1.0,A,0.1475259621258411,0.1844838118509483,0.5167990226022785,0.91676847892481,0.3402824569717427,4.109874274409168,56
HIF1A,RORA,Activation,1.0,A,0.1475259621258411,0.1844838118509483,0.0700977397678683,0.0835369578497254,-0.02624242723141415,0.17465196253315723,57
HIF1A,SOCS1,Activation,1.0,A,0.1475259621258411,0.1844838118509483,0.1321014050091641,0.1713500305436787,0.01238510363677332,0.7208742731731003,58
HIF1A,TLR2,Activation,1.0,A,0.1475259621258411,0.1844838118509483,0.1165241295051933,0.1559254734270017,0.005600093866883002,0.5836460079384354,59
HSF1,HSPA1A,Activation,1.0,A,0.0751374465485648,0.0798717165546735,0.1751679902260247,0.3938607208307819,0.11026390794102839,1.1002700652924693,60
HSF1,HSPA4,Activation,1.0,A,0.0751374465485648,0.0798717165546735,0.0650580329871719,0.0710140500916313,-0.0317510490247904,0.13025458260429537,61
HSF1,STIP1,Activation,0.5,B,0.0751374465485648,0.0798717165546735,0.1171350030543686,0.1398900427611493,-0.0014536291612208187,0.5890275085358729,62
HSF1,UBB,Activation,0.5,B,0.0751374465485648,0.0798717165546735,0.8168906536346039,2.44654856444713,1.013207633852848,6.753536442900038,63
IRF1,CCL5,Activation,1.0,A,0.205864386072085,0.2814599877825283,0.1490531459987795,0.8124618204031687,0.2943996681318115,0.8702109147520015,64
IRF1,CD40,Activation,1.0,A,0.205864386072085,0.2814599877825283,0.0791081246182044,0.0986560781918147,-0.019591774090630593,0.25402909634536586,65
IRF1,CYBB,Activation,1.0,A,0.205864386072085,0.2814599877825283,0.2435858277336615,0.4014966401954712,0.11362282366869587,1.7029981322055106,66
IRF1,EIF2AK2,Activation,1.0,A,0.205864386072085,0.2814599877825283,0.0714722052535128,0.0821624923640809,-0.026847032062394485,0.18676033887739257,67
IRF1,HLA-A,Activation,1.0,A,0.205864386072085,0.2814599877825283,0.983811850946732,6.290470372632917,2.7040858111611765,8.224031481149668,68
IRF1,IFIT3,Activation,1.0,A,0.205864386072085,0.2814599877825283,0.0578802687843618,0.0992669517409899,-0.01932306083241717,0.06702195058440052,69
IRF1,IRF2,Activation,1.0,A,0.205864386072085,0.2814599877825283,0.0872021991447775,0.0959071472205258,-0.02080098375259121,0.32533397926141755,70
IRF1,PSMB10,Activation,0.5,B,0.205864386072085,0.2814599877825283,0.1259926695174108,0.1401954795357372,-0.0013192725321139818,0.6670592671987217,71
IRF1,PSMB9,Activation,1.0,A,0.205864386072085,0.2814599877825283,0.5154245571166343,0.9711362248014151,0.3641979369527427,4.097765898064935,72
IRF1,SOCS1,Activation,1.0,A,0.205864386072085,0.2814599877825283,0.1321014050091641,0.1713500305436787,0.01238510363677332,0.7208742731731003,73
IRF1,TAP1,Activation,1.0,A,0.205864386072085,0.2814599877825283,0.255039706780698,0.3448381185094623,0.08869966896939696,1.8039012684074625,74
IRF1,TNFSF10,Activation,1.0,A,0.205864386072085,0.2814599877825283,0.0884239462431282,0.1910507025045824,0.021051106214157716,0.33609698045629366,75
IRF2,TAP1,Activation,1.0,A,0.0872021991447775,0.0959071472205258,0.255039706780698,0.3448381185094623,0.08869966896939696,1.8039012684074625,76
IRF3,IRF7,Activation,1.0,A,0.0762064752596216,0.0841478313989008,0.237629810629202,0.3359804520464207,0.08480332672530182,1.650528501380491,77
IRF8,CD68,Repression,-1.0,A,0.0607819181429446,0.0887293830177156,0.3481979230299186,0.8341478313988746,0.30393898879838194,2.6245801095165873,78
IRF8,CYBB,Activation,1.0,A,0.0607819181429446,0.0887293830177156,0.2435858277336615,0.4014966401954712,0.11362282366869587,1.7029981322055106,79
IRF8,NCF2,Activation,1.0,A,0.0607819181429446,0.0887293830177156,0.2298411728772166,0.3520158827122728,0.09185704975340551,1.5819143687631585,80
IRF9,IFIT3,Activation,1.0,A,0.0629199755650582,0.0694868662186929,0.0578802687843618,0.0992669517409899,-0.01932306083241717,0.06702195058440052,81
JUN,CCL5,Activation,1.0,A,0.2136530238240704,0.3384239462431233,0.1490531459987795,0.8124618204031687,0.2943996681318115,0.8702109147520015,83
JUN,CD82,Activation,1.0,A,0.2136530238240704,0.3384239462431233,0.0846059865607824,0.1000305436774593,-0.018987169259650216,0.302462601722307,84
JUN,CDKN1A,Activation,1.0,A,0.2136530238240704,0.3384239462431233,0.1423335369578509,0.1905925473427015,0.020849571270497875,0.811014408180185,85
JUN,CREM,Activation,1.0,A,0.2136530238240704,0.3384239462431233,0.3682040317654069,0.8162797800854928,0.2960791259956362,2.800824254082645,86
JUN,CSTA,Activation,1.0,A,0.2136530238240704,0.3384239462431233,0.0626145387904705,0.0720830788026881,-0.03128080082291682,0.10872858021454318,87
JUN,CTSL,Activation,1.0,A,0.2136530238240704,0.3384239462431233,0.3089492974954109,1.148442272449575,0.44219196014921397,2.2788186961312675,88
JUN,DDIT3,Activation,1.0,A,0.2136530238240704,0.3384239462431233,0.0960598656078198,0.1098045204642645,-0.01468775712823458,0.40336573792426694,89
JUN,EZR,Activation,1.0,A,0.2136530238240704,0.3384239462431233,0.2370189370800267,0.3408674404398228,0.08695303279100942,1.6451470007830533,90
JUN,IL1B,Activation,1.0,A,0.2136530238240704,0.3384239462431233,0.1805131337813089,0.8982895540622984,0.33215388091080345,1.1473581955200514,91
JUN,MYC,Activation,1.0,A,0.2136530238240704,0.3384239462431233,0.1101099572388523,0.230452046426391,0.038383111368927046,0.5271402516653373,92
JUN,NFKB2,Activation,1.0,A,0.2136530238240704,0.3384239462431233,0.0844532681734885,0.0940745265729999,-0.021607123527231608,0.3011172265729469,93
JUN,PDHA1,Activation,1.0,A,0.2136530238240704,0.3384239462431233,0.0815516188149057,0.0891875381795972,-0.023756829592939472,0.2755550987351172,94
JUN,PLAUR,Activation,1.0,A,0.2136530238240704,0.3384239462431233,0.4045510079413323,1.4934331093463264,0.5939477727252692,3.12102353963014,95
JUN,POLD2,Activation,1.0,A,0.2136530238240704,0.3384239462431233,0.0638362858888212,0.0743738546120954,-0.030273126104616358,0.11949158140941928,96
JUN,RELB,Activation,1.0,A,0.2136530238240704,0.3384239462431233,0.1162186927306056,0.1398900427611494,-0.00145362916122077,0.5809552576397162,97
JUN,SPI1,Activation,1.0,A,0.2136530238240704,0.3384239462431233,0.4109651802076721,1.0751374465485315,0.4099463691635947,3.177529295903227,98
JUN,STMN1,Activation,1.0,A,0.2136530238240704,0.3384239462431233,0.0759010384850339,0.1021686010995728,-0.018046672855903105,0.22577621820881683,99
JUN,TXN,Activation,1.0,A,0.2136530238240704,0.3384239462431233,0.4127978008551978,1.9439523518631052,0.7921238006576983,3.193673797695538,100
JUND,CCL5,Activation,1.0,A,0.083078802687844,0.0899511301160664,0.1490531459987795,0.8124618204031687,0.2943996681318115,0.8702109147520015,101
JUND,CSTA,Activation,1.0,A,0.083078802687844,0.0899511301160664,0.0626145387904705,0.0720830788026881,-0.03128080082291682,0.10872858021454318,102
JUND,NQO2,Activation,1.0,A,0.083078802687844,0.0899511301160664,0.0853695784972515,0.1033903481979235,-0.017509246339476127,0.30918947746910386,103
JUND,PLAUR,Activation,1.0,A,0.083078802687844,0.0899511301160664,0.4045510079413323,1.4934331093463264,0.5939477727252692,3.12102353963014,104
JUND,TGFB1,Activation,1.0,A,0.083078802687844,0.0899511301160664,0.0752901649358586,0.0833842394624316,-0.026309605545967504,0.22039471761137922,105
KLF10,CDKN1A,Activation,1.0,A,0.0516188149053146,0.0629199755650581,0.1423335369578509,0.1905925473427015,0.020849571270497875,0.811014408180185,106
LEF1,CCL7,Activation,1.0,A,0.1055284056200373,0.1380574221136234,0.065821624923641,0.4650274893097114,0.14156900252290028,0.1369814583510922,107
LEF1,MYC,Activation,1.0,A,0.1055284056200373,0.1380574221136234,0.1101099572388523,0.230452046426391,0.038383111368927046,0.5271402516653373,108
MAX,ODC1,Activation,1.0,A,0.1492058643860733,0.170281001832622,0.0652107513744657,0.0742211362248016,-0.030340304419169715,0.13159995775365457,109
MXD1,ODC1,Activation,1.0,A,0.1127061698228475,0.1489004276114854,0.0652107513744657,0.0742211362248016,-0.030340304419169715,0.13159995775365457,110
MYC,CDKN1A,Repression,-1.0,A,0.1101099572388523,0.230452046426391,0.1423335369578509,0.1905925473427015,0.020849571270497875,0.811014408180185,111
MYC,CFLAR,Repression,-1.0,A,0.1101099572388523,0.230452046426391,0.1936469150885784,0.2481673793524761,0.04617579585711818,1.263060458364965,112
MYC,CXCR4,Activation,1.0,A,0.1101099572388523,0.230452046426391,0.6585216860109289,2.05650580329864,0.8416342184835232,5.3583824130145254,113
MYC,DDX18,Activation,1.0,A,0.1101099572388523,0.230452046426391,0.1996029321930379,0.240226023213197,0.04268252350034303,1.3155300891899846,114
MYC,HDAC2,Activation,1.0,A,0.1101099572388523,0.230452046426391,0.0908674404398295,0.1027794746487482,-0.017777959597689595,0.357622982846045,115
MYC,HLA-F,Activation,1.0,A,0.1101099572388523,0.230452046426391,0.2328955406230932,0.2898594990836876,0.06451547573018603,1.6088218717503475,116
MYC,HNRNPA1,Activation,1.0,A,0.1101099572388523,0.230452046426391,0.6340867440439202,1.24282223579711,0.48370815854317295,5.1431223891170506,117
MYC,HNRNPA2B1,Activation,1.0,A,0.1101099572388523,0.230452046426391,0.706780696395771,1.5809407452656248,0.6324409469643204,5.78352096021204,118
MYC,HSPA4,Activation,1.0,A,0.1101099572388523,0.230452046426391,0.0650580329871719,0.0710140500916313,-0.0317510490247904,0.13025458260429537,119
MYC,ID2,Activation,1.0,A,0.1101099572388523,0.230452046426391,0.1841783750763608,0.3717165546731761,0.10052305233078974,1.1796471991046782,120
MYC,IER3,Repression,-1.0,A,0.1101099572388523,0.230452046426391,0.2510690287110591,0.5186316432498371,0.16514859093112894,1.7689215145241226,121
MYC,JUNB,Repression,-1.0,A,0.1101099572388523,0.230452046426391,0.6062919975564478,1.6232437385460396,0.651049340095614,4.898264111933672,122
MYC,LDHA,Activation,1.0,A,0.1101099572388523,0.230452046426391,0.5106902871105263,1.012217470983455,0.3822689035675987,4.056059268434799,123
MYC,NOL7,Activation,1.0,A,0.1101099572388523,0.230452046426391,0.2142638973732457,0.2570250458155177,0.05007213810121333,1.4446861035284926,124
MYC,ODC1,Activation,1.0,A,0.1101099572388523,0.230452046426391,0.0652107513744657,0.0742211362248016,-0.030340304419169715,0.13159995775365457,125
MYC,PCNA,Activation,1.0,A,0.1101099572388523,0.230452046426391,0.0516188149053146,0.0563530849114234,-0.03820016722191389,0.011861569460661634,126
MYC,PMAIP1,Activation,1.0,A,0.1101099572388523,0.230452046426391,0.088576664630422,0.1485949908368974,0.002375534768321102,0.3374423556056529,127
MYC,PRDX3,Activation,1.0,A,0.1101099572388523,0.230452046426391,0.1345448992058654,0.1516493585827744,0.0037191010593886527,0.7424002755628517,128
MYC,SRSF1,Activation,1.0,A,0.1101099572388523,0.230452046426391,0.0983506414172272,0.1073610262675633,-0.015762610161088444,0.4235463651646582,129
NFE2L2,HMOX1,Activation,1.0,A,0.2790164935858252,0.393097128894309,0.1916615760537586,0.3500305436774552,0.09098373166421267,1.2455705814232922,130
NFKB1,ALOX5AP,Activation,1.0,A,0.1195784972510699,0.1469150885766657,0.2603848503359811,0.4616676847892365,0.1400910796027215,1.8509893986350348,131
NFKB1,BCL2A1,Activation,1.0,A,0.1195784972510699,0.1469150885766657,0.0794135613927921,0.121869273060477,-0.009380670278518487,0.25671984664408504,133
NFKB1,BIRC2,Activation,1.0,A,0.1195784972510699,0.1469150885766657,0.0972816127061704,0.1119425778863781,-0.01374726072448743,0.41412873911914216,134
NFKB1,BIRC3,Activation,1.0,A,0.1195784972510699,0.1469150885766657,0.3188759926695081,0.6928833231520827,0.2417990478365163,2.3662680808396166,135
NFKB1,CCL3,Activation,1.0,A,0.1195784972510699,0.1469150885766657,0.1374465485644482,1.0513133781307158,0.3994665520932788,0.7679624034006816,137
NFKB1,CCL4,Activation,1.0,A,0.1195784972510699,0.1469150885766657,0.1218692730604774,0.8442272449602863,0.3083727575589126,0.6307341381660165,138
NFKB1,CCL5,Activation,1.0,A,0.1195784972510699,0.1469150885766657,0.1490531459987795,0.8124618204031687,0.2943996681318115,0.8702109147520015,139
NFKB1,CCR7,Activation,1.0,A,0.1195784972510699,0.1469150885766657,0.3999694563225182,1.32941356139275,0.5217982628949499,3.080662285149363,140
NFKB1,CD40,Activation,1.0,A,0.1195784972510699,0.1469150885766657,0.0791081246182044,0.0986560781918147,-0.019591774090630593,0.25402909634536586,141
NFKB1,CD58,Activation,1.0,A,0.1195784972510699,0.1469150885766657,0.2254123396456955,0.3126145387904666,0.07452504459863724,1.5428984894317341,142
NFKB1,CD69,Activation,1.0,A,0.1195784972510699,0.1469150885766657,0.1143860720830796,0.1982284667073928,0.02420848699816622,0.5648107558474025,143
NFKB1,CD83,Activation,1.0,A,0.1195784972510699,0.1469150885766657,0.1647831398900442,0.4337202199144725,0.12779744803945806,1.0087845551360264,145
NFKB1,CD86,Activation,1.0,A,0.1195784972510699,0.1469150885766657,0.181276725717778,0.3031459987782517,0.07035998909632951,1.1540850712668482,146
NFKB1,CFLAR,Activation,1.0,A,0.1195784972510699,0.1469150885766657,0.1936469150885784,0.2481673793524761,0.04617579585711818,1.263060458364965,147
NFKB1,CTSB,Activation,1.0,A,0.1195784972510699,0.1469150885766657,0.4100488698839093,1.4302076970066775,0.5661359505001732,3.1694570450070723,148
NFKB1,CXCL1,Activation,1.0,A,0.1195784972510699,0.1469150885766657,0.0551313378130728,0.3049786194257785,0.07116612887097029,0.0428051978959299,149
NFKB1,CXCL2,Activation,1.0,A,0.1195784972510699,0.1469150885766657,0.1527183872938314,0.4189065363469722,0.12128115152778184,0.9024999183366279,150
NFKB1,GSTP1,Activation,1.0,A,0.1195784972510699,0.1469150885766657,0.5113011606597015,1.158674404398232,0.4466929072242766,4.061440769032236,151
NFKB1,HIF1A,Activation,1.0,A,0.1195784972510699,0.1469150885766657,0.1475259621258411,0.1844838118509483,0.01816243868836313,0.8567571632584061,152
NFKB1,HLA-F,Activation,1.0,A,0.1195784972510699,0.1469150885766657,0.2328955406230932,0.2898594990836876,0.06451547573018603,1.6088218717503475,153
NFKB1,HMOX1,Activation,1.0,A,0.1195784972510699,0.1469150885766657,0.1916615760537586,0.3500305436774552,0.09098373166421267,1.2455705814232922,154
NFKB1,ICAM1,Activation,1.0,A,0.1195784972510699,0.1469150885766657,0.0662797800855225,0.0794135613927918,-0.028056241724355186,0.1410175837991706,155
NFKB1,IER3,Activation,1.0,A,0.1195784972510699,0.1469150885766657,0.2510690287110591,0.5186316432498371,0.16514859093112894,1.7689215145241226,156
NFKB1,IL1B,Activation,1.0,A,0.1195784972510699,0.1469150885766657,0.1805131337813089,0.8982895540622984,0.33215388091080345,1.1473581955200514,157
NFKB1,IRF1,Activation,1.0,A,0.1195784972510699,0.1469150885766657,0.205864386072085,0.2814599877825283,0.06082066842975135,1.3706904703137226,158
NFKB1,IRF7,Activation,1.0,A,0.1195784972510699,0.1469150885766657,0.237629810629202,0.3359804520464207,0.08480332672530182,1.650528501380491,159
NFKB1,JUNB,Activation,1.0,A,0.1195784972510699,0.1469150885766657,0.6062919975564478,1.6232437385460396,0.651049340095614,4.898264111933672,160
NFKB1,MYC,Activation,1.0,A,0.1195784972510699,0.1469150885766657,0.1101099572388523,0.230452046426391,0.038383111368927046,0.5271402516653373,161
NFKB1,NFKBIA,Activation,1.0,A,0.1195784972510699,0.1469150885766657,0.5708613317042852,2.2730604764813487,0.9368930685202254,4.586137077282332,162
NFKB1,PLAUR,Activation,1.0,A,0.1195784972510699,0.1469150885766657,0.4045510079413323,1.4934331093463264,0.5939477727252692,3.12102353963014,163
NFKB1,RIPK2,Activation,1.0,A,0.1195784972510699,0.1469150885766657,0.0682651191203423,0.0852168601099575,-0.025503465771327106,0.15850746074084354,164
NFKB1,SERPINB1,Activation,1.0,A,0.1195784972510699,0.1469150885766657,0.2229688454489942,0.3996640195479449,0.11281668389405529,1.521372487041983,165
NFKB1,SOCS3,Activation,1.0,A,0.1195784972510699,0.1469150885766657,0.14309712889432,0.196548564447161,0.023469525538079315,0.8177412839269818,166
NFKB1,SQSTM1,Activation,0.5,B,0.1195784972510699,0.1469150885766657,0.4117287721441411,0.7834453268173159,0.2816357883666604,3.184256171650023,168
NFKB1,TLR2,Activation,1.0,A,0.1195784972510699,0.1469150885766657,0.1165241295051933,0.1559254734270017,0.005600093866883002,0.5836460079384354,170
NFKB1,TNFAIP3,Activation,1.0,A,0.1195784972510699,0.1469150885766657,0.0995723885155779,0.115760537568724,-0.012067802860653148,0.43430936635953427,171
NFKB1,TNFSF10,Activation,1.0,A,0.1195784972510699,0.1469150885766657,0.0884239462431282,0.1910507025045824,0.021051106214157716,0.33609698045629366,172
NFKB1,TRAF1,Activation,1.0,A,0.1195784972510699,0.1469150885766657,0.0733048259010388,0.0879657910812465,-0.024294256109366447,0.20290484066970627,173
POU2F2,SPI1,Activation,1.0,A,0.0555894929749543,0.0658216249236409,0.4109651802076721,1.0751374465485315,0.4099463691635947,3.177529295903227,175
RBPJ,NFKB1,Activation,1.0,A,0.124007330482591,0.1453879047037274,0.1195784972510699,0.1469150885766657,0.0016365733082342316,0.6105535109256244,176
REL,BIRC3,Activation,1.0,A,0.1325595601710456,0.1939523518631657,0.3188759926695081,0.6928833231520827,0.2417990478365163,2.3662680808396166,177
REL,CCL5,Activation,1.0,A,0.1325595601710456,0.1939523518631657,0.1490531459987795,0.8124618204031687,0.2943996681318115,0.8702109147520015,179
REL,ICAM1,Activation,1.0,A,0.1325595601710456,0.1939523518631657,0.0662797800855225,0.0794135613927918,-0.028056241724355186,0.1410175837991706,180
REL,IER3,Activation,1.0,A,0.1325595601710456,0.1939523518631657,0.2510690287110591,0.5186316432498371,0.16514859093112894,1.7689215145241226,181
REL,IL1B,Activation,1.0,A,0.1325595601710456,0.1939523518631657,0.1805131337813089,0.8982895540622984,0.33215388091080345,1.1473581955200514,182
REL,TNFAIP3,Activation,1.0,A,0.1325595601710456,0.1939523518631657,0.0995723885155779,0.115760537568724,-0.012067802860653148,0.43430936635953427,183
RELA,BAX,Repression,-1.0,A,0.0536041539401345,0.0571166768478926,0.3118509468539931,0.4332620647525814,0.1275959130957937,2.304380823969092,184
RELA,BCL2A1,Activation,1.0,A,0.0536041539401345,0.0571166768478926,0.0794135613927921,0.121869273060477,-0.009380670278518487,0.25671984664408504,185
RELA,BIRC2,Activation,1.0,A,0.0536041539401345,0.0571166768478926,0.0972816127061704,0.1119425778863781,-0.01374726072448743,0.41412873911914216,186
RELA,BIRC3,Activation,1.0,A,0.0536041539401345,0.0571166768478926,0.3188759926695081,0.6928833231520827,0.2417990478365163,2.3662680808396166,187
RELA,CCL3,Activation,1.0,A,0.0536041539401345,0.0571166768478926,0.1374465485644482,1.0513133781307158,0.3994665520932788,0.7679624034006816,189
RELA,CCL4,Activation,1.0,A,0.0536041539401345,0.0571166768478926,0.1218692730604774,0.8442272449602863,0.3083727575589126,0.6307341381660165,190
RELA,CCL5,Activation,1.0,A,0.0536041539401345,0.0571166768478926,0.1490531459987795,0.8124618204031687,0.2943996681318115,0.8702109147520015,191
RELA,CCR5,Activation,1.0,A,0.0536041539401345,0.0571166768478926,0.0645998778252904,0.0777336591325598,-0.028795203184442193,0.12621845715621696,192
RELA,CD40,Activation,1.0,A,0.0536041539401345,0.0571166768478926,0.0791081246182044,0.0986560781918147,-0.019591774090630593,0.25402909634536586,193
RELA,CD58,Activation,1.0,A,0.0536041539401345,0.0571166768478926,0.2254123396456955,0.3126145387904666,0.07452504459863724,1.5428984894317341,194
RELA,CD69,Activation,1.0,A,0.0536041539401345,0.0571166768478926,0.1143860720830796,0.1982284667073928,0.02420848699816622,0.5648107558474025,195
RELA,CD83,Activation,1.0,A,0.0536041539401345,0.0571166768478926,0.1647831398900442,0.4337202199144725,0.12779744803945806,1.0087845551360264,197
RELA,CD86,Activation,1.0,A,0.0536041539401345,0.0571166768478926,0.181276725717778,0.3031459987782517,0.07035998909632951,1.1540850712668482,198
RELA,CDKN1A,Activation,1.0,A,0.0536041539401345,0.0571166768478926,0.1423335369578509,0.1905925473427015,0.020849571270497875,0.811014408180185,199
RELA,CFLAR,Activation,1.0,A,0.0536041539401345,0.0571166768478926,0.1936469150885784,0.2481673793524761,0.04617579585711818,1.263060458364965,200
RELA,CTSB,Activation,1.0,A,0.0536041539401345,0.0571166768478926,0.4100488698839093,1.4302076970066775,0.5661359505001732,3.1694570450070723,201
RELA,CXCL1,Activation,1.0,A,0.0536041539401345,0.0571166768478926,0.0551313378130728,0.3049786194257785,0.07116612887097029,0.0428051978959299,202
RELA,CXCL2,Activation,1.0,A,0.0536041539401345,0.0571166768478926,0.1527183872938314,0.4189065363469722,0.12128115152778184,0.9024999183366279,203
RELA,CXCR4,Activation,1.0,A,0.0536041539401345,0.0571166768478926,0.6585216860109289,2.05650580329864,0.8416342184835232,5.3583824130145254,204
RELA,GSTP1,Activation,1.0,A,0.0536041539401345,0.0571166768478926,0.5113011606597015,1.158674404398232,0.4466929072242766,4.061440769032236,205
RELA,HDAC1,Activation,1.0,A,0.0536041539401345,0.0571166768478926,0.1073610262675633,0.1223274282223588,-0.009179135334858243,0.5029234989768668,206
RELA,HIF1A,Activation,1.0,A,0.0536041539401345,0.0571166768478926,0.1475259621258411,0.1844838118509483,0.01816243868836313,0.8567571632584061,207
RELA,ICAM1,Activation,1.0,A,0.0536041539401345,0.0571166768478926,0.0662797800855225,0.0794135613927918,-0.028056241724355186,0.1410175837991706,208
RELA,IER3,Activation,1.0,A,0.0536041539401345,0.0571166768478926,0.2510690287110591,0.5186316432498371,0.16514859093112894,1.7689215145241226,209
RELA,IL1B,Activation,1.0,A,0.0536041539401345,0.0571166768478926,0.1805131337813089,0.8982895540622984,0.33215388091080345,1.1473581955200514,210
RELA,IRF1,Activation,1.0,A,0.0536041539401345,0.0571166768478926,0.205864386072085,0.2814599877825283,0.06082066842975135,1.3706904703137226,211
RELA,IRF7,Activation,1.0,A,0.0536041539401345,0.0571166768478926,0.237629810629202,0.3359804520464207,0.08480332672530182,1.650528501380491,212
RELA,MCL1,Activation,1.0,A,0.0536041539401345,0.0571166768478926,0.2527489309712909,0.3394929749541783,0.08634842796002909,1.783720641167074,213
RELA,MYC,Activation,1.0,A,0.0536041539401345,0.0571166768478926,0.1101099572388523,0.230452046426391,0.038383111368927046,0.5271402516653373,214
RELA,NFKB1,Activation,1.0,A,0.0536041539401345,0.0571166768478926,0.1195784972510699,0.1469150885766657,0.0016365733082342316,0.6105535109256244,215
RELA,NFKBIA,Activation,1.0,A,0.0536041539401345,0.0571166768478926,0.5708613317042852,2.2730604764813487,0.9368930685202254,4.586137077282332,216
RELA,OPTN,Activation,1.0,A,0.0536041539401345,0.0571166768478926,0.0638362858888212,0.0690287110568114,-0.03262436711398425,0.11949158140941928,217
RELA,PLAUR,Activation,1.0,A,0.0536041539401345,0.0571166768478926,0.4045510079413323,1.4934331093463264,0.5939477727252692,3.12102353963014,218
RELA,POU2F2,Activation,0.5,B,0.0536041539401345,0.0571166768478926,0.0555894929749543,0.0658216249236409,-0.03403511171960502,0.04684132334400836,219
RELA,RIPK2,Activation,1.0,A,0.0536041539401345,0.0571166768478926,0.0682651191203423,0.0852168601099575,-0.025503465771327106,0.15850746074084354,220
RELA,S100A6,Activation,1.0,A,0.0536041539401345,0.0571166768478926,0.6957849725106171,3.9488393402566206,1.6740407141143734,5.686653949458176,221
RELA,SOCS3,Activation,1.0,A,0.0536041539401345,0.0571166768478926,0.14309712889432,0.196548564447161,0.023469525538079315,0.8177412839269818,222
RELA,STAT1,Activation,0.5,B,0.0536041539401345,0.0571166768478926,0.1098045204642646,0.1379047037263295,-0.0023269472504146233,0.5244495013666182,224
RELA,STAT3,Activation,0.5,B,0.0536041539401345,0.0571166768478926,0.1345448992058654,0.158368967623703,0.006674946899736915,0.7424002755628517,225
RELA,TNFAIP3,Activation,1.0,A,0.0536041539401345,0.0571166768478926,0.0995723885155779,0.115760537568724,-0.012067802860653148,0.43430936635953427,227
RELA,TRAF1,Activation,1.0,A,0.0536041539401345,0.0571166768478926,0.0733048259010388,0.0879657910812465,-0.024294256109366447,0.20290484066970627,228
RELB,CD40,Activation,1.0,A,0.1162186927306056,0.1398900427611494,0.0791081246182044,0.0986560781918147,-0.019591774090630593,0.25402909634536586,229
RORA,TUBA1B,Activation,1.0,A,0.0700977397678683,0.0835369578497254,0.2570250458155174,0.3813378130726846,0.10475528614765074,1.8213911453491318,230
RUNX3,CASP8,Activation,1.0,A,0.0610873549175322,0.0691814294441052,0.0638362858888212,0.0690287110568114,-0.03262436711398425,0.11949158140941928,231
RUNX3,CFLAR,Repression,-1.0,A,0.0610873549175322,0.0691814294441052,0.1936469150885784,0.2481673793524761,0.04617579585711818,1.263060458364965,232
RUNX3,ICAM3,Repression,-1.0,A,0.0610873549175322,0.0691814294441052,0.1235491753207095,0.1472205253512533,0.0017709299373409465,0.6455332648089702,233
RXRA,NOL7,Activation,1.0,A,0.0560476481368358,0.0620036652412951,0.2142638973732457,0.2570250458155177,0.05007213810121333,1.4446861035284926,234
SATB1,CD8B,Activation,1.0,A,0.0684178375076362,0.0800244349419672,0.0645998778252904,0.0966707391569948,-0.020465092179824434,0.12621845715621696,235
SPI1,ACP5,Activation,1.0,A,0.4109651802076721,1.0751374465485315,0.1405009163103249,0.2197617593158232,0.03368062935019137,0.7948699063878714,236
SPI1,CCL5,Activation,1.0,A,0.4109651802076721,1.0751374465485315,0.1490531459987795,0.8124618204031687,0.2943996681318115,0.8702109147520015,237
SPI1,CD40,Activation,1.0,A,0.4109651802076721,1.0751374465485315,0.0791081246182044,0.0986560781918147,-0.019591774090630593,0.25402909634536586,238
SPI1,CD68,Repression,-1.0,A,0.4109651802076721,1.0751374465485315,0.3481979230299186,0.8341478313988746,0.30393898879838194,2.6245801095165873,239
SPI1,CTSS,Activation,1.0,A,0.4109651802076721,1.0751374465485315,0.4335675015271552,0.9896151496639846,0.3723265130137074,3.3766448180083923,240
SPI1,CYBB,Activation,1.0,A,0.4109651802076721,1.0751374465485315,0.2435858277336615,0.4014966401954712,0.11362282366869587,1.7029981322055106,241
SPI1,HCK,Activation,1.0,A,0.4109651802076721,1.0751374465485315,0.1716554673182666,0.2359499083689696,0.040801530692848635,1.0693264368572022,242
SPI1,IFIT3,Activation,1.0,A,0.4109651802076721,1.0751374465485315,0.0578802687843618,0.0992669517409899,-0.01932306083241717,0.06702195058440052,243
SPI1,IL1B,Activation,1.0,A,0.4109651802076721,1.0751374465485315,0.1805131337813089,0.8982895540622984,0.33215388091080345,1.1473581955200514,244
SPI1,ITGB2,Activation,1.0,A,0.4109651802076721,1.0751374465485315,0.0812461820403181,0.1006414172266346,-0.01871845600143675,0.27286434843639873,245
SPI1,MNDA,Activation,1.0,A,0.4109651802076721,1.0751374465485315,0.0554367745876604,0.0766646304215029,-0.029265451386315807,0.045495948194648285,246
SPI1,NCF2,Activation,1.0,A,0.4109651802076721,1.0751374465485315,0.2298411728772166,0.3520158827122728,0.09185704975340551,1.5819143687631585,247
SPI1,P2RY10,Activation,1.0,A,0.4109651802076721,1.0751374465485315,0.1162186927306056,0.1467623701893718,0.0015693949936808377,0.5809552576397162,248
SPI1,SCARB2,Activation,1.0,A,0.4109651802076721,1.0751374465485315,0.0847587049480762,0.1026267562614544,-0.017845137912242952,0.3038079768716662,249
SPI1,STAT3,Activation,1.0,A,0.4109651802076721,1.0751374465485315,0.1345448992058654,0.158368967623703,0.006674946899736915,0.7424002755628517,250
SPI1,WAS,Activation,1.0,A,0.4109651802076721,1.0751374465485315,0.1728772144166173,0.2145693341478332,0.03139656665537693,1.0800894380520782,251
STAT1,BAX,Activation,1.0,A,0.1098045204642646,0.1379047037263295,0.3118509468539931,0.4332620647525814,0.1275959130957937,2.304380823969092,252
STAT1,CCL3,Activation,1.0,A,0.1098045204642646,0.1379047037263295,0.1374465485644482,1.0513133781307158,0.3994665520932788,0.7679624034006816,254
STAT1,CCR1,Activation,1.0,A,0.1098045204642646,0.1379047037263295,0.1075137446548572,0.1388210140500924,-0.0019238773630944426,0.5042688741262269,255
STAT1,CD40,Activation,1.0,A,0.1098045204642646,0.1379047037263295,0.0791081246182044,0.0986560781918147,-0.019591774090630593,0.25402909634536586,256
STAT1,CD86,Activation,1.0,A,0.1098045204642646,0.1379047037263295,0.181276725717778,0.3031459987782517,0.07035998909632951,1.1540850712668482,257
STAT1,CDKN1A,Activation,1.0,A,0.1098045204642646,0.1379047037263295,0.1423335369578509,0.1905925473427015,0.020849571270497875,0.811014408180185,258
STAT1,CTSB,Activation,1.0,A,0.1098045204642646,0.1379047037263295,0.4100488698839093,1.4302076970066775,0.5661359505001732,3.1694570450070723,259
STAT1,CTSL,Activation,1.0,A,0.1098045204642646,0.1379047037263295,0.3089492974954109,1.148442272449575,0.44219196014921397,2.2788186961312675,260
STAT1,FCGRT,Repression,-1.0,A,0.1098045204642646,0.1379047037263295,0.1776114844227261,0.2500000000000021,0.04698193563175863,1.1217960676822216,261
STAT1,HLA-E,Activation,1.0,A,0.1098045204642646,0.1379047037263295,0.8087965791080323,2.211514966401872,0.90982020775519,6.682231559983999,262
STAT1,HMOX1,Activation,1.0,A,0.1098045204642646,0.1379047037263295,0.1916615760537586,0.3500305436774552,0.09098373166421267,1.2455705814232922,263
STAT1,HSP90AA1,Repression,-1.0,A,0.1098045204642646,0.1379047037263295,0.5846059865607276,1.4602932193035252,0.5793700784671706,4.707220840724663,264
STAT1,ICAM1,Activation,1.0,A,0.1098045204642646,0.1379047037263295,0.0662797800855225,0.0794135613927918,-0.028056241724355186,0.1410175837991706,265
STAT1,IFIT3,Activation,1.0,A,0.1098045204642646,0.1379047037263295,0.0578802687843618,0.0992669517409899,-0.01932306083241717,0.06702195058440052,266
STAT1,IL1B,Activation,1.0,A,0.1098045204642646,0.1379047037263295,0.1805131337813089,0.8982895540622984,0.33215388091080345,1.1473581955200514,267
STAT1,IRF1,Activation,1.0,A,0.1098045204642646,0.1379047037263295,0.205864386072085,0.2814599877825283,0.06082066842975135,1.3706904703137226,268
STAT1,IRF7,Activation,1.0,A,0.1098045204642646,0.1379047037263295,0.237629810629202,0.3359804520464207,0.08480332672530182,1.650528501380491,269
STAT1,IRF8,Activation,1.0,A,0.1098045204642646,0.1379047037263295,0.0607819181429446,0.0887293830177156,-0.02395836453659962,0.09258407842223026,270
STAT1,MVP,Activation,1.0,A,0.1098045204642646,0.1379047037263295,0.1310323762981073,0.1505803298717176,0.0032488528575150776,0.7114566471275843,271
STAT1,PIM1,Activation,1.0,A,0.1098045204642646,0.1379047037263295,0.1382101405009174,0.1739462431276739,0.013527134984180627,0.7746892791474791,272
STAT1,PLSCR1,Activation,1.0,A,0.1098045204642646,0.1379047037263295,0.2481673793524764,0.3973732437385373,0.11180900917575469,1.743359386686294,273
STAT1,PSMB9,Activation,1.0,A,0.1098045204642646,0.1379047037263295,0.5154245571166343,0.9711362248014151,0.3641979369527427,4.097765898064935,274
STAT1,S100A10,Activation,1.0,A,0.1098045204642646,0.1379047037263295,0.677916921197242,4.409743433109402,1.8767848674364416,5.529245056983147,275
STAT1,SOCS3,Activation,1.0,A,0.1098045204642646,0.1379047037263295,0.14309712889432,0.196548564447161,0.023469525538079315,0.8177412839269818,276
STAT1,STAT3,Activation,1.0,A,0.1098045204642646,0.1379047037263295,0.1345448992058654,0.158368967623703,0.006674946899736915,0.7424002755628517,277
STAT1,TAP1,Activation,1.0,A,0.1098045204642646,0.1379047037263295,0.255039706780698,0.3448381185094623,0.08869966896939696,1.8039012684074625,278
STAT1,TNFSF13B,Activation,1.0,A,0.1098045204642646,0.1379047037263295,0.0934636530238246,0.1650885766646314,0.00963079274008508,0.38049436038515555,280
STAT1,UPP1,Activation,1.0,A,0.1098045204642646,0.1379047037263295,0.2406841783750787,0.3275809407452605,0.08110851942486674,1.6774360043676808,281
STAT3,CCND3,Activation,1.0,A,0.1345448992058654,0.158368967623703,0.0661270616982287,0.0734575442883325,-0.03067619599193654,0.1396722086498114,283
STAT3,CDKN1A,Activation,1.0,A,0.1345448992058654,0.158368967623703,0.1423335369578509,0.1905925473427015,0.020849571270497875,0.811014408180185,284
STAT3,COPS5,Activation,1.0,A,0.1345448992058654,0.158368967623703,0.1423335369578509,0.1563836285888833,0.005801628810543159,0.811014408180185,285
STAT3,ETV6,Activation,1.0,A,0.1345448992058654,0.158368967623703,0.0557422113622481,0.0661270616982286,-0.03390075509049826,0.04818669849336752,286
STAT3,FOS,Activation,1.0,A,0.1345448992058654,0.158368967623703,0.1464569334147843,0.2357971899816755,0.040734352378295154,0.84733953721289,287
STAT3,HIF1A,Activation,1.0,A,0.1345448992058654,0.158368967623703,0.1475259621258411,0.1844838118509483,0.01816243868836313,0.8567571632584061,288
STAT3,HMOX1,Activation,1.0,A,0.1345448992058654,0.158368967623703,0.1916615760537586,0.3500305436774552,0.09098373166421267,1.2455705814232922,289
STAT3,HSPB1,Activation,1.0,A,0.1345448992058654,0.158368967623703,0.2307574832009796,0.6032376298106171,0.20236537719369438,1.5899866196593155,290
STAT3,ICAM1,Activation,0.5,B,0.1345448992058654,0.158368967623703,0.0662797800855225,0.0794135613927918,-0.028056241724355186,0.1410175837991706,291
STAT3,IFNAR1,Activation,1.0,A,0.1345448992058654,0.158368967623703,0.0911728772144171,0.1049175320708619,-0.0168374631939424,0.3603137331447633,292
STAT3,IRF1,Activation,1.0,A,0.1345448992058654,0.158368967623703,0.205864386072085,0.2814599877825283,0.06082066842975135,1.3706904703137226,293
STAT3,JUNB,Activation,1.0,A,0.1345448992058654,0.158368967623703,0.6062919975564478,1.6232437385460396,0.651049340095614,4.898264111933672,294
STAT3,MCL1,Activation,1.0,A,0.1345448992058654,0.158368967623703,0.2527489309712909,0.3394929749541783,0.08634842796002909,1.783720641167074,295
STAT3,MYC,Activation,1.0,A,0.1345448992058654,0.158368967623703,0.1101099572388523,0.230452046426391,0.038383111368927046,0.5271402516653373,296
STAT3,MYD88,Activation,1.0,A,0.1345448992058654,0.158368967623703,0.0613927916921199,0.0694868662186929,-0.03242283217032413,0.09796557901966788,297
STAT3,OSM,Activation,1.0,A,0.1345448992058654,0.158368967623703,0.1036957849725114,0.1921197312156395,0.021521354416031424,0.4706344953922402,298
STAT3,PIM1,Activation,1.0,A,0.1345448992058654,0.158368967623703,0.1382101405009174,0.1739462431276739,0.013527134984180627,0.7746892791474791,299
STAT3,SOCS1,Activation,1.0,A,0.1345448992058654,0.158368967623703,0.1321014050091641,0.1713500305436787,0.01238510363677332,0.7208742731731003,301
STAT3,SOCS3,Activation,1.0,A,0.1345448992058654,0.158368967623703,0.14309712889432,0.196548564447161,0.023469525538079315,0.8177412839269818,302
STAT3,STAT1,Activation,1.0,A,0.1345448992058654,0.158368967623703,0.1098045204642646,0.1379047037263295,-0.0023269472504146233,0.5244495013666182,303
STAT3,ZFP36,Activation,1.0,A,0.1345448992058654,0.158368967623703,0.4615149664019213,0.908063530849074,0.3364532930422061,3.6228484703411294,305
STAT6,FOS,Activation,1.0,A,0.0537568723274283,0.0558949297495419,0.1464569334147843,0.2357971899816755,0.040734352378295154,0.84733953721289,306
STAT6,RHOA,Activation,1.0,A,0.0537568723274283,0.0558949297495419,0.5158827122785157,0.9503665241294555,0.35506168617348516,4.101802023513012,307
STAT6,SOCS1,Activation,1.0,A,0.0537568723274283,0.0558949297495419,0.1321014050091641,0.1713500305436787,0.01238510363677332,0.7208742731731003,308
YBX1,KPNA2,Repression,-1.0,A,0.8190287110567172,2.6377519853390283,0.0729993891264511,0.088423946243128,-0.02409272116570634,0.20021409037098697,309
YBX1,SUMO1,Repression,-1.0,A,0.8190287110567172,2.6377519853390283,0.3646915088576494,0.4810629199755444,0.1486227255509956,2.769880625647383,310
YY1,APH1A,Activation,1.0,A,0.1169822846670747,0.1334758704948084,0.1702810018326221,0.195632254123398,0.023066455650759085,1.0572180605129666,311
YY1,CXCR4,Repression,-1.0,A,0.1169822846670747,0.1334758704948084,0.6585216860109289,2.05650580329864,0.8416342184835232,5.3583824130145254,312
YY1,DEK,Activation,1.0,A,0.1169822846670747,0.1334758704948084,0.2164019547953594,0.2568723274282239,0.050004959786659975,1.4635213556195257,313
YY1,FDPS,Repression,-1.0,A,0.1169822846670747,0.1334758704948084,0.1183567501527192,0.1337813072693961,-0.004140761743355566,0.5997905097307482,314
YY1,GNAS,Activation,0.5,B,0.1169822846670747,0.1334758704948084,0.2579413561392802,0.3307880268784295,0.08251926403048686,1.829463396245287,315
YY1,HSPA5,Activation,1.0,A,0.1169822846670747,0.1334758704948084,0.3850030543677254,0.8495723885155435,0.31072399856826866,2.94881552051216,316
YY1,MYC,Repression,-1.0,A,0.1169822846670747,0.1334758704948084,0.1101099572388523,0.230452046426391,0.038383111368927046,0.5271402516653373,317
YY1,NR3C1,Activation,1.0,A,0.1169822846670747,0.1334758704948084,0.1901343921808203,0.2562614538790486,0.0497362465284465,1.2321168299296976,318
