dataset,condition,edge_set,score_definition,metric,repeat,n_positive,n_negative,random_auprc_baseline,auroc,auprc,enrichment_at_5pct,positive_median,negative_median,median_difference,cliffs_delta
PBMC10k,all,trrust,formal_abs,pearson,0,2651,2651,0.5,0.5195894846766436,0.5190426132915814,1.0451127819548873,0.0411289595067501,0.0366130620241165,0.004515897482633598,0.03917896935328713
PBMC10k,all,trrust,formal_abs,spearman,0,2651,2651,0.5,0.5124358245203585,0.5143922536094798,1.0,0.0596461929380893,0.0569323301315307,0.002713862806558602,0.024871649040717037
PBMC10k,all,trrust,formal_abs,mutual_information,0,2651,2651,0.5,0.503535600965366,0.5051688958204366,1.0150375939849625,0.0144026335,0.014775359,-0.00037272550000000057,0.007071201930731963
PBMC10k,all,trrust,formal_abs,coexpression_probability,0,2651,2651,0.5,0.5000896439725598,0.5007447834873647,0.9924812030075187,0.0725241750478744,0.0737745910882949,-0.0012504160404205045,0.00017928794511967716
PBMC10k,all,trrust,formal_abs,codetection_odds_ratio,0,2651,2651,0.5,0.502057969484338,0.5134212887559895,1.0902255639097744,1.6484785079956057,1.6317936182022097,0.016684889793395996,0.004115938968676014
PBMC10k,all,trrust,formal_abs,pearson,1,2651,2651,0.5,0.5240430826086282,0.5221715902567753,1.0601503759398496,0.0411289595067501,0.0360012054443359,0.005127754062414197,0.048086165217256394
PBMC10k,all,trrust,formal_abs,spearman,1,2651,2651,0.5,0.5184841602657788,0.5193656734920691,1.0225563909774436,0.0596461929380893,0.0557831525802612,0.0038630403578280986,0.03696832053155741
PBMC10k,all,trrust,formal_abs,mutual_information,1,2651,2651,0.5,0.5067019541389974,0.5084088158706704,1.037593984962406,0.0144026335,0.014180975,0.00022165849999999931,0.01340390827799487
PBMC10k,all,trrust,formal_abs,coexpression_probability,1,2651,2651,0.5,0.5041980414641792,0.5032676016380344,1.0150375939849625,0.0725241750478744,0.072357453405857,0.00016672164201739226,0.008396082928358473
PBMC10k,all,trrust,formal_abs,codetection_odds_ratio,1,2651,2651,0.5,0.5171103308132943,0.5221189039294202,1.1278195488721805,1.6484785079956057,1.5984690189361572,0.050009489059448464,0.034220661626588544
PBMC10k,all,trrust,formal_abs,pearson,2,2651,2651,0.5,0.5219109789819034,0.5224500650901368,1.0451127819548873,0.0411289595067501,0.037657655775547,0.0034713037312031,0.043821957963806835
PBMC10k,all,trrust,formal_abs,spearman,2,2651,2651,0.5,0.5139621198722046,0.5184886170748892,1.0150375939849625,0.0596461929380893,0.0568006597459316,0.0028455331921577037,0.027924239744409274
PBMC10k,all,trrust,formal_abs,mutual_information,2,2651,2651,0.5,0.5061855763986487,0.5095665385504304,1.0225563909774436,0.0144026335,0.014474175,-7.154150000000109e-05,0.012371152797297391
PBMC10k,all,trrust,formal_abs,coexpression_probability,2,2651,2651,0.5,0.5028361645413694,0.5028548224561793,1.0,0.0725241750478744,0.0735245048999786,-0.0010003298521042009,0.005672329082738736
PBMC10k,all,trrust,formal_abs,codetection_odds_ratio,2,2651,2651,0.5,0.5152974593332964,0.5228124892658774,1.112781954887218,1.6484785079956057,1.6245635747909546,0.0239149332046511,0.030594918666592807
PBMC10k,all,trrust,formal_abs,pearson,3,2651,2651,0.5,0.5192378099493711,0.5200829785695421,1.0601503759398496,0.0411289595067501,0.0377061069011688,0.0034228526055812974,0.03847561989874215
PBMC10k,all,trrust,formal_abs,spearman,3,2651,2651,0.5,0.5129900519380102,0.5167994905762998,1.0075187969924813,0.0596461929380893,0.0560922287404537,0.003553964197635602,0.025980103876020344
PBMC10k,all,trrust,formal_abs,mutual_information,3,2651,2651,0.5,0.5057974037682627,0.5079434938740417,1.037593984962406,0.0144026335,0.014227544,0.00017508949999999954,0.011594807536525309
PBMC10k,all,trrust,formal_abs,coexpression_probability,3,2651,2651,0.5,0.5025869400684511,0.5023522291726416,0.9924812030075187,0.0725241750478744,0.0727742612361908,-0.0002500861883164007,0.005173880136901898
PBMC10k,all,trrust,formal_abs,codetection_odds_ratio,3,2651,2651,0.5,0.5108920983960701,0.519502058866292,1.105263157894737,1.6484785079956057,1.613418698310852,0.03505980968475364,0.021784196792140165
PBMC10k,all,trrust,formal_abs,pearson,4,2651,2651,0.5,0.5243470183632121,0.5240599442364742,1.0751879699248121,0.0411289595067501,0.0376595519483089,0.003469407558441197,0.04869403672642414
PBMC10k,all,trrust,formal_abs,spearman,4,2651,2651,0.5,0.5152258153012585,0.5186117971350718,1.0451127819548873,0.0596461929380893,0.0571169294416904,0.002529263496398898,0.0304516306025171
PBMC10k,all,trrust,formal_abs,mutual_information,4,2651,2651,0.5,0.5065862707267892,0.5080346088091569,1.0300751879699248,0.0144026335,0.014207373,0.00019526049999999892,0.01317254145357838
PBMC10k,all,trrust,formal_abs,coexpression_probability,4,2651,2651,0.5,0.5022882691186048,0.5020441423618746,1.037593984962406,0.0725241750478744,0.0729409828782081,-0.0004168078303337097,0.004576538237209604
PBMC10k,all,trrust,formal_abs,codetection_odds_ratio,4,2651,2651,0.5,0.5096543001146447,0.5199057402108385,1.112781954887218,1.6484785079956057,1.6243743896484375,0.02410411834716819,0.019308600229289263
PBMC10k,all,trrust,formal_abs,pearson,5,2651,2651,0.5,0.5240954460719648,0.524746859561691,1.0827067669172932,0.0411289595067501,0.0366727337241172,0.004456225782632897,0.048190892143929576
PBMC10k,all,trrust,formal_abs,spearman,5,2651,2651,0.5,0.5167699683016067,0.5204747283768913,1.0601503759398496,0.0596461929380893,0.0563039258122444,0.0033422671258449,0.033539936603213416
PBMC10k,all,trrust,formal_abs,mutual_information,5,2651,2651,0.5,0.5066477408794017,0.5089518166881339,1.0601503759398496,0.0144026335,0.014408357,-5.723500000000617e-06,0.013295481758803351
PBMC10k,all,trrust,formal_abs,coexpression_probability,5,2651,2651,0.5,0.5011500041051248,0.5017720535618166,0.9924812030075187,0.0725241750478744,0.0726075321435928,-8.335709571841154e-05,0.00230000821024956
PBMC10k,all,trrust,formal_abs,codetection_odds_ratio,5,2651,2651,0.5,0.5101528913525013,0.522180813135503,1.150375939849624,1.6484785079956057,1.6278674602508545,0.0206110477447512,0.020305782705002606
PBMC10k,all,trrust,formal_abs,pearson,6,2651,2651,0.5,0.5191066167069899,0.5206586212730084,1.0751879699248121,0.0411289595067501,0.0377477630972862,0.0033811964094639033,0.03821323341397975
PBMC10k,all,trrust,formal_abs,spearman,6,2651,2651,0.5,0.5117509730284053,0.5167494027922968,1.0526315789473684,0.0596461929380893,0.0566989630460739,0.0029472298920154016,0.023501946056810663
PBMC10k,all,trrust,formal_abs,mutual_information,6,2651,2651,0.5,0.5029359823933546,0.5077136793864354,1.0676691729323309,0.0144026335,0.014542591,-0.00013995750000000105,0.0058719647867091496
PBMC10k,all,trrust,formal_abs,coexpression_probability,6,2651,2651,0.5,0.5017080734073147,0.5023706099794698,0.9924812030075187,0.0725241750478744,0.0729409828782081,-0.0004168078303337097,0.0034161468146294283
PBMC10k,all,trrust,formal_abs,codetection_odds_ratio,6,2651,2651,0.5,0.5074644970738358,0.5176253495511298,1.1353383458646618,1.6484785079956057,1.6301735639572144,0.018304944038391335,0.01492899414767157
PBMC10k,all,trrust,formal_abs,pearson,7,2651,2651,0.5,0.519811744811784,0.5224936128867422,1.105263157894737,0.0411289595067501,0.0383948571979999,0.002734102308750201,0.039623489623567876
PBMC10k,all,trrust,formal_abs,spearman,7,2651,2651,0.5,0.5110905246178712,0.518100304487439,1.0827067669172932,0.0596461929380893,0.058947741985321,0.000698450952768298,0.02218104923574238
PBMC10k,all,trrust,formal_abs,mutual_information,7,2651,2651,0.5,0.5038733310746847,0.5096809685823182,1.0902255639097744,0.0144026335,0.014456195,-5.356150000000032e-05,0.0077466621493693655
PBMC10k,all,trrust,formal_abs,coexpression_probability,7,2651,2651,0.5,0.5018695037039324,0.5027059929893507,0.9924812030075187,0.0725241750478744,0.0736912339925766,-0.001167058944702204,0.003739007407864925
PBMC10k,all,trrust,formal_abs,codetection_odds_ratio,7,2651,2651,0.5,0.5055659657978364,0.5199913850035058,1.150375939849624,1.6484785079956057,1.6398392915725708,0.00863921642303489,0.011131931595672606
PBMC10k,all,trrust,formal_abs,pearson,8,2651,2651,0.5,0.5259422541987173,0.5256322425851826,1.0902255639097744,0.0411289595067501,0.036388736218214,0.0047402232885360995,0.05188450839743464
PBMC10k,all,trrust,formal_abs,spearman,8,2651,2651,0.5,0.5203578615842993,0.5227698543635209,1.0601503759398496,0.0596461929380893,0.0558380186557769,0.0038081742823124,0.040715723168598617
PBMC10k,all,trrust,formal_abs,mutual_information,8,2651,2651,0.5,0.5087725876131096,0.5112975504107933,1.0902255639097744,0.0144026335,0.014099756,0.00030287749999999974,0.017545175226219456
PBMC10k,all,trrust,formal_abs,coexpression_probability,8,2651,2651,0.5,0.5024387429296875,0.5025664984974576,1.0075187969924813,0.0725241750478744,0.0731077045202255,-0.000583529472351102,0.004877485859374753
PBMC10k,all,trrust,formal_abs,codetection_odds_ratio,8,2651,2651,0.5,0.5150200610404307,0.5242285680344153,1.1654135338345866,1.6484785079956057,1.6004273891448977,0.04805111885070801,0.030040122080861487
PBMC10k,all,trrust,formal_abs,pearson,9,2651,2651,0.5,0.5216927741693311,0.5231392103818496,1.0751879699248121,0.0411289595067501,0.0368040390312671,0.004324920475483003,0.04338554833866248
PBMC10k,all,trrust,formal_abs,spearman,9,2651,2651,0.5,0.5132544305110517,0.5185908792516807,1.0451127819548873,0.0596461929380893,0.0571599565446376,0.0024862363934517046,0.02650886102210359
PBMC10k,all,trrust,formal_abs,mutual_information,9,2651,2651,0.5,0.5044008787385984,0.5086975738458444,1.0676691729323309,0.0144026335,0.014648777,-0.0002461435000000005,0.008801757477196581
PBMC10k,all,trrust,formal_abs,coexpression_probability,9,2651,2651,0.5,0.5009697201158655,0.5015226472670666,1.0225563909774436,0.0725241750478744,0.0734411478042602,-0.0009169727563858032,0.0019394402317309822
PBMC10k,all,trrust,formal_abs,codetection_odds_ratio,9,2651,2651,0.5,0.5057683761961956,0.5187777288363871,1.1278195488721805,1.6484785079956057,1.643427848815918,0.005050659179687722,0.01153675239239127
PBMC10k,all,dorothea_ab,formal_abs,pearson,0,5283,5283,0.5,0.5205984832223215,0.5151939787947488,1.0283553875236295,0.0512348972260952,0.045785441994667,0.005449455231428202,0.04119696644464299
PBMC10k,all,dorothea_ab,formal_abs,spearman,0,5283,5283,0.5,0.519605150667918,0.5150490915035197,1.0207939508506616,0.0687224417924881,0.0645506381988525,0.004171803593635601,0.03921030133583603
PBMC10k,all,dorothea_ab,formal_abs,mutual_information,0,5283,5283,0.5,0.5084123701647816,0.5066385564225063,1.0283553875236295,0.016696125,0.016364405,0.0003317200000000006,0.01682474032956316
PBMC10k,all,dorothea_ab,formal_abs,coexpression_probability,0,5283,5283,0.5,0.5039000413076433,0.5027830138021584,1.005671077504726,0.0791930630803108,0.078359454870224,0.0008336082100867948,0.007800082615286641
PBMC10k,all,dorothea_ab,formal_abs,codetection_odds_ratio,0,5283,5283,0.5,0.5167266037739973,0.5191157973638363,1.1001890359168243,1.6113693714141846,1.5888919830322266,0.022477388381958008,0.03345320754799452
PBMC10k,all,dorothea_ab,formal_abs,pearson,1,5283,5283,0.5,0.5197020869406759,0.5140317953531847,1.0283553875236295,0.0512348972260952,0.0460002720355987,0.0052346251904965,0.039404173881351756
PBMC10k,all,dorothea_ab,formal_abs,spearman,1,5283,5283,0.5,0.5154047161942048,0.5127736931052422,1.0245746691871456,0.0687224417924881,0.0648664236068725,0.003856018185615595,0.03080943238840983
PBMC10k,all,dorothea_ab,formal_abs,mutual_information,1,5283,5283,0.5,0.5075641105981425,0.505361610742194,1.0283553875236295,0.016696125,0.01609464,0.0006014849999999988,0.015128221196284874
PBMC10k,all,dorothea_ab,formal_abs,coexpression_probability,1,5283,5283,0.5,0.5042911185270674,0.5030678339239956,1.0170132325141776,0.0791930630803108,0.0785261765122413,0.0006668865680694996,0.008582237054134856
PBMC10k,all,dorothea_ab,formal_abs,codetection_odds_ratio,1,5283,5283,0.5,0.516901433026602,0.5186517001390563,1.0737240075614367,1.6113693714141846,1.5821425914764404,0.02922677993774414,0.03380286605320393
PBMC10k,all,dorothea_ab,formal_abs,pearson,2,5283,5283,0.5,0.5213907415343606,0.5140942358602997,1.0245746691871456,0.0512348972260952,0.0457107983529567,0.005524098873138497,0.042781483068721204
PBMC10k,all,dorothea_ab,formal_abs,spearman,2,5283,5283,0.5,0.5202486993144307,0.5136603479823607,1.0132325141776937,0.0687224417924881,0.0636547282338142,0.0050677135586739,0.04049739862886148
PBMC10k,all,dorothea_ab,formal_abs,mutual_information,2,5283,5283,0.5,0.5092627078329991,0.5052258884114106,1.00945179584121,0.016696125,0.016170297,0.000525827999999999,0.01852541566599797
PBMC10k,all,dorothea_ab,formal_abs,coexpression_probability,2,5283,5283,0.5,0.5028555444592097,0.5023364539670995,0.998109640831758,0.0791930630803108,0.0780260115861892,0.0011670514941215931,0.005711088918419538
PBMC10k,all,dorothea_ab,formal_abs,codetection_odds_ratio,2,5283,5283,0.5,0.5153513125665776,0.5159491697183475,1.0699432892249527,1.6113693714141846,1.5865366458892822,0.024832725524902344,0.030702625133155248
PBMC10k,all,dorothea_ab,formal_abs,pearson,3,5283,5283,0.5,0.5184824204609307,0.5126801313500531,1.0245746691871456,0.0512348972260952,0.0454372316598892,0.005797665566205999,0.0369648409218617
PBMC10k,all,dorothea_ab,formal_abs,spearman,3,5283,5283,0.5,0.5181442094290707,0.5129188313184548,1.00945179584121,0.0687224417924881,0.0643263161182403,0.004396125674247797,0.03628841885814116
PBMC10k,all,dorothea_ab,formal_abs,mutual_information,3,5283,5283,0.5,0.5082556526423115,0.5047211813058877,1.00945179584121,0.016696125,0.016118657,0.0005774679999999976,0.01651130528462308
PBMC10k,all,dorothea_ab,formal_abs,coexpression_probability,3,5283,5283,0.5,0.5056273915858885,0.503687452176741,1.0170132325141776,0.0791930630803108,0.0787762552499771,0.00041680783033369584,0.011254783171777083
PBMC10k,all,dorothea_ab,formal_abs,codetection_odds_ratio,3,5283,5283,0.5,0.5216875517666748,0.5199264488183932,1.0888468809073724,1.6113693714141846,1.5735472440719604,0.03782212734222412,0.04337510353334961
PBMC10k,all,dorothea_ab,formal_abs,pearson,4,5283,5283,0.5,0.5173664978280793,0.5125161680984804,1.001890359168242,0.0512348972260952,0.0461476743221282,0.005087222903967001,0.034732995656158616
PBMC10k,all,dorothea_ab,formal_abs,spearman,4,5283,5283,0.5,0.5169017734053087,0.5124708282023124,0.998109640831758,0.0687224417924881,0.0646070763468742,0.004115365445613903,0.03380354681061748
PBMC10k,all,dorothea_ab,formal_abs,mutual_information,4,5283,5283,0.5,0.5075784244184961,0.5049362282363523,0.9829867674858223,0.016696125,0.016214054,0.0004820710000000006,0.015156848836992198
PBMC10k,all,dorothea_ab,formal_abs,coexpression_probability,4,5283,5283,0.5,0.5039837744695117,0.5024796701781832,1.00945179584121,0.0791930630803108,0.0777759253978729,0.0014171376824378967,0.007967548939023406
PBMC10k,all,dorothea_ab,formal_abs,codetection_odds_ratio,4,5283,5283,0.5,0.5163257093160828,0.516911050371254,1.0926275992438563,1.6113693714141846,1.5839464664459229,0.02742290496826172,0.032651418632165585
PBMC10k,all,dorothea_ab,formal_abs,pearson,5,5283,5283,0.5,0.5168089575063699,0.5112509061790106,1.0245746691871456,0.0512348972260952,0.0460613034665584,0.005173593759536799,0.033617915012739585
PBMC10k,all,dorothea_ab,formal_abs,spearman,5,5283,5283,0.5,0.5158813897010504,0.5111150890959862,1.00945179584121,0.0687224417924881,0.0636219158768653,0.0051005259156227944,0.031762779402100705
PBMC10k,all,dorothea_ab,formal_abs,mutual_information,5,5283,5283,0.5,0.5069454633412313,0.5042700450799507,0.998109640831758,0.016696125,0.016450783,0.0002453419999999991,0.013890926682462279
PBMC10k,all,dorothea_ab,formal_abs,coexpression_probability,5,5283,5283,0.5,0.5032492909642817,0.5023722849181734,1.00945179584121,0.0791930630803108,0.078859619796276,0.0003334432840347984,0.006498581928563452
PBMC10k,all,dorothea_ab,formal_abs,codetection_odds_ratio,5,5283,5283,0.5,0.5153495569290374,0.5150068788644697,1.054820415879017,1.6113693714141846,1.5801116228103638,0.0312577486038208,0.030699113858074778
PBMC10k,all,dorothea_ab,formal_abs,pearson,6,5283,5283,0.5,0.5228312958801387,0.5157219620473394,1.001890359168242,0.0512348972260952,0.0455130711197853,0.005721826106309898,0.045662591760277094
PBMC10k,all,dorothea_ab,formal_abs,spearman,6,5283,5283,0.5,0.5216639402332253,0.5153427867768885,1.001890359168242,0.0687224417924881,0.0634579956531524,0.005264446139335702,0.04332788046645075
PBMC10k,all,dorothea_ab,formal_abs,mutual_information,6,5283,5283,0.5,0.5098107892095938,0.5060712719182962,1.0132325141776937,0.016696125,0.015915789,0.0007803359999999995,0.019621578419187324
PBMC10k,all,dorothea_ab,formal_abs,coexpression_probability,6,5283,5283,0.5,0.5045614329642588,0.502885196726949,1.001890359168242,0.0791930630803108,0.078359454870224,0.0008336082100867948,0.009122865928517854
PBMC10k,all,dorothea_ab,formal_abs,codetection_odds_ratio,6,5283,5283,0.5,0.5196942403157511,0.5185700594050233,1.0926275992438563,1.6113693714141846,1.5762420892715454,0.03512728214263916,0.03938848063150213
PBMC10k,all,dorothea_ab,formal_abs,pearson,7,5283,5283,0.5,0.5249468570308035,0.5159991090117876,1.0170132325141776,0.0512348972260952,0.0438616722822189,0.007373224943876301,0.04989371406160692
PBMC10k,all,dorothea_ab,formal_abs,spearman,7,5283,5283,0.5,0.5228051225490539,0.5151612089587309,1.005671077504726,0.0687224417924881,0.0631391555070877,0.0055832862854004045,0.04561024509810774
PBMC10k,all,dorothea_ab,formal_abs,mutual_information,7,5283,5283,0.5,0.5107109117423452,0.5066341524403289,0.994328922495274,0.016696125,0.01609349,0.0006026350000000007,0.02142182348469035
PBMC10k,all,dorothea_ab,formal_abs,coexpression_probability,7,5283,5283,0.5,0.5038404929486251,0.5024007523375297,0.9905482041587902,0.0791930630803108,0.0781927332282066,0.001000329852104187,0.007680985897250192
PBMC10k,all,dorothea_ab,formal_abs,codetection_odds_ratio,7,5283,5283,0.5,0.5182130375865157,0.5197825397086664,1.1001890359168243,1.6113693714141846,1.5786876678466797,0.03268170356750488,0.036426075173031425
PBMC10k,all,dorothea_ab,formal_abs,pearson,8,5283,5283,0.5,0.5245269909386531,0.5168556912611317,1.0283553875236295,0.0512348972260952,0.0442627146840095,0.006972182542085696,0.04905398187730614
PBMC10k,all,dorothea_ab,formal_abs,spearman,8,5283,5283,0.5,0.5232441931661344,0.5166487165270611,1.0132325141776937,0.0687224417924881,0.0626673847436904,0.006055057048797705,0.04648838633226848
PBMC10k,all,dorothea_ab,formal_abs,mutual_information,8,5283,5283,0.5,0.5114240230477229,0.5073056036467295,1.0283553875236295,0.016696125,0.01585741,0.0008387150000000003,0.022848046095445884
PBMC10k,all,dorothea_ab,formal_abs,coexpression_probability,8,5283,5283,0.5,0.505063079519381,0.5031229575727569,1.0170132325141776,0.0791930630803108,0.0778592899441719,0.0013337731361388883,0.010126159038762017
PBMC10k,all,dorothea_ab,formal_abs,codetection_odds_ratio,8,5283,5283,0.5,0.5230798439947648,0.5217141482065761,1.0888468809073724,1.6113693714141846,1.569137692451477,0.04223167896270752,0.04615968798952963
PBMC10k,all,dorothea_ab,formal_abs,pearson,9,5283,5283,0.5,0.5199428780037212,0.512866655898659,1.0283553875236295,0.0512348972260952,0.0453085601329803,0.0059263370931149015,0.039885756007442374
PBMC10k,all,dorothea_ab,formal_abs,spearman,9,5283,5283,0.5,0.5208186724162721,0.5132921024779538,1.0132325141776937,0.0687224417924881,0.0618041343986988,0.006918307393789298,0.04163734483254422
PBMC10k,all,dorothea_ab,formal_abs,mutual_information,9,5283,5283,0.5,0.5084655229870461,0.5047152557639,1.00945179584121,0.016696125,0.016383158,0.0003129670000000008,0.016931045974092118
PBMC10k,all,dorothea_ab,formal_abs,coexpression_probability,9,5283,5283,0.5,0.5031388470312652,0.5019581992413735,1.0207939508506616,0.0791930630803108,0.078859619796276,0.0003334432840347984,0.006277694062530648
PBMC10k,all,dorothea_ab,formal_abs,codetection_odds_ratio,9,5283,5283,0.5,0.5154506135756142,0.5150392614155226,1.0586011342155008,1.6113693714141846,1.5771300792694092,0.03423929214477539,0.03090122715122834
PBMC10k,all,trrust_dorothea_intersection,formal_abs,pearson,0,1079,1079,0.5,0.527554861922918,0.5207649599324181,1.0555555555555556,0.0568497627973556,0.0484764091670513,0.008373353630304302,0.05510972384583601
PBMC10k,all,trrust_dorothea_intersection,formal_abs,spearman,0,1079,1079,0.5,0.5183059177610134,0.5165109452080285,1.0185185185185186,0.074044220149517,0.0693805441260337,0.004663676023483304,0.03661183552202685
PBMC10k,all,trrust_dorothea_intersection,formal_abs,mutual_information,0,1079,1079,0.5,0.5093232414938144,0.5072200938676228,1.0185185185185186,0.0167398,0.016818276,-7.847600000000093e-05,0.018646482987628943
PBMC10k,all,trrust_dorothea_intersection,formal_abs,coexpression_probability,0,1079,1079,0.5,0.503153986159223,0.5036148056797639,1.0185185185185186,0.0799433141946792,0.0816105380654335,-0.0016672238707542975,0.006307972318446042
PBMC10k,all,trrust_dorothea_intersection,formal_abs,codetection_odds_ratio,0,1079,1079,0.5,0.5193443625503654,0.5261922226400347,1.1296296296296295,1.7569050788879397,1.7048171758651731,0.05208790302276656,0.03868872510073085
PBMC10k,all,trrust_dorothea_intersection,formal_abs,pearson,1,1079,1079,0.5,0.5332186377219149,0.5242911151558087,1.0555555555555556,0.0568497627973556,0.0483196154236793,0.0085301473736763,0.06643727544382982
PBMC10k,all,trrust_dorothea_intersection,formal_abs,spearman,1,1079,1079,0.5,0.5258447348959536,0.5214428984449487,1.1111111111111112,0.074044220149517,0.0676480531692504,0.006396166980266599,0.05168946979190725
PBMC10k,all,trrust_dorothea_intersection,formal_abs,mutual_information,1,1079,1079,0.5,0.5137106492556094,0.5097655945147234,1.0555555555555556,0.0167398,0.016796125,-5.632499999999943e-05,0.027421298511218994
PBMC10k,all,trrust_dorothea_intersection,formal_abs,coexpression_probability,1,1079,1079,0.5,0.5048782855096153,0.5034547389336929,1.037037037037037,0.0799433141946792,0.080943651497364,-0.0010003373026847978,0.009756571019230664
PBMC10k,all,trrust_dorothea_intersection,formal_abs,codetection_odds_ratio,1,1079,1079,0.5,0.5236201095821227,0.5291119708566266,1.1851851851851851,1.7569050788879397,1.7111282348632812,0.045776844024658425,0.047240219164245145
PBMC10k,all,trrust_dorothea_intersection,formal_abs,pearson,2,1079,1079,0.5,0.5216007682258226,0.5176104698306365,1.0555555555555556,0.0568497627973556,0.0499084815382957,0.006941281259059906,0.04320153645164537
PBMC10k,all,trrust_dorothea_intersection,formal_abs,spearman,2,1079,1079,0.5,0.5112111667601468,0.5123770518143218,1.0555555555555556,0.074044220149517,0.071443423628807,0.0026007965207100053,0.022422333520293547
PBMC10k,all,trrust_dorothea_intersection,formal_abs,mutual_information,2,1079,1079,0.5,0.5065549143175683,0.5056181149116975,1.0,0.0167398,0.0167595,-1.9700000000000967e-05,0.013109828635136545
PBMC10k,all,trrust_dorothea_intersection,formal_abs,coexpression_probability,2,1079,1079,0.5,0.5006523563420288,0.5017793177440286,1.0185185185185186,0.0799433141946792,0.0818606168031692,-0.0019173026084899902,0.0013047126840577405
PBMC10k,all,trrust_dorothea_intersection,formal_abs,codetection_odds_ratio,2,1079,1079,0.5,0.505519046314294,0.5172322771215718,1.1666666666666667,1.7569050788879397,1.7644577026367188,-0.007552623748779075,0.011038092628588014
PBMC10k,all,trrust_dorothea_intersection,formal_abs,pearson,3,1079,1079,0.5,0.5271309806131205,0.5245522609718669,1.0555555555555556,0.0568497627973556,0.0495622754096984,0.0072874873876572,0.05426196122624094
PBMC10k,all,trrust_dorothea_intersection,formal_abs,spearman,3,1079,1079,0.5,0.5233327979344482,0.5221300612486102,1.1296296296296295,0.074044220149517,0.0711995586752891,0.0028446614742279053,0.046665595868896625
PBMC10k,all,trrust_dorothea_intersection,formal_abs,mutual_information,3,1079,1079,0.5,0.5136878876452556,0.5129220995181842,1.0740740740740742,0.0167398,0.016509445,0.00023035499999999806,0.02737577529051105
PBMC10k,all,trrust_dorothea_intersection,formal_abs,coexpression_probability,3,1079,1079,0.5,0.5055375132811849,0.504437393783681,1.0185185185185186,0.0799433141946792,0.0817772597074508,-0.0018339455127715926,0.011075026562369805
PBMC10k,all,trrust_dorothea_intersection,formal_abs,codetection_odds_ratio,3,1079,1079,0.5,0.5259525304468748,0.5326800086011786,1.2222222222222223,1.7569050788879397,1.7308380603790283,0.026067018508911355,0.05190506089374969
PBMC10k,all,trrust_dorothea_intersection,formal_abs,pearson,4,1079,1079,0.5,0.5320638080947158,0.5223863247546217,1.0555555555555556,0.0568497627973556,0.0468448102474212,0.010004952549934401,0.06412761618943152
PBMC10k,all,trrust_dorothea_intersection,formal_abs,spearman,4,1079,1079,0.5,0.5256854036234766,0.5199594489202267,1.0740740740740742,0.074044220149517,0.0669849514961242,0.007059268653392806,0.0513708072469532
PBMC10k,all,trrust_dorothea_intersection,formal_abs,mutual_information,4,1079,1079,0.5,0.5153275825194268,0.5098543163535634,1.0740740740740742,0.0167398,0.016315734,0.0004240660000000007,0.03065516503885357
PBMC10k,all,trrust_dorothea_intersection,formal_abs,coexpression_probability,4,1079,1079,0.5,0.504543732783848,0.5042988534580237,1.0185185185185186,0.0799433141946792,0.0800266787409782,-8.336454629899459e-05,0.009087465567696018
PBMC10k,all,trrust_dorothea_intersection,formal_abs,codetection_odds_ratio,4,1079,1079,0.5,0.5279400914415486,0.5311632344313716,1.1851851851851851,1.7569050788879397,1.68990159034729,0.06700348854064964,0.05588018288309726
PBMC10k,all,trrust_dorothea_intersection,formal_abs,pearson,5,1079,1079,0.5,0.5292061523344394,0.521409710228917,1.0555555555555556,0.0568497627973556,0.050556231290102,0.006293531507253605,0.0584123046688787
PBMC10k,all,trrust_dorothea_intersection,formal_abs,spearman,5,1079,1079,0.5,0.5218863620161117,0.5177793021941743,1.0555555555555556,0.074044220149517,0.0704050362110138,0.00363918393850321,0.04377272403222365
PBMC10k,all,trrust_dorothea_intersection,formal_abs,mutual_information,5,1079,1079,0.5,0.510768389019112,0.5078381159580683,1.0185185185185186,0.0167398,0.016776808,-3.700800000000157e-05,0.02153677803822407
PBMC10k,all,trrust_dorothea_intersection,formal_abs,coexpression_probability,5,1079,1079,0.5,0.5030199932831776,0.5030900295386121,1.0185185185185186,0.0799433141946792,0.0806102007627487,-0.0006668865680694996,0.006039986566355182
PBMC10k,all,trrust_dorothea_intersection,formal_abs,codetection_odds_ratio,5,1079,1079,0.5,0.5194066348805788,0.5267159999897482,1.1481481481481481,1.7569050788879397,1.7243942022323608,0.032510876655578835,0.03881326976115762
PBMC10k,all,trrust_dorothea_intersection,formal_abs,pearson,6,1079,1079,0.5,0.526394449259217,0.5197483275958277,1.0555555555555556,0.0568497627973556,0.0491927415132522,0.0076570212841034005,0.052788898518433935
PBMC10k,all,trrust_dorothea_intersection,formal_abs,spearman,6,1079,1079,0.5,0.5196819215265568,0.516199718852324,1.0555555555555556,0.074044220149517,0.0703945755958557,0.003649644553661305,0.03936384305311358
PBMC10k,all,trrust_dorothea_intersection,formal_abs,mutual_information,6,1079,1079,0.5,0.5069740715195565,0.50613328657983,1.0185185185185186,0.0167398,0.017110413,-0.0003706130000000023,0.01394814303911307
PBMC10k,all,trrust_dorothea_intersection,formal_abs,coexpression_probability,6,1079,1079,0.5,0.49968090799069953,0.5021876411949009,1.0185185185185186,0.0799433141946792,0.0817772597074508,-0.0018339455127715926,-0.0006381840186009402
PBMC10k,all,trrust_dorothea_intersection,formal_abs,codetection_odds_ratio,6,1079,1079,0.5,0.5117690409459897,0.5197492377250997,1.1481481481481481,1.7569050788879397,1.7221308946609497,0.03477418422698997,0.02353808189197948
PBMC10k,all,trrust_dorothea_intersection,formal_abs,pearson,7,1079,1079,0.5,0.5189698696403924,0.5196552861641611,1.0555555555555556,0.0568497627973556,0.0515533462166786,0.005296416580677005,0.03793973928078476
PBMC10k,all,trrust_dorothea_intersection,formal_abs,spearman,7,1079,1079,0.5,0.5183419927661026,0.5184790737964129,1.0740740740740742,0.074044220149517,0.0697580799460411,0.0042861402034759105,0.0366839855322052
PBMC10k,all,trrust_dorothea_intersection,formal_abs,mutual_information,7,1079,1079,0.5,0.5131428973898016,0.5110314745201361,1.0555555555555556,0.0167398,0.01646506,0.000274739999999999,0.026285794779603133
PBMC10k,all,trrust_dorothea_intersection,formal_abs,coexpression_probability,7,1079,1079,0.5,0.5046313435104931,0.5038769307468072,1.0185185185185186,0.0799433141946792,0.0799433141946792,0.0,0.009262687020986204
PBMC10k,all,trrust_dorothea_intersection,formal_abs,codetection_odds_ratio,7,1079,1079,0.5,0.5191188937685582,0.5282162486812404,1.1666666666666667,1.7569050788879397,1.7414394617080688,0.015465617179870828,0.038237787537116485
PBMC10k,all,trrust_dorothea_intersection,formal_abs,pearson,8,1079,1079,0.5,0.5285310343820566,0.5212532421128855,1.0740740740740742,0.0568497627973556,0.047406367957592,0.009443394839763607,0.05706206876411324
PBMC10k,all,trrust_dorothea_intersection,formal_abs,spearman,8,1079,1079,0.5,0.5195328973983909,0.5175727527773176,1.0740740740740742,0.074044220149517,0.0688331127166748,0.005211107432842199,0.03906579479678185
PBMC10k,all,trrust_dorothea_intersection,formal_abs,mutual_information,8,1079,1079,0.5,0.5108877801073832,0.5088665149323044,1.0185185185185186,0.0167398,0.01661933,0.00012046999999999752,0.021775560214766454
PBMC10k,all,trrust_dorothea_intersection,formal_abs,coexpression_probability,8,1079,1079,0.5,0.5031647227678806,0.5040231772430169,1.0185185185185186,0.0799433141946792,0.0798599496483802,8.336454629900847e-05,0.00632944553576098
PBMC10k,all,trrust_dorothea_intersection,formal_abs,codetection_odds_ratio,8,1079,1079,0.5,0.5183724847346898,0.5278760400268798,1.2037037037037037,1.7569050788879397,1.729190230369568,0.027714848518371582,0.03674496946937955
PBMC10k,all,trrust_dorothea_intersection,formal_abs,pearson,9,1079,1079,0.5,0.5170037818630335,0.5144946385408373,1.0555555555555556,0.0568497627973556,0.0526455380022525,0.004204224795103101,0.03400756372606706
PBMC10k,all,trrust_dorothea_intersection,formal_abs,spearman,9,1079,1079,0.5,0.5124660615800337,0.5119200218254344,1.0555555555555556,0.074044220149517,0.0714407190680503,0.0026035010814667026,0.024932123160067432
PBMC10k,all,trrust_dorothea_intersection,formal_abs,mutual_information,9,1079,1079,0.5,0.5072377626281843,0.5044241676169431,1.0185185185185186,0.0167398,0.016509445,0.00023035499999999806,0.014475525256368638
PBMC10k,all,trrust_dorothea_intersection,formal_abs,coexpression_probability,9,1079,1079,0.5,0.5010994287265266,0.5018331395774107,1.0185185185185186,0.0799433141946792,0.0812770947813987,-0.001333780586719499,0.002198857453053149
PBMC10k,all,trrust_dorothea_intersection,formal_abs,codetection_odds_ratio,9,1079,1079,0.5,0.5142199939703206,0.5205368160562978,1.1296296296296295,1.7569050788879397,1.7462536096572876,0.010651469230652078,0.028439987940641176
PBMC10k,all,trrust_dorothea_union,formal_abs,pearson,0,6855,6855,0.5,0.5214138338118821,0.5166909543855898,1.0204081632653061,0.0459042936563491,0.0409807935357093,0.004923500120639801,0.04282766762376422
PBMC10k,all,trrust_dorothea_union,formal_abs,spearman,0,6855,6855,0.5,0.5197773191795667,0.5160947851005878,1.0174927113702623,0.0633564591407775,0.0594433061778545,0.003913152962923001,0.03955463835913342
PBMC10k,all,trrust_dorothea_union,formal_abs,mutual_information,0,6855,6855,0.5,0.50905834678005,0.5068008667176656,0.9970845481049563,0.015693314,0.015338453,0.0003548609999999997,0.01811669356010004
PBMC10k,all,trrust_dorothea_union,formal_abs,coexpression_probability,0,6855,6855,0.5,0.5044403691981607,0.5027044637541009,1.0204081632653061,0.0761087015271186,0.0755251720547676,0.0005835294723510048,0.00888073839632142
PBMC10k,all,trrust_dorothea_union,formal_abs,codetection_odds_ratio,0,6855,6855,0.5,0.5199229852934684,0.5217668762148511,1.0816326530612246,1.605852484703064,1.5731382369995115,0.03271424770355247,0.03984597058693651
PBMC10k,all,trrust_dorothea_union,formal_abs,pearson,1,6855,6855,0.5,0.5196024560009065,0.5167465085753097,1.0087463556851313,0.0459042936563491,0.0411565192043781,0.0047477744519709986,0.0392049120018132
PBMC10k,all,trrust_dorothea_union,formal_abs,spearman,1,6855,6855,0.5,0.5182159891170708,0.5160847333965326,1.0145772594752187,0.0633564591407775,0.059097833931446,0.0042586252093315055,0.03643197823414157
PBMC10k,all,trrust_dorothea_union,formal_abs,mutual_information,1,6855,6855,0.5,0.5070209151641192,0.5070049381468155,1.0058309037900874,0.015693314,0.015380909,0.000312405,0.014041830328238136
PBMC10k,all,trrust_dorothea_union,formal_abs,coexpression_probability,1,6855,6855,0.5,0.5043212187859277,0.5029934842169899,1.0233236151603498,0.0761087015271186,0.0751917287707328,0.0009169727563858032,0.008642437571855455
PBMC10k,all,trrust_dorothea_union,formal_abs,codetection_odds_ratio,1,6855,6855,0.5,0.5182727127148217,0.5190110597707285,1.0816326530612246,1.605852484703064,1.5691344738006592,0.036718010902404785,0.03654542542964312
PBMC10k,all,trrust_dorothea_union,formal_abs,pearson,2,6855,6855,0.5,0.5213611109781069,0.5160460078254958,1.0291545189504374,0.0459042936563491,0.0410517528653144,0.0048525407910346985,0.042722221956214
PBMC10k,all,trrust_dorothea_union,formal_abs,spearman,2,6855,6855,0.5,0.519010257809869,0.5151031101253218,1.0174927113702623,0.0633564591407775,0.0592696219682693,0.004086837172508205,0.03802051561973796
PBMC10k,all,trrust_dorothea_union,formal_abs,mutual_information,2,6855,6855,0.5,0.5081059202262559,0.506327750088226,1.0204081632653061,0.015693314,0.0153465085,0.0003468055000000001,0.016211840452512005
PBMC10k,all,trrust_dorothea_union,formal_abs,coexpression_probability,2,6855,6855,0.5,0.5040046157750336,0.5028328339074455,1.032069970845481,0.0761087015271186,0.0755251720547676,0.0005835294723510048,0.008009231550067275
PBMC10k,all,trrust_dorothea_union,formal_abs,codetection_odds_ratio,2,6855,6855,0.5,0.5168408861053786,0.5178413488849486,1.075801749271137,1.605852484703064,1.5681952238082886,0.03765726089477539,0.03368177221075719
PBMC10k,all,trrust_dorothea_union,formal_abs,pearson,3,6855,6855,0.5,0.5198016110523233,0.5160255252702421,1.0262390670553936,0.0459042936563491,0.0406859517097473,0.005218341946601798,0.03960322210464651
PBMC10k,all,trrust_dorothea_union,formal_abs,spearman,3,6855,6855,0.5,0.5167835347281742,0.514608916945882,1.0233236151603498,0.0633564591407775,0.0599231533706188,0.0034333057701587053,0.03356706945634835
PBMC10k,all,trrust_dorothea_union,formal_abs,mutual_information,3,6855,6855,0.5,0.5075568898529028,0.5064706633038686,1.0233236151603498,0.015693314,0.015324935,0.0003683790000000003,0.01511377970580563
PBMC10k,all,trrust_dorothea_union,formal_abs,coexpression_probability,3,6855,6855,0.5,0.504036547404531,0.5026517907474253,1.0204081632653061,0.0761087015271186,0.0752750933170318,0.0008336082100867948,0.008073094809061931
PBMC10k,all,trrust_dorothea_union,formal_abs,codetection_odds_ratio,3,6855,6855,0.5,0.5151661407683701,0.5169929743879684,1.0816326530612246,1.605852484703064,1.582414984703064,0.0234375,0.03033228153674017
PBMC10k,all,trrust_dorothea_union,formal_abs,pearson,4,6855,6855,0.5,0.5195346983812335,0.5177326216796079,1.055393586005831,0.0459042936563491,0.0406939312815666,0.0052103623747825,0.0390693967624669
PBMC10k,all,trrust_dorothea_union,formal_abs,spearman,4,6855,6855,0.5,0.5161117043094932,0.5164420020650135,1.032069970845481,0.0633564591407775,0.0598935075104236,0.003462951630353907,0.032223408618986316
PBMC10k,all,trrust_dorothea_union,formal_abs,mutual_information,4,6855,6855,0.5,0.5083645866418108,0.5091199926052813,1.0291545189504374,0.015693314,0.0151973795,0.0004959344999999997,0.016729173283621668
PBMC10k,all,trrust_dorothea_union,formal_abs,coexpression_probability,4,6855,6855,0.5,0.5034651616984307,0.5028123224493981,1.0204081632653061,0.0761087015271186,0.0748582854866981,0.0012504160404205045,0.006930323396861393
PBMC10k,all,trrust_dorothea_union,formal_abs,codetection_odds_ratio,4,6855,6855,0.5,0.5146605016596254,0.5191550384572156,1.087463556851312,1.605852484703064,1.5839464664459229,0.021906018257141113,0.029321003319250805
PBMC10k,all,trrust_dorothea_union,formal_abs,pearson,5,6855,6855,0.5,0.5209123763527184,0.5171923720856091,1.043731778425656,0.0459042936563491,0.0405670292675495,0.005337264388799598,0.04182475270543673
PBMC10k,all,trrust_dorothea_union,formal_abs,spearman,5,6855,6855,0.5,0.5180939019738344,0.5161312051546361,1.0262390670553936,0.0633564591407775,0.0596167258918285,0.0037397332489490023,0.03618780394766863
PBMC10k,all,trrust_dorothea_union,formal_abs,mutual_information,5,6855,6855,0.5,0.5081022599528314,0.5072862478715101,1.0379008746355685,0.015693314,0.015228398,0.00046491599999999925,0.01620451990566285
PBMC10k,all,trrust_dorothea_union,formal_abs,coexpression_probability,5,6855,6855,0.5,0.5042625586481674,0.5030574353739424,1.0262390670553936,0.0761087015271186,0.0757752582430839,0.00033344328403470125,0.008525117296334761
PBMC10k,all,trrust_dorothea_union,formal_abs,codetection_odds_ratio,5,6855,6855,0.5,0.5186630638510226,0.5210047606438222,1.0816326530612246,1.605852484703064,1.5690932273864746,0.036759257316589355,0.03732612770204513
PBMC10k,all,trrust_dorothea_union,formal_abs,pearson,6,6855,6855,0.5,0.5216876946182808,0.5160811954297508,1.0116618075801749,0.0459042936563491,0.0403216145932674,0.0055826790630817,0.04337538923656159
PBMC10k,all,trrust_dorothea_union,formal_abs,spearman,6,6855,6855,0.5,0.5187337475613695,0.5148492044234128,0.9970845481049563,0.0633564591407775,0.0590297728776931,0.004326686263084405,0.03746749512273895
PBMC10k,all,trrust_dorothea_union,formal_abs,mutual_information,6,6855,6855,0.5,0.5079626056252231,0.5061038841137645,1.0,0.015693314,0.015035957,0.000657356999999999,0.015925211250446214
PBMC10k,all,trrust_dorothea_union,formal_abs,coexpression_probability,6,6855,6855,0.5,0.5038401801195016,0.5025470126804036,1.0291545189504374,0.0761087015271186,0.0752750933170318,0.0008336082100867948,0.007680360239002981
PBMC10k,all,trrust_dorothea_union,formal_abs,codetection_odds_ratio,6,6855,6855,0.5,0.5162260984943401,0.5175623500903941,1.064139941690962,1.605852484703064,1.5685951709747314,0.03725731372833252,0.03245219698868018
PBMC10k,all,trrust_dorothea_union,formal_abs,pearson,7,6855,6855,0.5,0.5195793771257384,0.516940038928522,1.0466472303206997,0.0459042936563491,0.0414983071386814,0.004405986517667701,0.039158754251476635
PBMC10k,all,trrust_dorothea_union,formal_abs,spearman,7,6855,6855,0.5,0.5177648284965054,0.5160236024200275,1.043731778425656,0.0633564591407775,0.0599231533706188,0.0034333057701587053,0.035529656993010805
PBMC10k,all,trrust_dorothea_union,formal_abs,mutual_information,7,6855,6855,0.5,0.5076697624705994,0.5075159459349919,1.055393586005831,0.015693314,0.015192117,0.0005011970000000001,0.015339524941198945
PBMC10k,all,trrust_dorothea_union,formal_abs,coexpression_probability,7,6855,6855,0.5,0.5034095127739818,0.5026599480160274,1.0204081632653061,0.0761087015271186,0.0756918936967849,0.00041680783033369584,0.006819025547963653
PBMC10k,all,trrust_dorothea_union,formal_abs,codetection_odds_ratio,7,6855,6855,0.5,0.5151071294997289,0.5185784412010874,1.099125364431487,1.605852484703064,1.579043745994568,0.02680873870849587,0.030214258999457844
PBMC10k,all,trrust_dorothea_union,formal_abs,pearson,8,6855,6855,0.5,0.5185247608452891,0.5158422116050743,1.043731778425656,0.0459042936563491,0.0409967005252838,0.004907593131065299,0.03704952169057818
PBMC10k,all,trrust_dorothea_union,formal_abs,spearman,8,6855,6855,0.5,0.5157050841091464,0.5144073603372673,1.0233236151603498,0.0633564591407775,0.0597184672951698,0.003637991845607702,0.03141016821829279
PBMC10k,all,trrust_dorothea_union,formal_abs,mutual_information,8,6855,6855,0.5,0.5064759706773794,0.5062675725832748,1.0262390670553936,0.015693314,0.015286905,0.00040640899999999994,0.012951941354758745
PBMC10k,all,trrust_dorothea_union,formal_abs,coexpression_probability,8,6855,6855,0.5,0.503119436105086,0.502210911040576,1.0204081632653061,0.0761087015271186,0.0756918936967849,0.00041680783033369584,0.006238872210172053
PBMC10k,all,trrust_dorothea_union,formal_abs,codetection_odds_ratio,8,6855,6855,0.5,0.5141140356057353,0.5172960692882071,1.0816326530612246,1.605852484703064,1.5779016017913818,0.02795088291168213,0.02822807121147064
PBMC10k,all,trrust_dorothea_union,formal_abs,pearson,9,6855,6855,0.5,0.5192553258840386,0.5151356546596233,1.0204081632653061,0.0459042936563491,0.0405244305729866,0.005379863083362496,0.03851065176807689
PBMC10k,all,trrust_dorothea_union,formal_abs,spearman,9,6855,6855,0.5,0.5172605300693058,0.5141555587472022,1.0058309037900874,0.0633564591407775,0.059700421988964,0.003656037151813507,0.03452106013861167
PBMC10k,all,trrust_dorothea_union,formal_abs,mutual_information,9,6855,6855,0.5,0.5063349650278963,0.5053721823190207,1.0029154518950438,0.015693314,0.01518679,0.0005065239999999995,0.012669930055792644
PBMC10k,all,trrust_dorothea_union,formal_abs,coexpression_probability,9,6855,6855,0.5,0.5034688751735039,0.5025448440458562,1.0204081632653061,0.0761087015271186,0.0749416500329971,0.001167051494121496,0.006937750347007832
PBMC10k,all,trrust_dorothea_union,formal_abs,codetection_odds_ratio,9,6855,6855,0.5,0.5142446456530795,0.5167599632514815,1.0728862973760933,1.605852484703064,1.5724183320999146,0.033434152603149414,0.02848929130615896
Kang_IFN_beta,ctrl,trrust_dorothea_intersection,formal_abs,pearson,0,301,301,0.5,0.5334047085573007,0.5379772655366315,1.096774193548387,0.029584158211946487,0.026134252548217773,0.003449905663728714,0.06680941711460142
Kang_IFN_beta,ctrl,trrust_dorothea_intersection,formal_abs,spearman,0,301,301,0.5,0.5276321453405591,0.5397838839720452,1.096774193548387,0.03142029047012329,0.026259135454893112,0.005161155015230179,0.05526429068111827
Kang_IFN_beta,ctrl,trrust_dorothea_intersection,formal_abs,mutual_information,0,301,301,0.5,0.5210593702056269,0.5225698071316539,0.967741935483871,0.0018284216057509184,0.0013311809161677957,0.0004972406895831227,0.04211874041125374
Kang_IFN_beta,ctrl,trrust_dorothea_intersection,formal_abs,coexpression_probability,0,301,301,0.5,0.5325934592333418,0.5350033122728068,1.1612903225806452,0.02199144847691059,0.020158827304840088,0.0018326211720705032,0.06518691846668356
Kang_IFN_beta,ctrl,trrust_dorothea_intersection,formal_abs,codetection_odds_ratio,0,301,301,0.5,0.5967870111808921,0.5919906921621652,1.2903225806451613,1.2872028350830078,1.1901612281799316,0.09704160690307617,0.19357402236178411
Kang_IFN_beta,ctrl,trrust_dorothea_intersection,formal_abs,pearson,1,301,301,0.5,0.5348616461186962,0.5335498563649563,1.032258064516129,0.029584158211946487,0.024094583466649055,0.005489574745297432,0.06972329223739249
Kang_IFN_beta,ctrl,trrust_dorothea_intersection,formal_abs,spearman,1,301,301,0.5,0.5375768479376607,0.5369020452137607,1.032258064516129,0.03142029047012329,0.025798549875617027,0.005621740594506264,0.07515369587532139
Kang_IFN_beta,ctrl,trrust_dorothea_intersection,formal_abs,mutual_information,1,301,301,0.5,0.5191774925221576,0.5176718277197272,0.9032258064516129,0.0018284216057509184,0.001449769944883883,0.0003786516608670354,0.038354985044315226
Kang_IFN_beta,ctrl,trrust_dorothea_intersection,formal_abs,coexpression_probability,1,301,301,0.5,0.5294919482124921,0.5278086646745038,1.032258064516129,0.02199144847691059,0.02000610902905464,0.0019853394478559494,0.05898389642498425
Kang_IFN_beta,ctrl,trrust_dorothea_intersection,formal_abs,codetection_odds_ratio,1,301,301,0.5,0.5964614077107316,0.5780311403241877,1.096774193548387,1.2872028350830078,1.1902287006378174,0.09697413444519043,0.19292281542146328
Kang_IFN_beta,ctrl,trrust_dorothea_intersection,formal_abs,pearson,2,301,301,0.5,0.5519199567333694,0.545778994229057,1.096774193548387,0.029584158211946487,0.023018887266516685,0.006565270945429802,0.10383991346673871
Kang_IFN_beta,ctrl,trrust_dorothea_intersection,formal_abs,spearman,2,301,301,0.5,0.5565667045617599,0.5501620312479519,1.1612903225806452,0.03142029047012329,0.02275811694562435,0.00866217352449894,0.11313340912351966
Kang_IFN_beta,ctrl,trrust_dorothea_intersection,formal_abs,mutual_information,2,301,301,0.5,0.5283164644981843,0.5229368925363485,0.967741935483871,0.0018284216057509184,0.0013067934196442366,0.0005216281861066818,0.05663292899636874
Kang_IFN_beta,ctrl,trrust_dorothea_intersection,formal_abs,coexpression_probability,2,301,301,0.5,0.5390613790134767,0.5301788758819508,0.967741935483871,0.02199144847691059,0.01970067247748375,0.0022907759994268417,0.07812275802695345
Kang_IFN_beta,ctrl,trrust_dorothea_intersection,formal_abs,codetection_odds_ratio,2,301,301,0.5,0.614137813048421,0.6005518199068509,1.2258064516129032,1.2872028350830078,1.169695258140564,0.11750757694244385,0.22827562609684215
Kang_IFN_beta,ctrl,trrust_dorothea_intersection,formal_abs,pearson,3,301,301,0.5,0.530595688789307,0.5339787697464448,1.096774193548387,0.029584158211946487,0.026176489889621735,0.003407668322324753,0.061191377578613926
Kang_IFN_beta,ctrl,trrust_dorothea_intersection,formal_abs,spearman,3,301,301,0.5,0.5290946016048388,0.5342765514688969,1.2258064516129032,0.03142029047012329,0.026575589552521706,0.004844700917601585,0.058189203209677576
Kang_IFN_beta,ctrl,trrust_dorothea_intersection,formal_abs,mutual_information,3,301,301,0.5,0.5137470888842286,0.5173327468992588,0.967741935483871,0.0018284216057509184,0.0016515705501660705,0.00017685105558484793,0.027494177768457195
Kang_IFN_beta,ctrl,trrust_dorothea_intersection,formal_abs,coexpression_probability,3,301,301,0.5,0.5286972549971855,0.5266155901971314,1.032258064516129,0.02199144847691059,0.02046426385641098,0.001527184620499611,0.0573945099943709
Kang_IFN_beta,ctrl,trrust_dorothea_intersection,formal_abs,codetection_odds_ratio,3,301,301,0.5,0.5811414885045418,0.5733686529469724,1.2903225806451613,1.2872028350830078,1.2158006429672241,0.07140219211578369,0.1622829770090839
Kang_IFN_beta,ctrl,trrust_dorothea_intersection,formal_abs,pearson,4,301,301,0.5,0.5287910729462147,0.5280136990973032,1.096774193548387,0.029584158211946487,0.02557719498872757,0.004006963223218918,0.05758214589242949
Kang_IFN_beta,ctrl,trrust_dorothea_intersection,formal_abs,spearman,4,301,301,0.5,0.5255350382446109,0.5280885023570037,1.032258064516129,0.03142029047012329,0.02729407511651516,0.004126215353608131,0.051070076489222016
Kang_IFN_beta,ctrl,trrust_dorothea_intersection,formal_abs,mutual_information,4,301,301,0.5,0.5042990695466938,0.5074487293569014,0.967741935483871,0.0018284216057509184,0.0016581834061071277,0.00017023819964379072,0.00859813909338758
Kang_IFN_beta,ctrl,trrust_dorothea_intersection,formal_abs,coexpression_probability,4,301,301,0.5,0.5188960386750698,0.5206364607162832,1.032258064516129,0.02199144847691059,0.02122785523533821,0.0007635932415723801,0.037792077350139675
Kang_IFN_beta,ctrl,trrust_dorothea_intersection,formal_abs,codetection_odds_ratio,4,301,301,0.5,0.5624606792419509,0.5554888113894465,1.096774193548387,1.2872028350830078,1.2294740676879883,0.05772876739501953,0.12492135848390196
Kang_IFN_beta,ctrl,trrust_dorothea_intersection,formal_abs,pearson,5,301,301,0.5,0.5241443251178243,0.523936994334416,1.096774193548387,0.029584158211946487,0.024455659091472626,0.005128499120473862,0.048288650235648545
Kang_IFN_beta,ctrl,trrust_dorothea_intersection,formal_abs,spearman,5,301,301,0.5,0.5192326795509983,0.5240026520380379,1.096774193548387,0.03142029047012329,0.02965162880718708,0.0017686616629362106,0.03846535910199678
Kang_IFN_beta,ctrl,trrust_dorothea_intersection,formal_abs,mutual_information,5,301,301,0.5,0.5062968399907286,0.5087253510663602,0.9032258064516129,0.0018284216057509184,0.0017932162154465914,3.520539030432701e-05,0.012593679981457218
Kang_IFN_beta,ctrl,trrust_dorothea_intersection,formal_abs,coexpression_probability,5,301,301,0.5,0.5233661880111699,0.5176563433674604,0.8387096774193549,0.02199144847691059,0.020311545580625534,0.001679902896285057,0.046732376022339706
Kang_IFN_beta,ctrl,trrust_dorothea_intersection,formal_abs,codetection_odds_ratio,5,301,301,0.5,0.5704352049094381,0.5593866572741178,1.096774193548387,1.2872028350830078,1.2152161598205566,0.07198667526245117,0.14087040981887622
Kang_IFN_beta,ctrl,trrust_dorothea_intersection,formal_abs,pearson,6,301,301,0.5,0.5159656074436264,0.5201252355264097,0.967741935483871,0.029584158211946487,0.027563342824578285,0.002020815387368202,0.03193121488725281
Kang_IFN_beta,ctrl,trrust_dorothea_intersection,formal_abs,spearman,6,301,301,0.5,0.5259875718811051,0.5252215061545398,1.032258064516129,0.03142029047012329,0.02820073813199997,0.0032195523381233215,0.05197514376221024
Kang_IFN_beta,ctrl,trrust_dorothea_intersection,formal_abs,mutual_information,6,301,301,0.5,0.5112581538835113,0.509955143930283,0.9032258064516129,0.0018284216057509184,0.001719525782391429,0.00010889582335948944,0.022516307767022514
Kang_IFN_beta,ctrl,trrust_dorothea_intersection,formal_abs,coexpression_probability,6,301,301,0.5,0.5252866966148277,0.5255455222105374,1.032258064516129,0.02199144847691059,0.021075136959552765,0.0009163115173578262,0.05057339322965526
Kang_IFN_beta,ctrl,trrust_dorothea_intersection,formal_abs,codetection_odds_ratio,6,301,301,0.5,0.5849328373859009,0.5667087238880141,1.096774193548387,1.2872028350830078,1.1793022155761719,0.10790061950683594,0.1698656747718017
Kang_IFN_beta,ctrl,trrust_dorothea_intersection,formal_abs,pearson,7,301,301,0.5,0.5320139954305141,0.5373392810036127,1.1612903225806452,0.029584158211946487,0.024702446535229683,0.0048817116767168045,0.06402799086102795
Kang_IFN_beta,ctrl,trrust_dorothea_intersection,formal_abs,spearman,7,301,301,0.5,0.5297954768711163,0.5378533628552564,1.096774193548387,0.03142029047012329,0.025798549875617027,0.005621740594506264,0.05959095374223233
Kang_IFN_beta,ctrl,trrust_dorothea_intersection,formal_abs,mutual_information,7,301,301,0.5,0.5230350658381254,0.5209259430296567,0.967741935483871,0.0018284216057509184,0.0015768110752105713,0.0002516105305403471,0.04607013167625085
Kang_IFN_beta,ctrl,trrust_dorothea_intersection,formal_abs,coexpression_probability,7,301,301,0.5,0.5243816293418395,0.5192399514682102,0.9032258064516129,0.02199144847691059,0.020158827304840088,0.0018326211720705032,0.048763258683679034
Kang_IFN_beta,ctrl,trrust_dorothea_intersection,formal_abs,codetection_odds_ratio,7,301,301,0.5,0.5874272910895023,0.5716402947243664,1.032258064516129,1.2872028350830078,1.1957861185073853,0.09141671657562256,0.17485458217900463
Kang_IFN_beta,ctrl,trrust_dorothea_intersection,formal_abs,pearson,8,301,301,0.5,0.5376541097780377,0.539947722568296,1.2258064516129032,0.029584158211946487,0.024154137820005417,0.0054300203919410706,0.07530821955607547
Kang_IFN_beta,ctrl,trrust_dorothea_intersection,formal_abs,spearman,8,301,301,0.5,0.5454244434388142,0.5459418738326186,1.2258064516129032,0.03142029047012329,0.024295657873153687,0.0071246325969696045,0.09084888687762827
Kang_IFN_beta,ctrl,trrust_dorothea_intersection,formal_abs,mutual_information,8,301,301,0.5,0.5252977340205958,0.5232939774992194,1.032258064516129,0.0018284216057509184,0.001302286284044385,0.0005261353217065334,0.05059546804119153
Kang_IFN_beta,ctrl,trrust_dorothea_intersection,formal_abs,coexpression_probability,8,301,301,0.5,0.5297678833566959,0.526098751706772,1.032258064516129,0.02199144847691059,0.020158827304840088,0.0018326211720705032,0.05953576671339178
Kang_IFN_beta,ctrl,trrust_dorothea_intersection,formal_abs,codetection_odds_ratio,8,301,301,0.5,0.595076213286829,0.5820951407177402,1.2258064516129032,1.2872028350830078,1.1732447147369385,0.11395812034606934,0.19015242657365805
Kang_IFN_beta,ctrl,trrust_dorothea_intersection,formal_abs,pearson,9,301,301,0.5,0.5418593613757023,0.538360367240189,1.096774193548387,0.029584158211946487,0.026359278708696365,0.003224879503250122,0.08371872275140446
Kang_IFN_beta,ctrl,trrust_dorothea_intersection,formal_abs,spearman,9,301,301,0.5,0.5397181046566815,0.5387668573992435,1.032258064516129,0.03142029047012329,0.02619430422782898,0.0052259862422943115,0.07943620931336293
Kang_IFN_beta,ctrl,trrust_dorothea_intersection,formal_abs,mutual_information,9,301,301,0.5,0.5147625302148983,0.5125340468803001,0.9032258064516129,0.0018284216057509184,0.0015216364990919828,0.00030678510665893555,0.029525060429796524
Kang_IFN_beta,ctrl,trrust_dorothea_intersection,formal_abs,coexpression_probability,9,301,301,0.5,0.5213684175671349,0.5213415900642189,1.032258064516129,0.02199144847691059,0.020769700407981873,0.0012217480689287186,0.04273683513427007
Kang_IFN_beta,ctrl,trrust_dorothea_intersection,formal_abs,codetection_odds_ratio,9,301,301,0.5,0.5813401618083686,0.5626895588642049,0.967741935483871,1.2872028350830078,1.191549301147461,0.09565353393554688,0.16268032361673712
Kang_IFN_beta,stim,trrust_dorothea_intersection,formal_abs,pearson,0,294,294,0.5,0.5352283770651117,0.5383255423554071,1.1333333333333333,0.02796993777155876,0.023652685806155205,0.004317251965403557,0.07045675413022345
Kang_IFN_beta,stim,trrust_dorothea_intersection,formal_abs,spearman,0,294,294,0.5,0.5401800175852655,0.5341863463149379,1.1333333333333333,0.03236093185842037,0.027770088985562325,0.0045908428728580475,0.0803600351705307
Kang_IFN_beta,stim,trrust_dorothea_intersection,formal_abs,mutual_information,0,294,294,0.5,0.519789208200287,0.5082465052642142,1.0,0.003942709416151047,0.0031892985571175814,0.0007534108590334654,0.03957841640057391
Kang_IFN_beta,stim,trrust_dorothea_intersection,formal_abs,coexpression_probability,0,294,294,0.5,0.5144326438058217,0.514795897390087,1.0666666666666667,0.030667024664580822,0.029794657602906227,0.0008723670616745949,0.02886528761164331
Kang_IFN_beta,stim,trrust_dorothea_intersection,formal_abs,codetection_odds_ratio,0,294,294,0.5,0.5804583738257207,0.5762447512397284,1.2666666666666666,1.3645514249801636,1.264889419078827,0.09966200590133667,0.16091674765144148
Kang_IFN_beta,stim,trrust_dorothea_intersection,formal_abs,pearson,1,294,294,0.5,0.5387569993983988,0.5354935319827127,1.1333333333333333,0.02796993777155876,0.023345612920820713,0.0046243248507380486,0.07751399879679766
Kang_IFN_beta,stim,trrust_dorothea_intersection,formal_abs,spearman,1,294,294,0.5,0.5407122032486464,0.530322554492618,1.1333333333333333,0.03236093185842037,0.027510715648531914,0.004850216209888458,0.08142440649729288
Kang_IFN_beta,stim,trrust_dorothea_intersection,formal_abs,mutual_information,1,294,294,0.5,0.51103706788838,0.5050516472253729,1.0,0.003942709416151047,0.00394547451287508,-2.7650967240333557e-06,0.022074135776759762
Kang_IFN_beta,stim,trrust_dorothea_intersection,formal_abs,coexpression_probability,1,294,294,0.5,0.517949696885557,0.5161204463229917,1.0666666666666667,0.030667024664580822,0.029459132812917233,0.0012078918516635895,0.03589939377111384
Kang_IFN_beta,stim,trrust_dorothea_intersection,formal_abs,codetection_odds_ratio,1,294,294,0.5,0.5804815123328243,0.5693019540535156,1.1333333333333333,1.3645514249801636,1.268371820449829,0.09617960453033447,0.1609630246656486
Kang_IFN_beta,stim,trrust_dorothea_intersection,formal_abs,pearson,2,294,294,0.5,0.5329376648618631,0.5310417543504853,1.1333333333333333,0.02796993777155876,0.022481334395706654,0.005488603375852108,0.06587532972372623
Kang_IFN_beta,stim,trrust_dorothea_intersection,formal_abs,spearman,2,294,294,0.5,0.5420773751677542,0.5299606057843862,1.0666666666666667,0.03236093185842037,0.02650036010891199,0.005860571749508381,0.08415475033550845
Kang_IFN_beta,stim,trrust_dorothea_intersection,formal_abs,mutual_information,2,294,294,0.5,0.5200148086445462,0.5088591997908449,1.0666666666666667,0.003942709416151047,0.0035453035961836576,0.0003974058199673891,0.0400296172890926
Kang_IFN_beta,stim,trrust_dorothea_intersection,formal_abs,coexpression_probability,2,294,294,0.5,0.5152540608079967,0.5134705586311459,1.0666666666666667,0.030667024664580822,0.030331498943269253,0.0003355257213115692,0.030508121615993256
Kang_IFN_beta,stim,trrust_dorothea_intersection,formal_abs,codetection_odds_ratio,2,294,294,0.5,0.5858322921005137,0.5727429778246428,1.0666666666666667,1.3645514249801636,1.244737148284912,0.11981427669525146,0.17166458420102737
Kang_IFN_beta,stim,trrust_dorothea_intersection,formal_abs,pearson,3,294,294,0.5,0.523219491878384,0.5312632982330532,1.1333333333333333,0.02796993777155876,0.02481875941157341,0.0031511783599853516,0.046438983756768026
Kang_IFN_beta,stim,trrust_dorothea_intersection,formal_abs,spearman,3,294,294,0.5,0.5303461520662687,0.526984295686572,1.1333333333333333,0.03236093185842037,0.028925360180437565,0.003435571677982807,0.060692304132537345
Kang_IFN_beta,stim,trrust_dorothea_intersection,formal_abs,mutual_information,3,294,294,0.5,0.5105395899856541,0.5049175160549234,1.0666666666666667,0.003942709416151047,0.003842462319880724,0.0001002470962703228,0.02107917997130815
Kang_IFN_beta,stim,trrust_dorothea_intersection,formal_abs,coexpression_probability,3,294,294,0.5,0.5217501966773104,0.5203296172437619,1.0666666666666667,0.030667024664580822,0.0287209777161479,0.0019460469484329224,0.04350039335462075
Kang_IFN_beta,stim,trrust_dorothea_intersection,formal_abs,codetection_odds_ratio,3,294,294,0.5,0.5837903188486278,0.5761180593189523,1.3333333333333333,1.3645514249801636,1.2562657594680786,0.10828566551208496,0.16758063769725573
Kang_IFN_beta,stim,trrust_dorothea_intersection,formal_abs,pearson,4,294,294,0.5,0.5198065620806146,0.5331723442416996,1.1333333333333333,0.02796993777155876,0.024849938228726387,0.0031199995428323746,0.039613124161229196
Kang_IFN_beta,stim,trrust_dorothea_intersection,formal_abs,spearman,4,294,294,0.5,0.5295247350640937,0.5300646308386644,1.1333333333333333,0.03236093185842037,0.028768695890903473,0.003592235967516899,0.0590494701281874
Kang_IFN_beta,stim,trrust_dorothea_intersection,formal_abs,mutual_information,4,294,294,0.5,0.5187016983664214,0.510765893132469,1.0666666666666667,0.003942709416151047,0.003424134338274598,0.0005185750778764486,0.037403396732842875
Kang_IFN_beta,stim,trrust_dorothea_intersection,formal_abs,coexpression_probability,4,294,294,0.5,0.5156416308019807,0.5188176960003363,1.0666666666666667,0.030667024664580822,0.029593342915177345,0.0010736817494034767,0.03128326160396133
Kang_IFN_beta,stim,trrust_dorothea_intersection,formal_abs,codetection_odds_ratio,4,294,294,0.5,0.5782833541579897,0.5738742211431345,1.3333333333333333,1.3645514249801636,1.266123652458191,0.09842777252197266,0.1565667083159794
Kang_IFN_beta,stim,trrust_dorothea_intersection,formal_abs,pearson,5,294,294,0.5,0.5391966310333657,0.5330869126165647,1.1333333333333333,0.02796993777155876,0.02410620730370283,0.0038637304678559303,0.07839326206673136
Kang_IFN_beta,stim,trrust_dorothea_intersection,formal_abs,spearman,5,294,294,0.5,0.5398676477393678,0.530041715361131,1.0666666666666667,0.03236093185842037,0.027401521801948547,0.004959410056471825,0.07973529547873581
Kang_IFN_beta,stim,trrust_dorothea_intersection,formal_abs,mutual_information,5,294,294,0.5,0.5131311027812485,0.5069274639936827,1.0666666666666667,0.003942709416151047,0.003553039161488414,0.00038967025466263294,0.026262205562497032
Kang_IFN_beta,stim,trrust_dorothea_intersection,formal_abs,coexpression_probability,5,294,294,0.5,0.5267654680919988,0.5238974970060883,1.0666666666666667,0.030667024664580822,0.028586767613887787,0.002080257050693035,0.05353093618399751
Kang_IFN_beta,stim,trrust_dorothea_intersection,formal_abs,codetection_odds_ratio,5,294,294,0.5,0.5938324309315564,0.5835454177412808,1.3333333333333333,1.3645514249801636,1.2486137747764587,0.11593765020370483,0.1876648618631125
Kang_IFN_beta,stim,trrust_dorothea_intersection,formal_abs,pearson,6,294,294,0.5,0.534638345133972,0.540899087021194,1.1333333333333333,0.02796993777155876,0.022097633220255375,0.005872304551303387,0.06927669026794381
Kang_IFN_beta,stim,trrust_dorothea_intersection,formal_abs,spearman,6,294,294,0.5,0.5347771761765931,0.5336469709861245,1.1333333333333333,0.03236093185842037,0.027308598160743713,0.005052333697676659,0.06955435235318608
Kang_IFN_beta,stim,trrust_dorothea_intersection,formal_abs,mutual_information,6,294,294,0.5,0.5167985561571568,0.5083775796464991,1.0,0.003942709416151047,0.0036364737898111343,0.0003062356263399124,0.033597112314313504
Kang_IFN_beta,stim,trrust_dorothea_intersection,formal_abs,coexpression_probability,6,294,294,0.5,0.5152309223008932,0.5188179371544366,1.0666666666666667,0.030667024664580822,0.030063079670071602,0.0006039449945092201,0.03046184460178636
Kang_IFN_beta,stim,trrust_dorothea_intersection,formal_abs,codetection_odds_ratio,6,294,294,0.5,0.5724466657411265,0.5736411627211051,1.3333333333333333,1.3645514249801636,1.2814279794692993,0.08312344551086426,0.1448933314822527
Kang_IFN_beta,stim,trrust_dorothea_intersection,formal_abs,pearson,7,294,294,0.5,0.533863205146004,0.5378715968052115,1.1333333333333333,0.02796993777155876,0.023463843390345573,0.004506094381213188,0.06772641029200788
Kang_IFN_beta,stim,trrust_dorothea_intersection,formal_abs,spearman,7,294,294,0.5,0.5342681290203156,0.5304631550876338,1.1333333333333333,0.03236093185842037,0.027662886306643486,0.004698045551776886,0.06853625804063124
Kang_IFN_beta,stim,trrust_dorothea_intersection,formal_abs,mutual_information,7,294,294,0.5,0.5110197140080522,0.5070209933921268,1.0666666666666667,0.003942709416151047,0.00387687049806118,6.583891808986664e-05,0.02203942801610448
Kang_IFN_beta,stim,trrust_dorothea_intersection,formal_abs,coexpression_probability,7,294,294,0.5,0.5212122263871535,0.520548102620404,1.0666666666666667,0.030667024664580822,0.02892229240387678,0.0017447322607040405,0.04242445277430695
Kang_IFN_beta,stim,trrust_dorothea_intersection,formal_abs,codetection_odds_ratio,7,294,294,0.5,0.5924036281179138,0.584448228410182,1.2666666666666666,1.3645514249801636,1.2283895015716553,0.1361619234085083,0.1848072562358276
Kang_IFN_beta,stim,trrust_dorothea_intersection,formal_abs,pearson,8,294,294,0.5,0.5125873478643158,0.5266720420698008,1.1333333333333333,0.02796993777155876,0.024844065308570862,0.0031258724629878998,0.025174695728631624
Kang_IFN_beta,stim,trrust_dorothea_intersection,formal_abs,spearman,8,294,294,0.5,0.5167638483965015,0.5238825063928951,1.1333333333333333,0.03236093185842037,0.03074005711823702,0.0016208747401833534,0.03352769679300294
Kang_IFN_beta,stim,trrust_dorothea_intersection,formal_abs,mutual_information,8,294,294,0.5,0.5022444351890416,0.5061978458040985,1.0,0.003942709416151047,0.003952649887651205,-9.94047150015831e-06,0.0044888703780832095
Kang_IFN_beta,stim,trrust_dorothea_intersection,formal_abs,coexpression_probability,8,294,294,0.5,0.5195867462631311,0.5193375163987696,1.0666666666666667,0.030667024664580822,0.028653872199356556,0.002013152465224266,0.03917349252626212
Kang_IFN_beta,stim,trrust_dorothea_intersection,formal_abs,codetection_odds_ratio,8,294,294,0.5,0.5813549909759822,0.5773881163454047,1.2666666666666666,1.3645514249801636,1.264907717704773,0.09964370727539062,0.1627099819519644
Kang_IFN_beta,stim,trrust_dorothea_intersection,formal_abs,pearson,9,294,294,0.5,0.5098570040261002,0.5232837193136478,1.1333333333333333,0.02796993777155876,0.02645313087850809,0.0015168068930506706,0.01971400805220047
Kang_IFN_beta,stim,trrust_dorothea_intersection,formal_abs,spearman,9,294,294,0.5,0.5209866259428941,0.5223623082992741,1.1333333333333333,0.03236093185842037,0.028238525614142418,0.004122406244277954,0.041973251885788265
Kang_IFN_beta,stim,trrust_dorothea_intersection,formal_abs,mutual_information,9,294,294,0.5,0.5062069045305198,0.5046968803258415,1.0666666666666667,0.003942709416151047,0.004009543918073177,-6.683450192213058e-05,0.012413809061039283
Kang_IFN_beta,stim,trrust_dorothea_intersection,formal_abs,coexpression_probability,9,294,294,0.5,0.5232946920264705,0.5210415720266747,1.0666666666666667,0.030667024664580822,0.02966044843196869,0.001006576232612133,0.046589384052940996
Kang_IFN_beta,stim,trrust_dorothea_intersection,formal_abs,codetection_odds_ratio,9,294,294,0.5,0.5862603544819288,0.5781149843629019,1.3333333333333333,1.3645514249801636,1.2784075140953064,0.08614391088485718,0.17252070896385763
GSE178429_IFN_gamma,ctrl_6h,trrust_dorothea_intersection,formal_abs,pearson,0,405,405,0.5,0.5478067367779302,0.5583849196379493,1.2682926829268293,0.02376898005604744,0.020992131903767586,0.002776848152279854,0.09561347355586047
GSE178429_IFN_gamma,ctrl_6h,trrust_dorothea_intersection,formal_abs,spearman,0,405,405,0.5,0.5423746380124981,0.5567603108628346,1.3658536585365855,0.03176947310566902,0.02961675450205803,0.0021527186036109924,0.08474927602499616
GSE178429_IFN_gamma,ctrl_6h,trrust_dorothea_intersection,formal_abs,mutual_information,0,405,405,0.5,0.5218716659045878,0.536047494233123,1.1219512195121952,0.0020384809467941523,0.0019316988764330745,0.00010678207036107779,0.043743331809175334
GSE178429_IFN_gamma,ctrl_6h,trrust_dorothea_intersection,formal_abs,coexpression_probability,0,405,405,0.5,0.5120804755372657,0.5134778431888571,1.024390243902439,0.01830863207578659,0.017872711643576622,0.00043592043220996857,0.02416095107453131
GSE178429_IFN_gamma,ctrl_6h,trrust_dorothea_intersection,formal_abs,codetection_odds_ratio,0,405,405,0.5,0.5433135192805975,0.5558383603957995,1.2682926829268293,1.400678038597107,1.3595330715179443,0.0411449670791626,0.08662703856119491
GSE178429_IFN_gamma,ctrl_6h,trrust_dorothea_intersection,formal_abs,pearson,1,405,405,0.5,0.5374973327236703,0.5505295255846415,1.2682926829268293,0.02376898005604744,0.022584794089198112,0.001184185966849327,0.07499466544734035
GSE178429_IFN_gamma,ctrl_6h,trrust_dorothea_intersection,formal_abs,spearman,1,405,405,0.5,0.5357597927145252,0.5539275289891246,1.3658536585365855,0.03176947310566902,0.029714476317167282,0.0020549967885017395,0.07151958542905046
GSE178429_IFN_gamma,ctrl_6h,trrust_dorothea_intersection,formal_abs,mutual_information,1,405,405,0.5,0.5159152568206066,0.5373007682978608,1.3170731707317074,0.0020384809467941523,0.0018888775957748294,0.00014960335101932287,0.03183051364121314
GSE178429_IFN_gamma,ctrl_6h,trrust_dorothea_intersection,formal_abs,coexpression_probability,1,405,405,0.5,0.5159731748209114,0.5197131860724513,1.0731707317073171,0.01830863207578659,0.017436791211366653,0.0008718408644199371,0.03194634964182286
GSE178429_IFN_gamma,ctrl_6h,trrust_dorothea_intersection,formal_abs,codetection_odds_ratio,1,405,405,0.5,0.5547111720774272,0.5581400543200619,1.2682926829268293,1.400678038597107,1.3430917263031006,0.05758631229400635,0.10942234415485452
GSE178429_IFN_gamma,ctrl_6h,trrust_dorothea_intersection,formal_abs,pearson,2,405,405,0.5,0.5400701112635269,0.5519143172640029,1.3170731707317074,0.02376898005604744,0.022165503352880478,0.0016034767031669617,0.08014022252705377
GSE178429_IFN_gamma,ctrl_6h,trrust_dorothea_intersection,formal_abs,spearman,2,405,405,0.5,0.5362475232434081,0.5532382146640553,1.3658536585365855,0.03176947310566902,0.02912934683263302,0.002640126273036003,0.07249504648681593
GSE178429_IFN_gamma,ctrl_6h,trrust_dorothea_intersection,formal_abs,mutual_information,2,405,405,0.5,0.5291510440481634,0.5410119716352462,1.2195121951219512,0.0020384809467941523,0.0017851878656074405,0.0002532930811867118,0.058302088096326754
GSE178429_IFN_gamma,ctrl_6h,trrust_dorothea_intersection,formal_abs,coexpression_probability,2,405,405,0.5,0.5161774119798811,0.5199995283748499,1.0731707317073171,0.01830863207578659,0.017436791211366653,0.0008718408644199371,0.03235482395976219
GSE178429_IFN_gamma,ctrl_6h,trrust_dorothea_intersection,formal_abs,codetection_odds_ratio,2,405,405,0.5,0.5632647462277092,0.5655298358869102,1.2195121951219512,1.400678038597107,1.3292348384857178,0.07144320011138916,0.12652949245541834
GSE178429_IFN_gamma,ctrl_6h,trrust_dorothea_intersection,formal_abs,pearson,3,405,405,0.5,0.5286145404663923,0.5506533751959382,1.3658536585365855,0.02376898005604744,0.02350032329559326,0.00026865676045417786,0.05722908093278467
GSE178429_IFN_gamma,ctrl_6h,trrust_dorothea_intersection,formal_abs,spearman,3,405,405,0.5,0.5360829141899102,0.5578070727232654,1.3658536585365855,0.03176947310566902,0.031041176989674568,0.0007282961159944534,0.07216582837982011
GSE178429_IFN_gamma,ctrl_6h,trrust_dorothea_intersection,formal_abs,mutual_information,3,405,405,0.5,0.521838134430727,0.5407949863062217,1.3658536585365855,0.0020384809467941523,0.0018196012824773788,0.00021887966431677341,0.04367626886145404
GSE178429_IFN_gamma,ctrl_6h,trrust_dorothea_intersection,formal_abs,coexpression_probability,3,405,405,0.5,0.5172900472488949,0.5224340763777354,1.1219512195121952,0.01830863207578659,0.017000872641801834,0.0013077594339847565,0.03458009449778987
GSE178429_IFN_gamma,ctrl_6h,trrust_dorothea_intersection,formal_abs,codetection_odds_ratio,3,405,405,0.5,0.5590824569425392,0.5671988951465177,1.3170731707317074,1.400678038597107,1.3309565782546997,0.06972146034240723,0.11816491388507844
GSE178429_IFN_gamma,ctrl_6h,trrust_dorothea_intersection,formal_abs,pearson,4,405,405,0.5,0.55369608291419,0.5618197017143165,1.3658536585365855,0.02376898005604744,0.01995023526251316,0.003818744793534279,0.10739216582837985
GSE178429_IFN_gamma,ctrl_6h,trrust_dorothea_intersection,formal_abs,spearman,4,405,405,0.5,0.5526169791190368,0.5607273374488818,1.3658536585365855,0.03176947310566902,0.02924179658293724,0.002527676522731781,0.10523395823807347
GSE178429_IFN_gamma,ctrl_6h,trrust_dorothea_intersection,formal_abs,mutual_information,4,405,405,0.5,0.522527053802774,0.533779287638726,1.2682926829268293,0.0020384809467941523,0.0018071236554533243,0.00023135729134082794,0.045054107605547955
GSE178429_IFN_gamma,ctrl_6h,trrust_dorothea_intersection,formal_abs,coexpression_probability,4,405,405,0.5,0.515098308184728,0.5204737871638482,0.975609756097561,0.01830863207578659,0.017436791211366653,0.0008718408644199371,0.03019661636945581
GSE178429_IFN_gamma,ctrl_6h,trrust_dorothea_intersection,formal_abs,codetection_odds_ratio,4,405,405,0.5,0.5610791037951531,0.564251637418047,1.2682926829268293,1.400678038597107,1.3338044881820679,0.06687355041503906,0.12215820759030627
GSE178429_IFN_gamma,ctrl_6h,trrust_dorothea_intersection,formal_abs,pearson,5,405,405,0.5,0.5426489864349946,0.5579505444502371,1.3658536585365855,0.02376898005604744,0.02090386115014553,0.002865118905901909,0.08529797286998941
GSE178429_IFN_gamma,ctrl_6h,trrust_dorothea_intersection,formal_abs,spearman,5,405,405,0.5,0.550385611949398,0.565966462003323,1.4146341463414633,0.03176947310566902,0.028789184987545013,0.002980288118124008,0.10077122389879589
GSE178429_IFN_gamma,ctrl_6h,trrust_dorothea_intersection,formal_abs,mutual_information,5,405,405,0.5,0.537543057460753,0.5456798827972462,1.1219512195121952,0.0020384809467941523,0.001693255384452641,0.00034522556234151125,0.07508611492150585
GSE178429_IFN_gamma,ctrl_6h,trrust_dorothea_intersection,formal_abs,coexpression_probability,5,405,405,0.5,0.5230909922267947,0.5255980608468387,1.1219512195121952,0.01830863207578659,0.017436791211366653,0.0008718408644199371,0.04618198445358934
GSE178429_IFN_gamma,ctrl_6h,trrust_dorothea_intersection,formal_abs,codetection_odds_ratio,5,405,405,0.5,0.5797165066300869,0.5856141419386157,1.3170731707317074,1.400678038597107,1.322155237197876,0.07852280139923096,0.15943301326017378
GSE178429_IFN_gamma,ctrl_6h,trrust_dorothea_intersection,formal_abs,pearson,6,405,405,0.5,0.532754153330285,0.5544616307783984,1.4146341463414633,0.02376898005604744,0.022760076448321342,0.001008903607726097,0.06550830666056995
GSE178429_IFN_gamma,ctrl_6h,trrust_dorothea_intersection,formal_abs,spearman,6,405,405,0.5,0.5353939948178632,0.5575130136507402,1.4146341463414633,0.03176947310566902,0.03107142075896263,0.0006980523467063904,0.07078798963572619
GSE178429_IFN_gamma,ctrl_6h,trrust_dorothea_intersection,formal_abs,mutual_information,6,405,405,0.5,0.5221399176954733,0.5406973057122251,1.3658536585365855,0.0020384809467941523,0.001893100794404745,0.00014538015238940716,0.0442798353909466
GSE178429_IFN_gamma,ctrl_6h,trrust_dorothea_intersection,formal_abs,coexpression_probability,6,405,405,0.5,0.517308337143728,0.524706608498624,1.0731707317073171,0.01830863207578659,0.017436791211366653,0.0008718408644199371,0.03461667428745607
GSE178429_IFN_gamma,ctrl_6h,trrust_dorothea_intersection,formal_abs,codetection_odds_ratio,6,405,405,0.5,0.5650327693949093,0.5703097124848509,1.3658536585365855,1.400678038597107,1.3181754350662231,0.08250260353088379,0.13006553878981864
GSE178429_IFN_gamma,ctrl_6h,trrust_dorothea_intersection,formal_abs,pearson,7,405,405,0.5,0.5270538027739673,0.5453768498087963,1.3170731707317074,0.02376898005604744,0.022073304280638695,0.0016956757754087448,0.05410760554793481
GSE178429_IFN_gamma,ctrl_6h,trrust_dorothea_intersection,formal_abs,spearman,7,405,405,0.5,0.532406645328456,0.5486542175184537,1.3658536585365855,0.03176947310566902,0.02974383719265461,0.002025635913014412,0.0648132906569121
GSE178429_IFN_gamma,ctrl_6h,trrust_dorothea_intersection,formal_abs,mutual_information,7,405,405,0.5,0.5249382716049382,0.5356143718381696,1.170731707317073,0.0020384809467941523,0.0018071236554533243,0.00023135729134082794,0.049876543209876445
GSE178429_IFN_gamma,ctrl_6h,trrust_dorothea_intersection,formal_abs,coexpression_probability,7,405,405,0.5,0.5133882030178326,0.5154507340519617,1.024390243902439,0.01830863207578659,0.017436791211366653,0.0008718408644199371,0.026776406035665223
GSE178429_IFN_gamma,ctrl_6h,trrust_dorothea_intersection,formal_abs,codetection_odds_ratio,7,405,405,0.5,0.5438926992836458,0.5483949952411218,1.2682926829268293,1.400678038597107,1.3495887517929077,0.05108928680419922,0.08778539856729162
GSE178429_IFN_gamma,ctrl_6h,trrust_dorothea_intersection,formal_abs,pearson,8,405,405,0.5,0.5494345374180765,0.562135154806964,1.3658536585365855,0.02376898005604744,0.01901455968618393,0.00475442036986351,0.09886907483615293
GSE178429_IFN_gamma,ctrl_6h,trrust_dorothea_intersection,formal_abs,spearman,8,405,405,0.5,0.5620057918000305,0.5703140564836209,1.4146341463414633,0.03176947310566902,0.02692805603146553,0.004841417074203491,0.12401158360006104
GSE178429_IFN_gamma,ctrl_6h,trrust_dorothea_intersection,formal_abs,mutual_information,8,405,405,0.5,0.5329675354366713,0.5455098986746533,1.2682926829268293,0.0020384809467941523,0.0017044495325535536,0.0003340314142405987,0.06593507087334238
GSE178429_IFN_gamma,ctrl_6h,trrust_dorothea_intersection,formal_abs,coexpression_probability,8,405,405,0.5,0.5215180612711477,0.5188968590443862,1.024390243902439,0.01830863207578659,0.017000872641801834,0.0013077594339847565,0.043036122542295274
GSE178429_IFN_gamma,ctrl_6h,trrust_dorothea_intersection,formal_abs,codetection_odds_ratio,8,405,405,0.5,0.5734003962810548,0.5776355851504983,1.3658536585365855,1.400678038597107,1.3180958032608032,0.08258223533630371,0.14680079256210954
GSE178429_IFN_gamma,ctrl_6h,trrust_dorothea_intersection,formal_abs,pearson,9,405,405,0.5,0.5590001524157904,0.5680248301989466,1.3658536585365855,0.02376898005604744,0.01865161955356598,0.005117360502481461,0.11800030483158053
GSE178429_IFN_gamma,ctrl_6h,trrust_dorothea_intersection,formal_abs,spearman,9,405,405,0.5,0.553372961438805,0.5663668190180113,1.4146341463414633,0.03176947310566902,0.028343316167593002,0.0034261569380760193,0.1067459228776102
GSE178429_IFN_gamma,ctrl_6h,trrust_dorothea_intersection,formal_abs,mutual_information,9,405,405,0.5,0.522697759487883,0.5410082714909066,1.2682926829268293,0.0020384809467941523,0.0018480040598660707,0.0001904768869280815,0.04539551897576599
GSE178429_IFN_gamma,ctrl_6h,trrust_dorothea_intersection,formal_abs,coexpression_probability,9,405,405,0.5,0.5162688614540467,0.5216118803856706,0.975609756097561,0.01830863207578659,0.017000872641801834,0.0013077594339847565,0.0325377229080932
GSE178429_IFN_gamma,ctrl_6h,trrust_dorothea_intersection,formal_abs,codetection_odds_ratio,9,405,405,0.5,0.5582685566224661,0.5626658275461991,1.2682926829268293,1.400678038597107,1.3292348384857178,0.07144320011138916,0.11653711324493221
GSE178429_IFN_gamma,ifng_6h,trrust_dorothea_intersection,formal_abs,pearson,0,805,805,0.5,0.5503221326337718,0.5498937138700348,1.2592592592592593,0.03953196108341217,0.03329578787088394,0.006236173212528229,0.10064426526754366
GSE178429_IFN_gamma,ifng_6h,trrust_dorothea_intersection,formal_abs,spearman,0,805,805,0.5,0.5468515875159137,0.5541023228245362,1.382716049382716,0.05196712166070938,0.04614763334393501,0.005819488316774368,0.09370317503182757
GSE178429_IFN_gamma,ifng_6h,trrust_dorothea_intersection,formal_abs,mutual_information,0,805,805,0.5,0.5251078276301069,0.5345946451625523,1.2839506172839505,0.004337530583143234,0.003954136744141579,0.0003833938390016556,0.050215655260213765
GSE178429_IFN_gamma,ifng_6h,trrust_dorothea_intersection,formal_abs,coexpression_probability,0,805,805,0.5,0.5182940472975579,0.5141518008236645,1.0617283950617284,0.04105839505791664,0.03740875795483589,0.0036496371030807495,0.03658809459511603
GSE178429_IFN_gamma,ifng_6h,trrust_dorothea_intersection,formal_abs,codetection_odds_ratio,0,805,805,0.5,0.5631981790825971,0.5731258806099013,1.4567901234567902,1.4588814973831177,1.3730767965316772,0.08580470085144043,0.12639635816519434
GSE178429_IFN_gamma,ifng_6h,trrust_dorothea_intersection,formal_abs,pearson,1,805,805,0.5,0.5526090814397593,0.5436917404048074,1.0864197530864197,0.03953196108341217,0.03369760140776634,0.005834359675645828,0.10521816287951857
GSE178429_IFN_gamma,ifng_6h,trrust_dorothea_intersection,formal_abs,spearman,1,805,805,0.5,0.552553528027468,0.5530570942608151,1.2592592592592593,0.05196712166070938,0.045425061136484146,0.006542060524225235,0.10510705605493609
GSE178429_IFN_gamma,ifng_6h,trrust_dorothea_intersection,formal_abs,mutual_information,1,805,805,0.5,0.5246132479456811,0.5301748131635275,1.1851851851851851,0.004337530583143234,0.0038214782252907753,0.000516052357852459,0.04922649589136219
GSE178429_IFN_gamma,ifng_6h,trrust_dorothea_intersection,formal_abs,coexpression_probability,1,805,805,0.5,0.5159854943867906,0.5136466053749233,1.037037037037037,0.04105839505791664,0.03832116723060608,0.002737227827310562,0.03197098877358129
GSE178429_IFN_gamma,ifng_6h,trrust_dorothea_intersection,formal_abs,codetection_odds_ratio,1,805,805,0.5,0.5630747270552834,0.5711506145437226,1.4074074074074074,1.4588814973831177,1.357728123664856,0.10115337371826172,0.12614945411056677
GSE178429_IFN_gamma,ifng_6h,trrust_dorothea_intersection,formal_abs,pearson,2,805,805,0.5,0.5588017437598858,0.548931430400396,1.1604938271604939,0.03953196108341217,0.03340568765997887,0.006126273423433304,0.11760348751977157
GSE178429_IFN_gamma,ifng_6h,trrust_dorothea_intersection,formal_abs,spearman,2,805,805,0.5,0.552860614945411,0.5524124311389278,1.2592592592592593,0.05196712166070938,0.045039523392915726,0.006927598267793655,0.10572122989082211
GSE178429_IFN_gamma,ifng_6h,trrust_dorothea_intersection,formal_abs,mutual_information,2,805,805,0.5,0.5280089502719802,0.5287932379649676,1.1604938271604939,0.004337530583143234,0.0037958123721182346,0.0005417182110249996,0.0560179005439605
GSE178429_IFN_gamma,ifng_6h,trrust_dorothea_intersection,formal_abs,coexpression_probability,2,805,805,0.5,0.5186582307781336,0.5144352849010723,1.037037037037037,0.04105839505791664,0.036496348679065704,0.004562046378850937,0.03731646155626711
GSE178429_IFN_gamma,ifng_6h,trrust_dorothea_intersection,formal_abs,codetection_odds_ratio,2,805,805,0.5,0.5748034412252614,0.5707943371122809,1.308641975308642,1.4588814973831177,1.3638862371444702,0.09499526023864746,0.14960688245052278
GSE178429_IFN_gamma,ifng_6h,trrust_dorothea_intersection,formal_abs,pearson,3,805,805,0.5,0.5525072335172254,0.5484534013963789,1.1851851851851851,0.03953196108341217,0.03390020504593849,0.005631756037473679,0.10501446703445083
GSE178429_IFN_gamma,ifng_6h,trrust_dorothea_intersection,formal_abs,spearman,3,805,805,0.5,0.5540565564600131,0.5564318944501301,1.2839506172839505,0.05196712166070938,0.044228293001651764,0.007738828659057617,0.10811311292002634
GSE178429_IFN_gamma,ifng_6h,trrust_dorothea_intersection,formal_abs,mutual_information,3,805,805,0.5,0.5249434821187454,0.5306809379037831,1.2098765432098766,0.004337530583143234,0.0038630496710538864,0.00047448091208934784,0.04988696423749084
GSE178429_IFN_gamma,ifng_6h,trrust_dorothea_intersection,formal_abs,coexpression_probability,3,805,805,0.5,0.517976158327225,0.5142520630318114,1.037037037037037,0.04105839505791664,0.03832116723060608,0.002737227827310562,0.03595231665444998
GSE178429_IFN_gamma,ifng_6h,trrust_dorothea_intersection,formal_abs,codetection_odds_ratio,3,805,805,0.5,0.5692504147216543,0.571179752906955,1.3580246913580247,1.4588814973831177,1.3562463521957397,0.10263514518737793,0.13850082944330855
GSE178429_IFN_gamma,ifng_6h,trrust_dorothea_intersection,formal_abs,pearson,4,805,805,0.5,0.5625461980633464,0.5476891885123875,1.1604938271604939,0.03953196108341217,0.03018006682395935,0.00935189425945282,0.12509239612669254
GSE178429_IFN_gamma,ifng_6h,trrust_dorothea_intersection,formal_abs,spearman,4,805,805,0.5,0.5543968211102966,0.5491654997720872,1.2098765432098766,0.05196712166070938,0.04311339557170868,0.008853726089000702,0.10879364222059329
GSE178429_IFN_gamma,ifng_6h,trrust_dorothea_intersection,formal_abs,mutual_information,4,805,805,0.5,0.5239558659002354,0.525321953768507,1.1851851851851851,0.004337530583143234,0.003930199891328812,0.0004073306918144226,0.0479117318004707
GSE178429_IFN_gamma,ifng_6h,trrust_dorothea_intersection,formal_abs,coexpression_probability,4,805,805,0.5,0.5137548705682651,0.5115114978163414,1.0617283950617284,0.04105839505791664,0.040145985782146454,0.0009124092757701874,0.027509741136530153
GSE178429_IFN_gamma,ifng_6h,trrust_dorothea_intersection,formal_abs,codetection_odds_ratio,4,805,805,0.5,0.5574121368774353,0.5570816015694167,1.2839506172839505,1.4588814973831177,1.3657370805740356,0.09314441680908203,0.11482427375487059
GSE178429_IFN_gamma,ifng_6h,trrust_dorothea_intersection,formal_abs,pearson,5,805,805,0.5,0.547035222406543,0.5404126431582983,1.1358024691358024,0.03953196108341217,0.03326639533042908,0.006265565752983093,0.09407044481308602
GSE178429_IFN_gamma,ifng_6h,trrust_dorothea_intersection,formal_abs,spearman,5,805,805,0.5,0.5496369738821805,0.5479141812838216,1.2592592592592593,0.05196712166070938,0.045401833951473236,0.006565287709236145,0.09927394776436094
GSE178429_IFN_gamma,ifng_6h,trrust_dorothea_intersection,formal_abs,mutual_information,5,805,805,0.5,0.5239581806257475,0.5225022110336179,1.0617283950617284,0.004337530583143234,0.003848719410598278,0.0004888111725449562,0.04791636125149501
GSE178429_IFN_gamma,ifng_6h,trrust_dorothea_intersection,formal_abs,coexpression_probability,5,805,805,0.5,0.5205161837892056,0.51507087886312,1.0123456790123457,0.04105839505791664,0.03740875795483589,0.0036496371030807495,0.04103236757841122
GSE178429_IFN_gamma,ifng_6h,trrust_dorothea_intersection,formal_abs,codetection_odds_ratio,5,805,805,0.5,0.5715960032406158,0.572348090376753,1.4320987654320987,1.4588814973831177,1.3528757095336914,0.10600578784942627,0.14319200648123154
GSE178429_IFN_gamma,ifng_6h,trrust_dorothea_intersection,formal_abs,pearson,6,805,805,0.5,0.5523552332085954,0.5426878285043611,1.1111111111111112,0.03953196108341217,0.03287241607904434,0.006659545004367828,0.10471046641719073
GSE178429_IFN_gamma,ifng_6h,trrust_dorothea_intersection,formal_abs,spearman,6,805,805,0.5,0.5422722888777439,0.5424079327266977,1.2345679012345678,0.05196712166070938,0.04601340740919113,0.0059537142515182495,0.08454457775548785
GSE178429_IFN_gamma,ifng_6h,trrust_dorothea_intersection,formal_abs,mutual_information,6,805,805,0.5,0.5256409860730682,0.5252673700545036,1.1851851851851851,0.004337530583143234,0.003771726507693529,0.0005658040754497051,0.05128197214613639
GSE178429_IFN_gamma,ifng_6h,trrust_dorothea_intersection,formal_abs,coexpression_probability,6,805,805,0.5,0.5111754947725783,0.5101120782799444,1.0123456790123457,0.04105839505791664,0.03832116723060608,0.002737227827310562,0.022350989545156352
GSE178429_IFN_gamma,ifng_6h,trrust_dorothea_intersection,formal_abs,codetection_odds_ratio,6,805,805,0.5,0.5451649241927394,0.5495924466934217,1.3580246913580247,1.4588814973831177,1.3996696472167969,0.0592118501663208,0.09032984838547886
GSE178429_IFN_gamma,ifng_6h,trrust_dorothea_intersection,formal_abs,pearson,7,805,805,0.5,0.5601751475637514,0.5533546676647266,1.1851851851851851,0.03953196108341217,0.03248658403754234,0.007045377045869827,0.12035029512750284
GSE178429_IFN_gamma,ifng_6h,trrust_dorothea_intersection,formal_abs,spearman,7,805,805,0.5,0.5577693761814745,0.5587274334069607,1.2592592592592593,0.05196712166070938,0.04453162103891373,0.007435500621795654,0.11553875236294897
GSE178429_IFN_gamma,ifng_6h,trrust_dorothea_intersection,formal_abs,mutual_information,7,805,805,0.5,0.5252513406118591,0.5296716074814543,1.2345679012345678,0.004337530583143234,0.003930199891328812,0.0004073306918144226,0.05050268122371815
GSE178429_IFN_gamma,ifng_6h,trrust_dorothea_intersection,formal_abs,coexpression_probability,7,805,805,0.5,0.5166328459550172,0.5134441098661252,1.037037037037037,0.04105839505791664,0.03740875795483589,0.0036496371030807495,0.033265691910034256
GSE178429_IFN_gamma,ifng_6h,trrust_dorothea_intersection,formal_abs,codetection_odds_ratio,7,805,805,0.5,0.5623995987809112,0.5725536956877848,1.4567901234567902,1.4588814973831177,1.3711662292480469,0.0877152681350708,0.12479919756182256
GSE178429_IFN_gamma,ifng_6h,trrust_dorothea_intersection,formal_abs,pearson,8,805,805,0.5,0.5483515296477759,0.5425017294245253,1.0617283950617284,0.03953196108341217,0.034258075058460236,0.005273886024951935,0.09670305929555179
GSE178429_IFN_gamma,ifng_6h,trrust_dorothea_intersection,formal_abs,spearman,8,805,805,0.5,0.554889857644381,0.5528925376849821,1.2592592592592593,0.05196712166070938,0.04316434636712074,0.008802775293588638,0.10977971528876207
GSE178429_IFN_gamma,ifng_6h,trrust_dorothea_intersection,formal_abs,mutual_information,8,805,805,0.5,0.5271648470352224,0.5249477256511235,1.1851851851851851,0.004337530583143234,0.0038493312895298004,0.00048819929361343384,0.054329694070444745
GSE178429_IFN_gamma,ifng_6h,trrust_dorothea_intersection,formal_abs,coexpression_probability,8,805,805,0.5,0.5202715944600904,0.5154214673460283,1.037037037037037,0.04105839505791664,0.03740875795483589,0.0036496371030807495,0.040543188920180606
GSE178429_IFN_gamma,ifng_6h,trrust_dorothea_intersection,formal_abs,codetection_odds_ratio,8,805,805,0.5,0.5754847421009992,0.5745538451653659,1.4320987654320987,1.4588814973831177,1.3470640182495117,0.11181747913360596,0.1509694842019984
GSE178429_IFN_gamma,ifng_6h,trrust_dorothea_intersection,formal_abs,pearson,9,805,805,0.5,0.5559299409744994,0.5459545007680363,1.1851851851851851,0.03953196108341217,0.032572191208601,0.0069597698748111725,0.11185988194899887
GSE178429_IFN_gamma,ifng_6h,trrust_dorothea_intersection,formal_abs,spearman,9,805,805,0.5,0.5465136375911424,0.5478692636442088,1.3580246913580247,0.05196712166070938,0.04610266536474228,0.005864456295967102,0.09302727518228471
GSE178429_IFN_gamma,ifng_6h,trrust_dorothea_intersection,formal_abs,mutual_information,9,805,805,0.5,0.5233509509663978,0.5245501308008415,1.2345679012345678,0.004337530583143234,0.003930199891328812,0.0004073306918144226,0.046701901932795886
GSE178429_IFN_gamma,ifng_6h,trrust_dorothea_intersection,formal_abs,coexpression_probability,9,805,805,0.5,0.516014042668107,0.5135767309774086,1.037037037037037,0.04105839505791664,0.03832116723060608,0.002737227827310562,0.03202808533621382
GSE178429_IFN_gamma,ifng_6h,trrust_dorothea_intersection,formal_abs,codetection_odds_ratio,9,805,805,0.5,0.565796072682381,0.567400849939251,1.4074074074074074,1.4588814973831177,1.3625459671020508,0.0963355302810669,0.13159214536476216
