dataset,condition,edge_set,metric,auroc_mean_refined,auprc_mean_refined,enrichment_at_5pct_mean_refined,median_difference_mean_refined,cliffs_delta_mean_refined,auroc_mean_current,auprc_mean_current,enrichment_at_5pct_mean_current,median_difference_mean_current,cliffs_delta_mean_current,delta_auroc_refined_minus_current,delta_auprc_refined_minus_current,delta_enrichment_at_5pct_refined_minus_current,delta_median_difference_refined_minus_current,delta_cliffs_delta_refined_minus_current
GSE178429_IFN_gamma,ctrl_6h,trrust_dorothea_intersection,codetection_odds_ratio,0.5601761926535589,0.5655579045528623,1.2926829268292683,0.06729096174240112,0.12035238530711782,0.5611388726899798,0.5890875862442229,1.5066666666666666,0.0633970975875854,0.1222777453799593,-0.0009626800364208599,-0.023529681691360604,-0.21398373983739827,0.0038938641548157266,-0.00192536007284147
GSE178429_IFN_gamma,ctrl_6h,trrust_dorothea_intersection,coexpression_probability,0.5168193872885232,0.5202362564005223,1.048780487804878,0.0009590243920683861,0.033638774577046116,0.5546077238633392,0.5654152676130049,1.2755555555555556,0.0029642545618116,0.1092154477266786,-0.03778833657481606,-0.04517901121248258,-0.22677506775067746,-0.002005230169743214,-0.07557667314963248
GSE178429_IFN_gamma,ctrl_6h,trrust_dorothea_intersection,mutual_information,0.5251589696692578,0.5397444238624378,1.248780487804878,0.00022063867654651404,0.05031793933851545,0.5768057873675321,0.5881902271184398,1.4355555555555557,0.0007965660654008,0.1536115747350641,-0.05164681769827428,-0.04844580325600201,-0.18677506775067765,-0.000575927388854286,-0.10329363539654865
GSE178429_IFN_gamma,ctrl_6h,trrust_dorothea_intersection,pearson,0.5418576436518824,0.556125084944019,1.3414634146341464,0.002509339153766632,0.08371528730376468,0.5776956102073237,0.6109820206293524,1.64,0.0054643974639475,0.1553912204146473,-0.03583796655544136,-0.05485693568533334,-0.2985365853658535,-0.0029550583101808684,-0.07167593311088263
GSE178429_IFN_gamma,ctrl_6h,trrust_dorothea_intersection,spearman,0.5436646852613931,0.5591275033362311,1.3853658536585365,0.002407536469399929,0.08732937052278615,0.5761944740493474,0.6046647981162085,1.6222222222222222,0.0053324581123888,0.1523889480986949,-0.03252978878795432,-0.04553729477997748,-0.23685636856368575,-0.0029249216429888705,-0.06505957757590876
GSE178429_IFN_gamma,ifng_6h,trrust_dorothea_intersection,codetection_odds_ratio,0.5648180239959878,0.5679781114604853,1.3901234567901235,0.09388188123703003,0.12963604799197564,0.5592463547100829,0.5890029140701396,1.6065934065934069,0.0840630531311035,0.1184927094201658,0.005571669285904912,-0.021024802609654336,-0.21646994980328338,0.009818828105926533,0.011143338571809838
GSE178429_IFN_gamma,ifng_6h,trrust_dorothea_intersection,coexpression_probability,0.5169278963002971,0.5135622517280439,1.037037037037037,0.003102191537618637,0.033855792600594084,0.522410295133906,0.535824694687917,1.3252747252747257,0.0041970796883106,0.0448205902678119,-0.0054823988336089036,-0.02226244295987312,-0.2882376882376887,-0.0010948881506919628,-0.010964797667217814
GSE178429_IFN_gamma,ifng_6h,trrust_dorothea_intersection,mutual_information,0.5251995679179043,0.5276504632984877,1.1925925925925926,0.0004680451937019825,0.050399135835808816,0.5453619175142677,0.5701293169137917,1.5164835164835164,0.0007228287635371,0.0907238350285353,-0.020162349596363316,-0.0424788536153039,-0.3238909238909238,-0.0002547835698351175,-0.040324699192726486
GSE178429_IFN_gamma,ifng_6h,trrust_dorothea_intersection,pearson,0.5540633463215154,0.5463570844103952,1.1530864197530863,0.0065384600311517715,0.10812669264303074,0.5922432960787188,0.6085208462934945,1.6175824175824176,0.0102811986580491,0.1844865921574376,-0.0381799497572034,-0.062163761883099244,-0.46449599782933126,-0.003742738626897328,-0.07635989951440686
GSE178429_IFN_gamma,ifng_6h,trrust_dorothea_intersection,spearman,0.5511801242236025,0.5514980591193168,1.2765432098765432,0.0070503436028957365,0.102360248447205,0.5819027076832869,0.6053112610656903,1.6043956043956045,0.0110464558005332,0.1638054153665738,-0.03072258345968437,-0.05381320194637351,-0.32785239451906123,-0.003996112197637464,-0.06144516691936881
Kang_IFN_beta,ctrl,trrust_dorothea_intersection,codetection_odds_ratio,0.5870200108166577,0.5741951492198065,1.1419354838709677,0.09215699434280396,0.1740400216333153,0.62248828125,0.6454929655507556,1.6,0.124918133020401,0.2449765624999999,-0.03546827043334233,-0.07129781633094912,-0.45806451612903243,-0.03276113867759704,-0.0709365408666846
Kang_IFN_beta,ctrl,trrust_dorothea_intersection,coexpression_probability,0.5272910895023234,0.5250125062559875,1.0064516129032257,0.0015882719308137894,0.05458217900464677,0.5548291015625,0.5421086198683909,0.96875,0.0035965182818472,0.109658203125,-0.027538012060176587,-0.017096113612403374,0.03770161290322571,-0.0020082463510334107,-0.055076024120353236
Kang_IFN_beta,ctrl,trrust_dorothea_intersection,mutual_information,0.516724980960475,0.5163394466049709,0.9483870967741936,0.0002973241964355111,0.03344996192095011,0.5685419921875,0.5602101921977297,1.16875,0.0008160390194999,0.137083984375,-0.05181701122702498,-0.04387074559275883,-0.22036290322580632,-0.000518714823064389,-0.10363402245404989
Kang_IFN_beta,ctrl,trrust_dorothea_intersection,pearson,0.5331210472290593,0.5339008185647316,1.096774193548387,0.004360530897974968,0.06624209445811853,0.6288232421875,0.6273309011023588,1.45625,0.0124756887555122,0.257646484375,-0.09570219495844068,-0.09343008253762719,-0.35947580645161303,-0.008115157857537232,-0.19140438991688147
Kang_IFN_beta,ctrl,trrust_dorothea_intersection,spearman,0.5336563614088145,0.5360999266539355,1.1032258064516127,0.005137655884027481,0.06731272281762894,0.6154716796875,0.622364220949369,1.44375,0.0128744856454431,0.2309433593749999,-0.0818153182786856,-0.08626429429543359,-0.34052419354838737,-0.007736829761415619,-0.16363063655737098
Kang_IFN_beta,stim,trrust_dorothea_intersection,codetection_odds_ratio,0.5835143921514183,0.5765419873160849,1.2666666666666666,0.10433799624443055,0.16702878430283674,0.6533484835732122,0.6587854761392065,1.593939393939394,0.249158763885498,0.3066969671464242,-0.06983409142179386,-0.0822434888231216,-0.3272727272727274,-0.14482076764106747,-0.13966818284358745
Kang_IFN_beta,stim,trrust_dorothea_intersection,coexpression_probability,0.5191118284048313,0.5187176840794696,1.0666666666666667,0.0012884176336228847,0.038223656809662644,0.5778656865770745,0.5707408296648662,1.3636363636363638,0.0112333925440907,0.155731373154149,-0.05875385817224321,-0.05202314558539656,-0.2969696969696971,-0.009944974910467815,-0.11750771634448637
Kang_IFN_beta,stim,trrust_dorothea_intersection,mutual_information,0.5129483085751307,0.5071061524630073,1.04,0.0002451843582093716,0.02589661715026148,0.5878330480973356,0.5741131415908239,1.3333333333333337,0.0025316521525382,0.1756660961946712,-0.07488473952220487,-0.06700698912781666,-0.29333333333333367,-0.0022864677943288283,-0.1497694790444097
Kang_IFN_beta,stim,trrust_dorothea_intersection,pearson,0.5280091628488129,0.5331109828989777,1.1333333333333333,0.003958616685122251,0.05601832569762597,0.6208334502333324,0.6175802550264498,1.3151515151515152,0.0124277615919709,0.2416669004666648,-0.09282428738451942,-0.08446927212747202,-0.18181818181818188,-0.00846914490684865,-0.18564857476903884
Kang_IFN_beta,stim,trrust_dorothea_intersection,spearman,0.53295039104077,0.5291915089244237,1.1199999999999999,0.004278250876814127,0.06590078208154011,0.6372667845018658,0.6260579776125708,1.3575757575757577,0.0169831737875938,0.2745335690037314,-0.10431639346109578,-0.09686646868814708,-0.23757575757575777,-0.012704922910779673,-0.20863278692219128
PBMC10k,all,dorothea_ab,codetection_odds_ratio,0.5178779902851618,0.5180667054011145,1.0820415879017014,0.03173196315765381,0.03575598057032352,0.5525077080332303,0.5652402529171028,1.3236499068901304,0.1039639949798583,0.1050154160664605,-0.034629717748068556,-0.047173547515988234,-0.24160831898842905,-0.07223203182220449,-0.06925943549613699
PBMC10k,all,dorothea_ab,coexpression_probability,0.5040511013777133,0.5027093814844961,1.008695652173913,0.0008336089551448947,0.008102202755426568,0.5220885807862741,0.5180833099770917,1.0696461824953445,0.0058186076581478,0.0441771615725481,-0.01803747940856082,-0.015373928492595668,-0.060950530321431495,-0.004984998703002905,-0.03607495881712153
PBMC10k,all,dorothea_ab,mutual_information,0.5088429975984671,0.5055879793967556,1.0102079395085066,0.0005298566999999997,0.017685995196933924,0.5390862855696862,0.5437270198719039,1.2890130353817504,0.0017830236,0.0781725711393724,-0.030243287971219113,-0.03813904047514827,-0.27880509587324376,-0.0012531669000000003,-0.060486575942438475
PBMC10k,all,dorothea_ab,pearson,0.5206597209346054,0.5141210633854695,1.0207939508506616,0.0058260232210159794,0.04131944186921084,0.5788925546115079,0.5769768983108012,1.327001862197393,0.0180328264832496,0.1577851092230157,-0.05823283367690246,-0.06285583492533175,-0.3062079113467313,-0.012206803262233619,-0.11646566735380486
PBMC10k,all,dorothea_ab,spearman,0.5194717867076669,0.513843269594851,1.0109640831758033,0.00505286492407327,0.03894357341533379,0.5801534430731052,0.5764371220892374,1.3027932960893855,0.018144704028964,0.1603068861462104,-0.06068165636543832,-0.06259385249438632,-0.2918292129135822,-0.013091839104890729,-0.1213633127308766
PBMC10k,all,trrust,codetection_odds_ratio,0.5098983949602444,0.5200564325589359,1.1278195488721805,0.025043022632599055,0.019796789920488632,0.5518688715400841,0.5739110938914356,1.3450549450549452,0.120058798789978,0.103737743080168,-0.041970476579839766,-0.05385466133249972,-0.21723539618276466,-0.09501577615737894,-0.08394095315967937
PBMC10k,all,trrust,coexpression_probability,0.5020135103427089,0.5022201381411256,1.0045112781954888,-0.0005918644368648654,0.004027020685417803,0.5247817197991061,0.5302352081682297,1.178021978021978,0.0036512203514575,0.0495634395982121,-0.022768209456397237,-0.028015070027104017,-0.17351069982648926,-0.004243084788322365,-0.045536418912794294
PBMC10k,all,trrust,mutual_information,0.5055437326697213,0.5085463941838262,1.0518796992481203,5.232999999993382e-07,0.011087465339442581,0.5391051011136838,0.556420852468038,1.3794871794871797,0.0009532075,0.0782102022273677,-0.033561368443962514,-0.047874458284211774,-0.3276074802390594,-0.0009526842000000007,-0.06712273688792512
PBMC10k,all,trrust,pearson,0.5219777210538545,0.5224477738132983,1.0714285714285716,0.0039643883705139495,0.043955442107709096,0.5989328253580238,0.6041389711518618,1.432967032967033,0.0152921074070036,0.1978656507160476,-0.0769551043041693,-0.08169119733856345,-0.36153846153846136,-0.011327719036489652,-0.15391020860833848
PBMC10k,all,trrust,spearman,0.5146321729940845,0.5184343001159639,1.0390977443609022,0.002878802269697161,0.02926434598816898,0.5867476128597582,0.5956891934643422,1.4219780219780218,0.0154125522822141,0.1734952257195162,-0.0721154398656737,-0.07725489334837832,-0.3828802776171196,-0.012533750012516939,-0.1442308797313472
PBMC10k,all,trrust_dorothea_intersection,codetection_odds_ratio,0.5185263188635343,0.5259474056130049,1.1685185185185185,0.030449962615967018,0.03705263772706853,0.5771423722030169,0.6023762039070515,1.5053571428571428,0.2006219387054443,0.1542847444060337,-0.05861605333948261,-0.07642879829404658,-0.3368386243386243,-0.1701719760894773,-0.11723210667896518
PBMC10k,all,trrust_dorothea_intersection,coexpression_probability,0.5030362270354678,0.5032596027899938,1.0203703703703704,-0.0010253421962261255,0.006072454070935485,0.5254016985857002,0.5321495130244375,1.167857142857143,0.0025925286114215,0.0508033971714003,-0.022365471550232385,-0.02888991023444365,-0.14748677248677255,-0.0036178708076476255,-0.04473094310046481
PBMC10k,all,trrust_dorothea_intersection,mutual_information,0.5107615175895712,0.5083673778773072,1.0351851851851852,7.178639999999882e-05,0.021523035179142447,0.54773118175904,0.5672886048857974,1.4946428571428572,0.0012075375,0.0954623635180799,-0.036969664169468786,-0.05892122700849012,-0.45945767195767195,-0.0011357511000000013,-0.07393932833893746
PBMC10k,all,trrust_dorothea_intersection,pearson,0.5261674344057631,0.5206166335287981,1.0574074074074074,0.007403181120753282,0.05233486881152614,0.6240351982993079,0.6259280544385031,1.5446428571428572,0.0258342150598764,0.2480703965986157,-0.09786776389354479,-0.10531142090970502,-0.48723544973544985,-0.01843103393912312,-0.19573552778708958
PBMC10k,all,trrust_dorothea_intersection,spearman,0.5196289256262234,0.5174371275081799,1.0703703703703704,0.004295414686202995,0.03925785125244692,0.6124084010561273,0.6183184302014084,1.5142857142857142,0.0236928015947342,0.2248168021122544,-0.09277947542990383,-0.10088130269322848,-0.4439153439153438,-0.019397386908531204,-0.1855589508598075
PBMC10k,all,trrust_dorothea_union,codetection_odds_ratio,0.5163218199645571,0.5185968882190705,1.0807580174927114,0.031464338302612305,0.03264363992911405,0.5495273962609917,0.5640513491438669,1.3020057306590258,0.1004650890827179,0.0990547925219835,-0.033205576296434614,-0.045454460924796436,-0.22124771316631442,-0.06900075078010559,-0.06641115259286945
PBMC10k,all,trrust_dorothea_union,coexpression_probability,0.5038368475682324,0.5027015046232165,1.02332361516035,0.0007335774600505495,0.007673695136464875,0.5233010807170979,0.5214496820342521,1.1154727793696275,0.0051975641399621,0.0466021614341958,-0.019464233148865473,-0.018748177411035627,-0.09214916420927755,-0.00446398667991155,-0.038928466297730925
PBMC10k,all,trrust_dorothea_union,mutual_information,0.5076652222419068,0.5068270043684419,1.0198250728862974,0.00044147879999999976,0.015330444483813687,0.5379455605509877,0.5444436099271159,1.2922636103151863,0.00152089845,0.0758911211019754,-0.030280338309080945,-0.03761660555867408,-0.2724385374288889,-0.0010794196500000003,-0.06056067661816172
PBMC10k,all,trrust_dorothea_union,pearson,0.5201673245050518,0.5164433090444824,1.030612244897959,0.005056590586900659,0.04033464901010349,0.5778513764054428,0.5777021385282828,1.3361031518624642,0.0152046103961765,0.1557027528108855,-0.05768405190039105,-0.06125882948380035,-0.3054909069645051,-0.010148019809275842,-0.11536810380078201
PBMC10k,all,trrust_dorothea_union,spearman,0.5177456897354336,0.5153900478715883,1.0201166180758017,0.0037948627024888644,0.03549137947086704,0.5769239940603564,0.575959349681423,1.3051575931232091,0.0153686745092272,0.1538479881207128,-0.05917830432492288,-0.060569301809834775,-0.28504097504740744,-0.011573811806738336,-0.11835660864984575
