dataset,condition,edge_set,score_definition,metric,n_repeats,n_positive_mean,n_negative_mean,random_auprc_baseline,auroc_mean,auroc_sd,auprc_mean,auprc_sd,enrichment_at_5pct_mean,enrichment_at_5pct_sd,median_difference_mean,median_difference_sd,cliffs_delta_mean,cliffs_delta_sd,positive_median_mean,negative_median_mean,auroc_ci95_low,auroc_ci95_high,auprc_ci95_low,auprc_ci95_high,enrichment_at_5pct_ci95_low,enrichment_at_5pct_ci95_high,median_difference_ci95_low,median_difference_ci95_high,cliffs_delta_ci95_low,cliffs_delta_ci95_high
GSE178429_IFN_gamma,ctrl_6h,trrust_dorothea_intersection,formal_abs,codetection_odds_ratio,10,405.0,405.0,0.5,0.5601761926535589,0.011425351313727319,0.5655579045528623,0.010685016941043816,1.2926829268292683,0.04740611296622201,0.06729096174240112,0.013630939347094622,0.12035238530711782,0.022850702627454676,1.400678038597107,1.3333870768547058,0.5520029886883497,0.568349396618768,0.5579143038938663,0.5732015052118582,1.2587706365345137,1.326595217124023,0.057539975145836336,0.07704194833896591,0.10400597737669953,0.13669879323753611
GSE178429_IFN_gamma,ctrl_6h,trrust_dorothea_intersection,formal_abs,coexpression_probability,10,405.0,405.0,0.5,0.5168193872885232,0.0033415709604712367,0.5202362564005223,0.003744821178906393,1.048780487804878,0.05268894876754362,0.0009590243920683861,0.00027569950351790263,0.033638774577046116,0.006683141920942438,0.01830863207578659,0.017349607683718203,0.5144289714252195,0.5192098031518269,0.5175573727086341,0.5229151400924105,1.0110890844366345,1.0864718911731217,0.000761800848259159,0.0011562479358776133,0.028857942850438804,0.03841960630365343
GSE178429_IFN_gamma,ctrl_6h,trrust_dorothea_intersection,formal_abs,mutual_information,10,405.0,405.0,0.5,0.5251589696692578,0.006321958616251378,0.5397444238624378,0.004027198462708349,1.248780487804878,0.08965234960709086,0.00022063867654651404,7.76472865681839e-05,0.05031793933851545,0.012643917232502733,0.0020384809467941523,0.0018178422702476381,0.520636512913976,0.5296814264245396,0.5368635396304978,0.5426253080943778,1.1846470603785713,1.3129139152311848,0.00016509315387148527,0.0002761841992215428,0.041273025827951886,0.059362852849079016
GSE178429_IFN_gamma,ctrl_6h,trrust_dorothea_intersection,formal_abs,pearson,10,405.0,405.0,0.5,0.5418576436518824,0.010682572040689382,0.556125084944019,0.006797587702451825,1.3414634146341464,0.04740611296622199,0.002509339153766632,0.0016420000915211893,0.08371528730376468,0.021365144081378646,0.02376898005604744,0.02125964090228081,0.5342157919692394,0.5494994953345254,0.5512623836372519,0.5609877862507862,1.3075511243393918,1.375375704928901,0.0013347230487221937,0.0036839552588110703,0.06843158393847874,0.09899899066905062
GSE178429_IFN_gamma,ctrl_6h,trrust_dorothea_intersection,formal_abs,spearman,10,405.0,405.0,0.5,0.5436646852613931,0.01015304066587017,0.5591275033362311,0.006735019359437663,1.3853658536585365,0.025190135585088837,0.002407536469399929,0.0012218013611275539,0.08732937052278615,0.020306081331740382,0.03176947310566902,0.02936193663626909,0.5364016375046455,0.5509277330181407,0.5543095607257331,0.563945445946729,1.3673459162058617,1.4033857911112113,0.001533512428015081,0.0032815605107847775,0.07280327500929107,0.10185546603628123
GSE178429_IFN_gamma,ifng_6h,trrust_dorothea_intersection,formal_abs,codetection_odds_ratio,10,805.0,805.0,0.5,0.5648180239959878,0.009022406429242935,0.5679781114604853,0.008131685119925451,1.3901234567901235,0.06053720345163222,0.09388188123703003,0.014572622317713214,0.12963604799197564,0.01804481285848586,1.4588814973831177,1.3649996161460876,0.558363783248518,0.5712722647434576,0.5621610543529149,0.5737951685680557,1.3468177502339425,1.4334291633463045,0.08345725522421531,0.10430650724984476,0.11672756649703601,0.1425445294869153
GSE178429_IFN_gamma,ifng_6h,trrust_dorothea_intersection,formal_abs,coexpression_probability,10,805.0,805.0,0.5,0.5169278963002971,0.002886441944343797,0.5135622517280439,0.0016141321835339566,1.037037037037037,0.016460905349794237,0.003102191537618637,0.0009808105004263548,0.033855792600594084,0.005772883888687614,0.04105839505791664,0.03795620352029801,0.5148630601217796,0.5189927324788146,0.5124075711234326,0.5147169323326553,1.02526161471683,1.0488124593572439,0.0024005619727078455,0.0038038211025294283,0.02972612024355906,0.03798546495762911
GSE178429_IFN_gamma,ifng_6h,trrust_dorothea_intersection,formal_abs,mutual_information,10,805.0,805.0,0.5,0.5251995679179043,0.0014481969900515912,0.5276504632984877,0.0037072179130308654,1.1925925925925926,0.058256258005551904,0.0004680451937019825,6.358951382324216e-05,0.050399135835808816,0.0028963939801031607,0.004337530583143234,0.0038694853894412516,0.5241635901998912,0.5262355456359175,0.5249984793625301,0.5303024472344454,1.1509185761133662,1.234266609071819,0.00042255599584235966,0.0005135343915616054,0.048327180399782566,0.052471091271835066
GSE178429_IFN_gamma,ifng_6h,trrust_dorothea_intersection,formal_abs,pearson,10,805.0,805.0,0.5,0.5540633463215154,0.0051501839571188104,0.5463570844103952,0.004016631229227905,1.1530864197530863,0.05708161608032819,0.0065384600311517715,0.0011361388725354216,0.10812669264303074,0.01030036791423757,0.03953196108341217,0.0329935010522604,0.5503791266608643,0.5577475659821666,0.5434837595219023,0.5492304092988881,1.1122526914870903,1.1939201480190824,0.005725715242562389,0.007351204819741154,0.1007582533217286,0.11549513196433288
GSE178429_IFN_gamma,ifng_6h,trrust_dorothea_intersection,formal_abs,spearman,10,805.0,805.0,0.5,0.5511801242236025,0.004746400072213151,0.5514980591193168,0.004745566096937008,1.2765432098765432,0.05340289118521266,0.0070503436028957365,0.0011342246261573964,0.102360248447205,0.009492800144426288,0.05196712166070938,0.04491677805781365,0.547784754153531,0.554575494293674,0.5481032856392185,0.5548928325994151,1.2383410828693677,1.3147453368837188,0.006238968183672569,0.007861719022118904,0.09556950830706208,0.10915098858734791
Kang_IFN_beta,ctrl,trrust_dorothea_intersection,formal_abs,codetection_odds_ratio,10,301.0,301.0,0.5,0.5870200108166577,0.014660484687326638,0.5741951492198065,0.014350122692968861,1.1419354838709677,0.10986700881242834,0.09215699434280396,0.01957477782884356,0.1740400216333153,0.029320969374653297,1.2872028350830078,1.1950458407402038,0.5765325318509666,0.5975074897823487,0.5639296898501245,0.5844606085894886,1.063341360380645,1.2205296073612903,0.07815404184045342,0.1061599468451545,0.1530650637019332,0.1950149795646974
Kang_IFN_beta,ctrl,trrust_dorothea_intersection,formal_abs,coexpression_probability,10,301.0,301.0,0.5,0.5272910895023234,0.0058977655884910095,0.5250125062559875,0.005358491875951254,1.0064516129032257,0.08709013647878101,0.0015882719308137894,0.0004840095966682565,0.05458217900464677,0.011795531176981938,0.02199144847691059,0.020403176546096802,0.5230720821589069,0.5315100968457399,0.521179272087035,0.52884574042494,0.9441510823327777,1.0687521434736738,0.001242032323289833,0.0019345115383377458,0.046144164317813874,0.06302019369147967
Kang_IFN_beta,ctrl,trrust_dorothea_intersection,formal_abs,mutual_information,10,301.0,301.0,0.5,0.516724980960475,0.008015458334927818,0.5163394466049709,0.006207224385924735,0.9483870967741936,0.04354506823939052,0.0002973241964355111,0.00017835762082587798,0.03344996192095011,0.016030916669855656,0.0018284216057509184,0.0015310974093154072,0.5109910674862093,0.5224588944347408,0.5118990657737024,0.5207798274362394,0.9172368314889696,0.9795373620594177,0.000169734840648449,0.0004249135522225732,0.021982134972418653,0.04491778886948156
Kang_IFN_beta,ctrl,trrust_dorothea_intersection,formal_abs,pearson,10,301.0,301.0,0.5,0.5331210472290593,0.009744846314912039,0.5339008185647316,0.007816052081045051,1.096774193548387,0.06800597118641678,0.004360530897974968,0.001364917552475336,0.06624209445811853,0.019489692629824053,0.029584158211946487,0.02522362731397152,0.5261500041202405,0.5400920903378781,0.528309551731271,0.5394920853981922,1.0481256524141722,1.1454227346826018,0.003384127700755854,0.005336934095194082,0.05230000824048095,0.08018418067575611
Kang_IFN_beta,ctrl,trrust_dorothea_intersection,formal_abs,spearman,10,301.0,301.0,0.5,0.5336563614088145,0.01115697393327153,0.5360999266539355,0.008506209533982194,1.1032258064516127,0.07723993546695905,0.005137655884027481,0.0019144308514383683,0.06731272281762894,0.022313947866542966,0.03142029047012329,0.02628263458609581,0.5256751430561158,0.541637579761513,0.5300149509203217,0.5421849023875492,1.0479716851999925,1.158479927703233,0.0037681545534823816,0.006507157214572581,0.05135028611223177,0.08327515952302611
Kang_IFN_beta,stim,trrust_dorothea_intersection,formal_abs,codetection_odds_ratio,10,294.0,294.0,0.5,0.5835143921514183,0.006425024798850335,0.5765419873160849,0.004683271870029652,1.2666666666666666,0.09428090415820631,0.10433799624443055,0.01608618075202325,0.16702878430283674,0.012850049597700667,1.3645514249801636,1.260213428735733,0.5789182062906442,0.5881105780121925,0.5731917764414057,0.579892198190764,1.1992221707776411,1.334111162555692,0.09283063575306938,0.11584535673579172,0.1578364125812885,0.17622115602438498
Kang_IFN_beta,stim,trrust_dorothea_intersection,formal_abs,coexpression_probability,10,294.0,294.0,0.5,0.5191118284048313,0.004121813879794742,0.5187176840794696,0.00313124581429069,1.0666666666666667,0.0,0.0012884176336228847,0.0006213411961828489,0.038223656809662644,0.008243627759589523,0.030667024664580822,0.02937860703095794,0.5161632603808689,0.5220603964287936,0.5164777257619817,0.5209576423969575,1.0666666666666667,1.0666666666666667,0.0008439369179806518,0.0017328983492651176,0.03232652076173795,0.04412079285758734
Kang_IFN_beta,stim,trrust_dorothea_intersection,formal_abs,mutual_information,10,294.0,294.0,0.5,0.5129483085751307,0.005943122283932694,0.5071061524630073,0.0019738210052730894,1.04,0.034426518632954844,0.0002451843582093716,0.0002703714407127681,0.02589661715026148,0.01188624456786548,0.003942709416151047,0.003697525057941675,0.5086968550063988,0.5171997621438627,0.5056941659757709,0.5085181389502437,1.015372752148011,1.0646272478519891,5.177228092314651e-05,0.00043859643549559664,0.017393710012797665,0.034399524287725296
Kang_IFN_beta,stim,trrust_dorothea_intersection,formal_abs,pearson,10,294.0,294.0,0.5,0.5280091628488129,0.01081591083422977,0.5331109828989777,0.005394660319081077,1.1333333333333333,0.0,0.003958616685122251,0.0012864557569518356,0.05601832569762597,0.021631821668459495,0.02796993777155876,0.02401132108643651,0.5202719263393795,0.5357463993582464,0.5292518753844547,0.5369700904135007,1.1333333333333333,1.1333333333333333,0.003038341675184312,0.004878891695060191,0.04054385267875898,0.07149279871649297
Kang_IFN_beta,stim,trrust_dorothea_intersection,formal_abs,spearman,10,294.0,294.0,0.5,0.53295039104077,0.008643495326452501,0.5291915089244237,0.003792798336035307,1.1199999999999999,0.028109134757052266,0.004278250876814127,0.00117542745047886,0.06590078208154011,0.01728699065290503,0.03236093185842037,0.028082680981606246,0.5267672069674234,0.5391335751141166,0.5264783044418554,0.531904713406992,1.099891936331191,1.1401080636688088,0.0034374007326678497,0.005119101020960405,0.05353441393484693,0.07826715022823329
PBMC10k,all,dorothea_ab,formal_abs,codetection_odds_ratio,10,5283.0,5283.0,0.5,0.5178779902851618,0.00275562507467519,0.5180667054011145,0.002254629840207848,1.0820415879017014,0.01660458131518649,0.03173196315765381,0.006003392257415375,0.03575598057032352,0.005511250149350356,1.6113693714141846,1.5796374082565308,0.5159067348577768,0.5198492457125468,0.5164538403745551,0.519679570427674,1.0701633859874315,1.0939197898159712,0.027437395047169518,0.036026531268138096,0.03181346971555359,0.03969849142509344
PBMC10k,all,dorothea_ab,formal_abs,coexpression_probability,10,5283.0,5283.0,0.5,0.5040511013777133,0.0008694193071390731,0.5027093814844961,0.0005008316809869578,1.008695652173913,0.009729179113103337,0.0008336089551448947,0.00039881779422561376,0.008102202755426568,0.0017388386142781066,0.0791930630803108,0.0783594541251659,0.5034291562721828,0.5046730464832437,0.5023511080827822,0.50306765488621,1.001735816706105,1.015655487641721,0.0005483118918288301,0.0011189060184609593,0.006858312544365724,0.009346092966487413
PBMC10k,all,dorothea_ab,formal_abs,mutual_information,10,5283.0,5283.0,0.5,0.5088429975984671,0.001444214804470325,0.5055879793967556,0.001013194256202845,1.0102079395085066,0.015414124613908724,0.0005298566999999997,0.00019447224061378116,0.017685995196933924,0.002888429608940599,0.016696125,0.0161662683,0.5078098685644102,0.5098761266325239,0.5048631838885094,0.5063127749050018,0.9991813390167334,1.0212345400002798,0.00039073963966086104,0.0006689737603391383,0.01561973712882038,0.019752253265047467
PBMC10k,all,dorothea_ab,formal_abs,pearson,10,5283.0,5283.0,0.5,0.5206597209346054,0.0027975078895016584,0.5141210633854695,0.0018009649277005032,1.0207939508506616,0.010543919679068403,0.0058260232210159794,0.0007661912970107575,0.04131944186921084,0.005595015779003327,0.0512348972260952,0.04540887400507922,0.5186585043463936,0.5226609375228173,0.5128327306870606,0.5154093960838784,1.013251285092431,1.0283366166088923,0.005277922985418576,0.006374123456613383,0.0373170086927872,0.04532187504563448
PBMC10k,all,dorothea_ab,formal_abs,spearman,10,5283.0,5283.0,0.5,0.5194717867076669,0.0027964787121386742,0.513843269594851,0.0016657479008393354,1.0109640831758033,0.00801020722473627,0.00505286492407327,0.0009621615158746153,0.03894357341533379,0.00559295742427735,0.0687224417924881,0.06366957686841482,0.5174713063485892,0.5214722670667447,0.5126516653304096,0.5150348738592925,1.0052339261194772,1.0166942402321295,0.0043645760390505686,0.005741153809095971,0.03494261269717828,0.0429445341334893
PBMC10k,all,trrust,formal_abs,codetection_odds_ratio,10,2651.0,2651.0,0.5,0.5098983949602444,0.004850295563947885,0.5200564325589359,0.0030853415916018566,1.1278195488721805,0.02324215161778371,0.025043022632599055,0.01512492068294302,0.019796789920488632,0.009700591127895801,1.648478507995606,1.6234354853630066,0.5064287025326631,0.5133680873878256,0.5178493121441607,0.522263552973711,1.1111931152032022,1.1444459825411588,0.014223306170070872,0.03586273909512724,0.012857405065326118,0.026736174775651145
PBMC10k,all,trrust,formal_abs,coexpression_probability,10,2651.0,2651.0,0.5,0.5020135103427089,0.0011394201957953534,0.5022201381411256,0.0007296143106047951,1.0045112781954888,0.015930073766486984,-0.0005918644368648654,0.0004771771602209553,0.004027020685417803,0.0022788403915906847,0.0725241750478744,0.07311603948473926,0.5011984182368648,0.502828602448553,0.5016982035053527,0.5027420727768986,0.9931155899142984,1.015906966476679,-0.0009332164137917627,-0.00025051245993796796,0.002396836473729743,0.005657204897105863
PBMC10k,all,trrust,formal_abs,mutual_information,10,2651.0,2651.0,0.5,0.5055437326697213,0.0018097981589706514,0.5085463941838262,0.0015926667661093309,1.0518796992481203,0.027097820392532293,5.232999999993382e-07,0.00022029433083329425,0.011087465339442581,0.003619596317941371,0.014402633500000001,0.014402110200000002,0.5042490810583214,0.5068383842811212,0.5074070690138087,0.5096857193538437,1.0324950862940598,1.0712643122021808,-0.00015706577090379839,0.00015811237090379706,0.00849816211664272,0.013676768562242442
PBMC10k,all,trrust,formal_abs,pearson,10,2651.0,2651.0,0.5,0.5219777210538545,0.0025013929172448524,0.5224477738132983,0.002080882291580923,1.0714285714285716,0.019169246291702104,0.0039643883705139495,0.0007649622648853353,0.043955442107709096,0.005002785834489704,0.0411289595067501,0.037164571136236155,0.5201883323560026,0.5237671097517065,0.5209592002955415,0.5239363473310551,1.0577157187118968,1.0851414241452464,0.003417167331535104,0.004511609409492795,0.040376664712005184,0.04753421950341301
PBMC10k,all,trrust,formal_abs,spearman,10,2651.0,2651.0,0.5,0.5146321729940845,0.003041493345174042,0.5184343001159639,0.0022570379138131358,1.0390977443609022,0.02671260670571266,0.002878802269697161,0.0009168976459151852,0.02926434598816898,0.0060829866903480264,0.0596461929380893,0.056767390668392134,0.5124564197252054,0.5168079262629636,0.516819712457321,0.5200488877746069,1.0199886966779756,1.0582067920438287,0.002222893206640077,0.003534711332754245,0.02491283945041094,0.033615852525927026
PBMC10k,all,trrust_dorothea_intersection,formal_abs,codetection_odds_ratio,10,1079.0,1079.0,0.5,0.5185263188635343,0.006707605768807471,0.5259474056130049,0.0051176217115565135,1.1685185185185185,0.030802407283641132,0.030449962615967018,0.021472511736765246,0.03705263772706853,0.013415211537614892,1.75690507888794,1.7264551162719726,0.5137279867544106,0.523324650972658,0.5222864795795902,0.5296083316464196,1.146483803748202,1.1905532332888351,0.015089453056924338,0.0458104721750097,0.02745597350882109,0.04664930194531597
PBMC10k,all,trrust_dorothea_intersection,formal_abs,coexpression_probability,10,1079.0,1079.0,0.5,0.5030362270354678,0.001977355625279418,0.5032596027899938,0.0009999732439732918,1.0203703703703704,0.005856069741052464,-0.0010253421962261255,0.0008101723536953752,0.006072454070935485,0.003954711250558832,0.0799433141946792,0.08096865639090534,0.5016217120334,0.5044507420375356,0.5025442650241497,0.5039749405558379,1.0161811904393685,1.0245595503013722,-0.001604904584453962,-0.0004457798079982888,0.003243424066799891,0.008901484075071079
PBMC10k,all,trrust_dorothea_intersection,formal_abs,mutual_information,10,1079.0,1079.0,0.5,0.5107615175895712,0.0031679413820300474,0.5083673778773072,0.002623672795914725,1.0351851851851852,0.026835882863313742,7.178639999999882e-05,0.0002292169536803267,0.021523035179142447,0.0063358827640600714,0.0167398,0.0166680136,0.5084953088442831,0.5130277263348594,0.5064905154237898,0.5102442403308247,1.0159879510515795,1.054382419318791,-9.218553077663374e-05,0.00023575833077663137,0.016990617688566204,0.02605545266971869
PBMC10k,all,trrust_dorothea_intersection,formal_abs,pearson,10,1079.0,1079.0,0.5,0.5261674344057631,0.005362875690137707,0.5206166335287981,0.0030068997370442966,1.0574074074074074,0.00585606974105259,0.007403181120753282,0.0018054622750167135,0.05233486881152614,0.010725751380275388,0.05684976279735561,0.04944658167660232,0.5223310642450579,0.5300038045664682,0.5184656270363964,0.5227676400211997,1.0532182274764055,1.0615965873384092,0.006111631213883234,0.008694731027623331,0.044662128490115804,0.06000760913293647
PBMC10k,all,trrust_dorothea_intersection,formal_abs,spearman,10,1079.0,1079.0,0.5,0.5196289256262234,0.004940937398627129,0.5174371275081799,0.003400733221092578,1.0703703703703704,0.03123237195228024,0.004295414686202995,0.0015532363954320772,0.03925785125244692,0.009881874797254293,0.074044220149517,0.06974880546331401,0.5160943919362362,0.5231634593162107,0.5150043895131691,0.5198698655031908,1.0480280774050272,1.0927126633357136,0.003184296304153778,0.005406533068252211,0.032188783872472385,0.04632691863242146
PBMC10k,all,trrust_dorothea_union,formal_abs,codetection_odds_ratio,10,6855.0,6855.0,0.5,0.5163218199645571,0.0020356380429998582,0.5185968882190705,0.001686882568277442,1.0807580174927114,0.009121632676584916,0.031464338302612305,0.005988889074757996,0.03264363992911405,0.004071276085999554,1.605852484703064,1.5743881464004517,0.5148656122324773,0.5177780276966368,0.5173901651243222,0.5198036113138187,1.0742327945639538,1.087283240421469,0.027180145144000262,0.03574853146122435,0.029731224464954714,0.03555605539327339
PBMC10k,all,trrust_dorothea_union,formal_abs,coexpression_probability,10,6855.0,6855.0,0.5,0.5038368475682324,0.00044956390752660393,0.5027015046232165,0.00024375905492285516,1.02332361516035,0.0043460990816322435,0.0007335774600505495,0.00031876326040552517,0.007673695136464875,0.0008991278150530813,0.0761087015271186,0.07537512406706806,0.5035152489223162,0.5041584462141486,0.502527129899889,0.502875879346544,1.02021460316835,1.0264326271523498,0.000505547960355499,0.0009616069597456001,0.007030497844632606,0.008316892428297144
PBMC10k,all,trrust_dorothea_union,formal_abs,mutual_information,10,6855.0,6855.0,0.5,0.5076652222419068,0.0008507742724072181,0.5068270043684419,0.001016764560798761,1.0198250728862974,0.018632553486813426,0.00044147879999999976,0.00010414437563311353,0.015330444483813687,0.001701548544814574,0.015693314,0.0152518352,0.5070566149907335,0.5082738294930801,0.5060996548181467,0.507554353918737,1.0064961470739748,1.03315399869862,0.0003669784016747332,0.0005159791983252663,0.014113229981467032,0.016547658986160344
PBMC10k,all,trrust_dorothea_union,formal_abs,pearson,10,6855.0,6855.0,0.5,0.5201673245050518,0.0010839237715683768,0.5164433090444824,0.0007570569618481677,1.030612244897959,0.01592416871542655,0.005056590586900659,0.0003511985720782741,0.04033464901010349,0.0021678475431368104,0.0459042936563491,0.04084770306944844,0.5193919321495342,0.5209427168605694,0.5159017431186249,0.51698487497034,1.019220780835825,1.0420037089600933,0.004805358263003783,0.005307822910797535,0.03878386429906825,0.041885433721138725
PBMC10k,all,trrust_dorothea_union,formal_abs,spearman,10,6855.0,6855.0,0.5,0.5177456897354336,0.0012927494514453452,0.5153900478715883,0.0008505687160647273,1.0201166180758017,0.013070852344874548,0.0037948627024888644,0.000335937442185373,0.03549137947086704,0.0025854989028907625,0.0633564591407775,0.05956159643828864,0.5168209124876757,0.5186704669831914,0.5147815876665641,0.5159985080766124,1.0107662935842092,1.0294669425673941,0.0035545475332535146,0.004035177871724214,0.033641824975351335,0.03734093396638275
