context_level,context_label,metric,analysis_units,mean_auprc,ci95_auprc,mean_auroc,ci95_auroc,units_auprc_above_0_5,mean_cliffs_delta,median_matched_positives
Adult cell types,AT2 cell,codetection_odds_ratio,4,0.591955626412579,0.029543711979453647,0.5713391075159471,0.025931281867867844,4,0.1426782150318942,437.5
Adult cell types,AT2 cell,coexpression_probability,4,0.5125386503617269,0.006332832189158645,0.5164756282005668,0.007680602762162878,4,0.03295125640113353,437.5
Adult cell types,AT2 cell,mutual_information,4,0.5670602852483851,0.028311717995506677,0.5571331295968016,0.02366088104417786,4,0.11426625919360306,437.5
Adult cell types,AT2 cell,pearson,4,0.5882239142426016,0.036177367891042166,0.5744839032762568,0.030160209323004505,4,0.14896780655251346,437.5
Adult cell types,AT2 cell,spearman,4,0.5751140164113389,0.02894908192371926,0.5620265017433655,0.027610673158470527,4,0.1240530034867309,437.5
Adult cell types,Endothelial cell,codetection_odds_ratio,4,0.5507163476081902,0.012947498292789055,0.5468351256418027,0.006074209736570431,4,0.09367025128360533,657.5
Adult cell types,Endothelial cell,coexpression_probability,4,0.5067801103405134,0.00388669997823491,0.5053300581892518,0.003782153389097592,4,0.01066011637850355,657.5
Adult cell types,Endothelial cell,mutual_information,4,0.535176239069961,0.011709170812869138,0.5313965663124935,0.006665801132301104,4,0.06279313262498698,657.5
Adult cell types,Endothelial cell,pearson,4,0.5373086517138941,0.010047502820901283,0.5311747427731884,0.0056248304674766094,4,0.06234948554637688,657.5
Adult cell types,Endothelial cell,spearman,4,0.5388161861687121,0.01262882391070539,0.5373995075687608,0.005646106362379305,4,0.07479901513752152,657.5
Adult cell types,Enterocyte,codetection_odds_ratio,4,0.5625117246389524,0.02647151155390778,0.5467904534720627,0.03915178795900749,4,0.09358090694412527,161.0
Adult cell types,Enterocyte,coexpression_probability,4,0.5193330245092288,0.011552772567829111,0.516328443118466,0.007154585382084616,4,0.03265688623693212,161.0
Adult cell types,Enterocyte,mutual_information,4,0.5431210208181317,0.030182321894299497,0.5313520244458385,0.027627754234147962,4,0.06270404889167693,161.0
Adult cell types,Enterocyte,pearson,4,0.5496549856103049,0.03189468092746794,0.5290562758547317,0.03189631037898431,4,0.05811255170946337,161.0
Adult cell types,Enterocyte,spearman,4,0.5472362483448768,0.028085602922925116,0.5328088653354952,0.027775887150553416,4,0.06561773067099043,161.0
Adult cell types,Epithelial cell,codetection_odds_ratio,4,0.5171888521388526,0.016581955048586023,0.528132349661603,0.013341699252254948,3,0.056264699323206026,393.0
Adult cell types,Epithelial cell,coexpression_probability,4,0.5133552274444361,0.00517100596514806,0.5090283426699092,0.003351808992804961,4,0.0180566853398182,393.0
Adult cell types,Epithelial cell,mutual_information,4,0.514998156059608,0.010748646343061333,0.5013824554394886,0.005952377657867269,4,0.0027649108789769995,393.0
Adult cell types,Epithelial cell,pearson,4,0.532316833853069,0.01771567958199332,0.5203920603268184,0.015298954806923422,4,0.040784120653636596,393.0
Adult cell types,Epithelial cell,spearman,4,0.5162742261391264,0.011981505054659943,0.5018764119027637,0.010540298186155636,4,0.0037528238055272753,393.0
Adult cell types,Fibroblast,codetection_odds_ratio,4,0.5864737472408128,0.008986726418940008,0.59954021163241,0.01963385724708853,4,0.19908042326481987,449.5
Adult cell types,Fibroblast,coexpression_probability,4,0.5182485408986505,0.005153217453321988,0.5167792710064727,0.0010589835707985051,4,0.033558542012945274,449.5
Adult cell types,Fibroblast,mutual_information,4,0.5773573395987359,0.010581056369657992,0.5811206232552195,0.0182903063910828,4,0.16224124651043909,449.5
Adult cell types,Fibroblast,pearson,4,0.5835950877959799,0.012503358194225012,0.5870022481815765,0.02249878589364493,4,0.174004496363153,449.5
Adult cell types,Fibroblast,spearman,4,0.5815127694480029,0.010318093147545622,0.5869060260413095,0.01714403019508635,4,0.17381205208261896,449.5
Adult cell types,Loop of Henle,codetection_odds_ratio,4,0.5792749516732378,0.003010623635263802,0.5856673377085374,0.006200509188550486,4,0.17133467541707476,446.5
Adult cell types,Loop of Henle,coexpression_probability,4,0.5170242983284206,0.003041540799756567,0.516367861245828,0.002782546399882075,4,0.03273572249165595,446.5
Adult cell types,Loop of Henle,mutual_information,4,0.5592412368150598,0.005918971451688659,0.5629906143824529,0.011432816703582788,4,0.1259812287649058,446.5
Adult cell types,Loop of Henle,pearson,4,0.5618869824554504,0.0053067438501300185,0.5591452538266821,0.008605868445850345,4,0.1182905076533642,446.5
Adult cell types,Loop of Henle,spearman,4,0.5664559964588589,0.006811303705690253,0.5704739335029074,0.007140064731180197,4,0.140947867005815,446.5
Adult cell types,Smooth muscle cell,codetection_odds_ratio,4,0.5437622042413631,0.008708506414559834,0.5682818168933498,0.015135908558234505,4,0.13656363378669958,492.5
Adult cell types,Smooth muscle cell,coexpression_probability,4,0.5191325602048535,0.002783268853887018,0.5280206416257218,0.0019918018526261998,4,0.05604128325144353,492.5
Adult cell types,Smooth muscle cell,mutual_information,4,0.5129676884095717,0.005197609028098958,0.5109996934771892,0.017395518614635404,4,0.021999386954378475,492.5
Adult cell types,Smooth muscle cell,pearson,4,0.5208089940583935,0.005332572619557189,0.5225153698354768,0.017664777137496195,4,0.045030739670953474,492.5
Adult cell types,Smooth muscle cell,spearman,4,0.519039645902568,0.005866435721742376,0.5181520987190799,0.01934644043196316,4,0.036304197438159776,492.5
Tissue contexts,"Adult
colon",codetection_odds_ratio,4,0.5144033778082551,0.007398519668384575,0.44843890257848484,0.0073034665733788815,4,-0.10312219484303023,108.0
Tissue contexts,"Adult
colon",coexpression_probability,4,0.5029654443362455,0.0016151013642665315,0.4793793645947389,0.007350765455113046,4,-0.04124127081052205,108.0
Tissue contexts,"Adult
colon",mutual_information,4,0.5034873034855704,0.01574733083589703,0.4615004705663547,0.012306075694931128,2,-0.07699905886729055,108.0
Tissue contexts,"Adult
colon",pearson,4,0.49997447595294053,0.015314161527278143,0.4511010494287344,0.011090299446678904,2,-0.09779790114253108,108.0
Tissue contexts,"Adult
colon",spearman,4,0.5106378407100517,0.018247008801318767,0.46362385547016793,0.014175804791026612,2,-0.07275228905966392,108.0
Tissue contexts,"Adult
kidney",codetection_odds_ratio,4,0.5963960339396994,0.008380818119300262,0.6103969509999517,0.008039174678448356,4,0.22079390199990337,606.0
Tissue contexts,"Adult
kidney",coexpression_probability,4,0.5203454151151576,0.0034678865753167898,0.5265411265045234,0.0014427072490516037,4,0.0530822530090468,606.0
Tissue contexts,"Adult
kidney",mutual_information,4,0.5719438525018332,0.005520519356413726,0.5828491044587636,0.009106556616079847,4,0.165698208917527,606.0
Tissue contexts,"Adult
kidney",pearson,4,0.5731696493978465,0.0060805538335634395,0.5863950260600472,0.013387396549219381,4,0.17279005212009446,606.0
Tissue contexts,"Adult
kidney",spearman,4,0.5774531325746967,0.005417984196377756,0.5878741752590227,0.009636621903149534,4,0.1757483505180456,606.0
Tissue contexts,"Adult
liver",codetection_odds_ratio,4,0.5853719014602172,0.014938315682195056,0.578295768971868,0.02170244499992324,4,0.15659153794373581,190.0
Tissue contexts,"Adult
liver",coexpression_probability,4,0.5191975468074486,0.0033786926205193967,0.5160316122767991,0.0033944171410811345,4,0.032063224553598,190.0
Tissue contexts,"Adult
liver",mutual_information,4,0.5642289977943015,0.01077452109089154,0.5596706917861689,0.02430845285431336,4,0.11934138357233776,190.0
Tissue contexts,"Adult
liver",pearson,4,0.5647510971818255,0.008001067171308811,0.5579798765571274,0.01882266015438257,4,0.11595975311425497,190.0
Tissue contexts,"Adult
liver",spearman,4,0.5707277668101994,0.012956701494275615,0.5697881429222479,0.029549152123481862,4,0.13957628584449577,190.0
Tissue contexts,"Adult
lung",codetection_odds_ratio,4,0.5796516994529003,0.03450107443103655,0.5875076553065035,0.03721617897085805,4,0.1750153106130069,607.0
Tissue contexts,"Adult
lung",coexpression_probability,4,0.523558420476053,0.007663627085912931,0.5433462079245313,0.01653839907756672,4,0.08669241584906236,607.0
Tissue contexts,"Adult
lung",mutual_information,4,0.5425141545722107,0.018870794423439696,0.5301711262917674,0.0198850315483402,4,0.06034225258353472,607.0
Tissue contexts,"Adult
lung",pearson,4,0.5496293416147263,0.02201867764173763,0.5394108163494632,0.020800808146991794,4,0.07882163269892631,607.0
Tissue contexts,"Adult
lung",spearman,4,0.5469706144251676,0.020656605856312696,0.5297369307394745,0.019923586916377658,4,0.0594738614789489,607.0
Tissue contexts,"GSE178429
IFN-gamma
PBMC",codetection_odds_ratio,2,0.5667680080066737,0.0023718027694705525,0.5624971083247734,0.004548994715580325,2,0.12499421664954669,605.0
Tissue contexts,"GSE178429
IFN-gamma
PBMC",coexpression_probability,2,0.5168992540642832,0.0065405245790287935,0.5168736417944102,0.00010633883153847056,2,0.03374728358882005,605.0
Tissue contexts,"GSE178429
IFN-gamma
PBMC",mutual_information,2,0.5336974435804628,0.011852081352671068,0.525179268793581,3.9786283673619576e-05,2,0.050358537587162105,605.0
Tissue contexts,"GSE178429
IFN-gamma
PBMC",pearson,2,0.5512410846772071,0.009572640522951334,0.547960494986699,0.011961588616240394,2,0.09592098997339765,605.0
Tissue contexts,"GSE178429
IFN-gamma
PBMC",spearman,2,0.5553127812277739,0.007476855332575965,0.5474224047424978,0.007365130182965219,2,0.09484480948499555,605.0
Tissue contexts,"Kang
IFN-beta
PBMC",codetection_odds_ratio,2,0.5753685682679457,0.0022999013343527695,0.585267201484038,0.0034355062919345643,2,0.170534402968076,297.5
Tissue contexts,"Kang
IFN-beta
PBMC",coexpression_probability,2,0.5218650951677286,0.006168925732987531,0.5232014589535774,0.008015675875542276,2,0.04640291790715465,297.5
Tissue contexts,"Kang
IFN-beta
PBMC",mutual_information,2,0.511722799533989,0.009048628259124338,0.5148366447678029,0.003701138937637407,2,0.029673289535605753,297.5
Tissue contexts,"Kang
IFN-beta
PBMC",pearson,2,0.5335059007318547,0.0007740389524387802,0.5305651050389362,0.005009646692641418,2,0.0611302100778722,297.5
Tissue contexts,"Kang
IFN-beta
PBMC",spearman,2,0.5326457177891796,0.0067702493749215486,0.5333033762247923,0.0006918509606835399,2,0.0666067524495845,297.5
Tissue contexts,"NYGC
PBMC",codetection_odds_ratio,4,0.5168342191855797,0.0040999744207875465,0.5151446121572762,0.0073751498344879615,4,0.030289224314552297,3804.5
Tissue contexts,"NYGC
PBMC",coexpression_probability,4,0.502270488757785,0.0006493256397814582,0.5039423580512419,0.0015756669293289288,4,0.0078847161024838,3804.5
Tissue contexts,"NYGC
PBMC",mutual_information,4,0.5077420248226712,0.0019708107399046618,0.508532694224072,0.0024389803701279095,4,0.017065388448143974,3804.5
Tissue contexts,"NYGC
PBMC",pearson,4,0.5246030904045701,0.00512709882142128,0.5313662458295212,0.0061798666377264125,4,0.06273249165904247,3804.5
Tissue contexts,"NYGC
PBMC",spearman,4,0.5198489474924612,0.0031735175035121376,0.5247986707399593,0.003957879823467745,4,0.04959734147991855,3804.5
Tissue contexts,PBMC10k,codetection_odds_ratio,4,0.5206668579480315,0.0035471113534964096,0.5156561310183744,0.003869420230090148,4,0.03131226203674865,3967.0
Tissue contexts,PBMC10k,coexpression_probability,4,0.5027226567597081,0.0004163403436451813,0.5032344215810306,0.0009052477881457176,4,0.006468843162061125,3967.0
Tissue contexts,PBMC10k,mutual_information,4,0.5073321889565827,0.0013677220346272434,0.5082033675249166,0.002140839574223166,4,0.0164067350498331,3967.0
Tissue contexts,PBMC10k,pearson,4,0.518407194943012,0.0037289683814107754,0.5222430502248188,0.0026710924101377956,4,0.04448610044963733,3967.0
Tissue contexts,PBMC10k,spearman,4,0.5162761862726458,0.002017115595456482,0.5178696437658521,0.0022743965518832628,4,0.03573928753170413,3967.0
