tf,target,mode,weight,confidence,tf_detection_rate,target_detection_rate,tf_mean_counts,target_mean_counts,target_z_mean_counts,target_z_detection_rate,edge_id_original
AHR,MYC,Activation,1.0,A,0.0573288724116103,0.1900714350302917,0.062573396,0.40753916,0.6234821430486673,2.3766956239501154,0
ATF1,BCL2,Activation,1.0,A,0.0982909847183287,0.0994664978750337,0.106340036,0.11927093,0.1300773572915886,1.1276462248547732,1
ATF1,LDHA,Activation,1.0,A,0.0982909847183287,0.647979021611356,0.106340036,1.7008196,2.8370828524366574,8.689256658899028,2
ATF1,MAP1LC3B,Activation,1.0,A,0.0982909847183287,0.3097929288362414,0.106340036,0.40509352,0.6192961441953113,4.027136147305637,3
ATF1,SLC20A1,Activation,1.0,A,0.0982909847183287,0.0610362600596797,0.106340036,0.06483408,0.03690232266657903,0.5978598030827962,4
ATF2,CDKN1A,Activation,1.0,A,0.057238448322633,0.0531693643186543,0.060131945,0.05931813,0.02746112920590263,0.4894094061553563,5
ATF2,DUSP1,Activation,1.0,A,0.057238448322633,0.0708020616692285,0.060131945,0.08102051,0.06460729045412174,0.7324878820272048,6
ATF2,IMPDH2,Activation,1.0,A,0.057238448322633,0.2188262953250741,0.060131945,0.29414862,0.42940097393898263,2.7731005230642047,7
ATF2,JUN,Activation,1.0,A,0.057238448322633,0.212225336829731,0.060131945,0.31331745,0.46221066808864275,2.6821019141480775,8
ATF2,PCK2,Activation,1.0,A,0.057238448322633,0.0518130029839948,0.060131945,0.056334138,0.02235367794961665,0.4707110618575225,9
ATF4,CEBPB,Activation,1.0,A,0.3417126322452294,0.3232661180938596,0.55799824,0.4915372,0.767254611246826,4.212873033997459,10
ATF4,DDIT3,Activation,1.0,A,0.3417126322452294,0.0709829098471831,0.55799824,0.07532365,0.054856448372814094,0.7349809946002492,11
ATF4,DDIT4,Activation,1.0,A,0.3417126322452294,0.3124152274165832,0.55799824,0.669762,1.0723071980705567,4.0632862796147835,12
ATF4,MCL1,Activation,1.0,A,0.3417126322452294,0.3135907405732881,0.55799824,0.41323143,0.6332251288082198,4.079491511339573,13
ATF6,ATP2A2,Activation,1.0,A,0.0690840039786597,0.0554299665430869,0.07261086,0.06004152,0.02869929578419263,0.5205733133184138,14
ATF6,DDIT3,Activation,1.0,A,0.0690840039786597,0.0709829098471831,0.07261086,0.07532365,0.054856448372814094,0.7349809946002492,15
ATF6,DNAJC3,Activation,1.0,A,0.0690840039786597,0.12876390270368,0.07261086,0.1529985,0.18780603745158014,1.5315304616879974,16
ATF6,HSPA5,Activation,1.0,A,0.0690840039786597,0.2642191879916805,0.07261086,0.44099292,0.6807421653742934,3.398871778898399,17
ATF6,RTN3,Activation,1.0,A,0.0690840039786597,0.1104078126412874,0.07261086,0.117824495,0.12760161464285294,1.278479535523971,18
ATF6,XBP1,Activation,1.0,A,0.0690840039786597,0.3354733701057955,0.07261086,0.54226434,0.8540800433930231,4.381158132677968,19
CEBPB,BCL2L1,Activation,1.0,A,0.3232661180938596,0.105524911836513,0.4915372,0.13129713,0.15066160493647054,1.2111654960517668,20
CEBPB,CDKN1A,Activation,1.0,A,0.3232661180938596,0.0531693643186543,0.4915372,0.05931813,0.02746112920590263,0.4894094061553563,21
CEBPB,CSRP1,Activation,1.0,A,0.3232661180938596,0.0573288724116103,0.4915372,0.059408553,0.027615898744476185,0.5467509953353825,22
CEBPB,FURIN,Activation,1.0,A,0.3232661180938596,0.1334659553304998,0.4915372,0.19206047,0.25466516701677516,1.5963513885871572,23
CEBPB,GFER,Repression,-1.0,A,0.3232661180938596,0.1069716972601498,0.4915372,0.11782428,0.12760124664521083,1.2311103966361228,24
CEBPB,MAD1L1,Activation,0.5,B,0.3232661180938596,0.0528980920517224,0.4915372,0.055339474,0.020651194197521323,0.48566973729578944,25
CEBPB,TOP1,Activation,1.0,A,0.3232661180938596,0.148747626367664,0.4915372,0.18591228,0.24414182086189776,1.8070194010094247,26
CEBPB,XBP1,Activation,1.0,A,0.3232661180938596,0.3354733701057955,0.4915372,0.54226434,0.8540800433930231,4.381158132677968,27
CEBPD,GAPDH,Activation,1.0,A,0.093588932091509,0.9473731802152074,0.13003108,6.6319346,11.277262819956897,12.816604523574352,28
CREB1,AQP3,Activation,1.0,A,0.1137535039334476,0.11266841486572,0.12686683,0.15760984,0.19569888511208383,1.309643442687029,29
CREB1,BCL2,Activation,1.0,A,0.1137535039334476,0.0994664978750337,0.12686683,0.11927093,0.1300773572915886,1.1276462248547732,30
CREB1,CD4,Activation,1.0,A,0.1137535039334476,0.0595894746360429,0.12686683,0.06700434,0.04061697644697361,0.5779149024984402,32
CREB1,CXCR4,Activation,1.0,A,0.1137535039334476,0.5187629984627895,0.12686683,1.07857,1.7720298961139027,6.9079277254586655,33
CREB1,JUN,Repression,-1.0,A,0.1137535039334476,0.212225336829731,0.12686683,0.31331745,0.46221066808864275,2.6821019141480775,34
CREB1,NOLC1,Activation,1.0,A,0.1137535039334476,0.1162853784248121,0.12686683,0.1586943,0.1975550652189313,1.35950569414792,35
CREB1,ODC1,Activation,1.0,A,0.1137535039334476,0.1763269735057415,0.12686683,0.307531,0.45230648224567266,2.1872190683987247,36
CREB1,POLD2,Activation,1.0,A,0.1137535039334476,0.1354552852880004,0.12686683,0.17379534,0.22340226109587225,1.623775626890647,37
CREB1,PPP2CA,Activation,1.0,A,0.1137535039334476,0.1885342255176775,0.12686683,0.22868316,0.31734918361235315,2.3555041670792356,38
CREB1,SLC20A1,Activation,1.0,A,0.1137535039334476,0.0610362600596797,0.12686683,0.06483408,0.03690232266657903,0.5978598030827962,39
CREB1,UXT,Activation,1.0,A,0.1137535039334476,0.4383759833619667,0.12686683,0.67256045,1.077097072496545,5.799739186740342,40
CREM,CD247,Repression,-1.0,A,0.3177502486662441,0.2822135816981638,0.6042047,0.3606962,0.5433049391888198,3.6469364799163357,41
CREM,DUSP1,Repression,-1.0,A,0.3177502486662441,0.0708020616692285,0.6042047,0.08102051,0.06460729045412174,0.7324878820272048,42
CTCF,ATXN7,Activation,1.0,A,0.091509178045031,0.0816529523465049,0.09901552,0.0870792,0.07497744689286127,0.8820746364098804,43
CTCF,BBC3,Activation,1.0,A,0.091509178045031,0.1107695089971966,0.09901552,0.1260529,0.14168549203075473,1.2834657606700604,44
CTCF,PBXIP1,Activation,1.0,A,0.091509178045031,0.1569762184645986,0.09901552,0.18238546,0.23810525600525786,1.9204560230829537,45
CTCF,MYC,Repression,-1.0,A,0.091509178045031,0.1900714350302917,0.09901552,0.40753916,0.6234821430486673,2.3766956239501154,46
CTCF,RAD21,Activation,1.0,A,0.091509178045031,0.1846459896916535,0.09901552,0.22072554,0.303728786417573,2.3019022467587775,47
CTCF,RBL2,Activation,1.0,A,0.091509178045031,0.0923229948458267,0.09901552,0.09964857,0.09649139351109061,1.0291682782195113,48
E2F4,LTBP4,Activation,0.5,B,0.1642101455827829,0.0636585586400215,0.19558777,0.06890332,0.043867302783861244,0.6340099353919428,49
E2F4,MYC,Repression,-1.0,A,0.1642101455827829,0.1900714350302917,0.19558777,0.40753916,0.6234821430486673,2.3766956239501154,50
ELF2,VCP,Activation,1.0,A,0.0837327063929829,0.229225065557464,0.08924939,0.3160306,0.4668545415896414,2.916454496014269,51
ETS1,ATXN2,Activation,1.0,A,0.2859209693462333,0.0707116375802512,0.3929772,0.074871525,0.05408258356377695,0.7312413257406826,52
ETS1,BAX,Repression,-1.0,A,0.2859209693462333,0.4275250926846903,0.3929772,0.6769006,1.0845257467590663,5.650152432357667,53
ETS1,CD6,Activation,1.0,A,0.2859209693462333,0.2681074238177045,0.3929772,0.35454807,0.5327816957309588,3.4524736992188583,54
ETS1,CD8A,Activation,1.0,A,0.2859209693462333,0.2254272538204173,0.3929772,0.35174638,0.5279862756660847,2.8640991319803333,55
ETS1,CDKN1A,Activation,1.0,A,0.2859209693462333,0.0531693643186543,0.3929772,0.05931813,0.02746112920590263,0.4894094061553563,56
ETS1,CSNK2A1,Activation,1.0,A,0.2859209693462333,0.0984718328962833,0.3929772,0.10715392,0.10933767771237733,1.1139341057030272,57
ETS1,CSNK2B,Activation,1.0,A,0.2859209693462333,0.2985803418030557,0.3929772,0.40916267,0.6262609702670688,3.8725631677768715,58
ETS1,CTSB,Activation,1.0,A,0.2859209693462333,0.1334659553304998,0.3929772,0.15688677,0.19446126625121468,1.5963513885871572,59
ETS1,CXCR4,Activation,1.0,A,0.2859209693462333,0.5187629984627895,0.3929772,1.07857,1.7720298961139027,6.9079277254586655,60
ETS1,FLI1,Activation,1.0,A,0.2859209693462333,0.0586852337462698,0.3929772,0.06067449,0.029782697958759895,0.5654493396332163,61
ETS1,IL2RB,Activation,1.0,A,0.2859209693462333,0.2064381951351836,0.3929772,0.289355,0.4211961327426397,2.6023223118106507,62
ETS1,LCK,Activation,1.0,A,0.2859209693462333,0.5194863911746079,0.3929772,0.8415558,1.366352376352584,6.917900175750844,63
ETS1,MDM2,Repression,-1.0,A,0.2859209693462333,0.0596798987250202,0.3929772,0.06456279,0.03643797810690264,0.5791614587849624,64
ETS1,NDRG1,Repression,-1.0,A,0.2859209693462333,0.0556108147210415,0.3929772,0.059046857,0.026996813743714244,0.5230664258914584,65
ETS1,PARP1,Activation,1.0,A,0.2859209693462333,0.1997468125508631,0.3929772,0.24468738,0.3447422776772425,2.5100771466080003,66
ETS1,SQSTM1,Activation,0.5,B,0.2859209693462333,0.3496699520752321,0.3929772,0.47942054,0.7465155307335438,4.576867469661969,67
ETS1,TAF12,Activation,1.0,A,0.2859209693462333,0.1358169816439096,0.3929772,0.14901996,0.1809963009907639,1.6287618520367357,68
ETS1,TGFBR2,Activation,1.0,A,0.2859209693462333,0.0757753865629802,0.3929772,0.0818344,0.06600035836548965,0.8010484777859314,69
ETS1,TNFSF14,Activation,1.0,A,0.2859209693462333,0.0996473460529883,0.3929772,0.13400958,0.15530428030561122,1.130139337427818,70
ETS1,TP53,Activation,1.0,A,0.2859209693462333,0.1031738855231031,0.3929772,0.11601565,0.12450556489886012,1.178755032602187,71
ETS1,WAS,Activation,1.0,A,0.2859209693462333,0.1720770413238083,0.3929772,0.19540657,0.2603924084600024,2.1286309229321776,72
FLI1,ID2,Activation,1.0,A,0.0586852337462698,0.3143141332851065,0.06067449,0.71162605,1.1439624152312327,4.089463961631751,73
FLI1,TGFBR2,Activation,1.0,A,0.0586852337462698,0.0757753865629802,0.06067449,0.0818344,0.06600035836548965,0.8010484777859314,74
FOXO3,CCND2,Repression,-1.0,A,0.0589565060132018,0.1720770413238083,0.06356809,0.2671133,0.3831268622462926,2.1286309229321776,75
FOXO3,GALT,Activation,1.0,A,0.0589565060132018,0.0745094493172979,0.06356809,0.079845026,0.06259531212691975,0.7835966897746184,76
FOXO3,TNFSF10,Activation,1.0,A,0.0589565060132018,0.0966633511167373,0.06356809,0.12451522,0.13905357289432077,1.089002979972582,77
FOXO3,TXNIP,Activation,1.0,A,0.0589565060132018,0.178858847997106,0.06356809,0.21629398,0.29614365325055825,2.2221226444213493,78
GATA3,CD40LG,Activation,1.0,A,0.1491093227235732,0.0766796274527532,0.19685411,0.13844001,0.1628874793454837,0.8135140406511537,79
GATA3,CD8A,Activation,1.0,A,0.1491093227235732,0.2254272538204173,0.19685411,0.35174638,0.5279862756660847,2.8640991319803333,80
GATA3,CD8B,Activation,1.0,A,0.1491093227235732,0.2470386110859928,0.19685411,0.41205764,0.6312160499601145,3.162026084459162,81
GATA3,NFKB1,Activation,1.0,A,0.1491093227235732,0.0955782620490096,0.19685411,0.12225483,0.1351846510791161,1.0740443045343138,82
GATA3,ZEB1,Activation,1.0,A,0.1491093227235732,0.0610362600596797,0.19685411,0.064924516,0.037057114456172796,0.5978598030827962,83
HBP1,MIF,Repression,-1.0,A,0.0907857853332125,0.4220996473460521,0.09657406,0.8340528,1.3535101144511066,5.575359055166329,84
HIF1A,ALDOA,Activation,1.0,A,0.2409801971245135,0.6619043313138607,0.33248553,1.6273981,2.711413369270013,8.88122632702346,85
HIF1A,BAX,Activation,1.0,A,0.2409801971245135,0.4275250926846903,0.33248553,0.6769006,1.0845257467590663,5.650152432357667,86
HIF1A,BNIP3,Activation,1.0,A,0.2409801971245135,0.0953069897820777,0.33248553,0.113845564,0.12079120893981311,1.0703046356747472,87
HIF1A,CXCR4,Activation,1.0,A,0.2409801971245135,0.5187629984627895,0.33248553,1.07857,1.7720298961139027,6.9079277254586655,88
HIF1A,EGLN1,Activation,1.0,A,0.2409801971245135,0.0586852337462698,0.33248553,0.06139788,0.031020864537049896,0.5654493396332163,89
HIF1A,FAM162A,Activation,1.0,A,0.2409801971245135,0.1631250565150553,0.33248553,0.19667304,0.2625601199661151,2.0052218505664707,91
HIF1A,GAPDH,Activation,1.0,A,0.2409801971245135,0.9473731802152074,0.33248553,6.6319346,11.277262819956897,12.816604523574352,92
HIF1A,ITGB2,Activation,1.0,A,0.2409801971245135,0.1515507731259604,0.33248553,0.18690726,0.24584484548494612,1.8456626458916159,93
HIF1A,LDHA,Activation,1.0,A,0.2409801971245135,0.647979021611356,0.33248553,1.7008196,2.8370828524366574,8.689256658899028,94
HIF1A,MIF,Activation,1.0,A,0.2409801971245135,0.4220996473460521,0.33248553,0.8340528,1.3535101144511066,5.575359055166329,95
HIF1A,NR3C1,Activation,1.0,A,0.2409801971245135,0.2848358802785056,0.33248553,0.38194606,0.5796765595393104,3.683086612225482,96
HIF1A,PFKFB3,Activation,1.0,A,0.2409801971245135,0.0977484401844649,0.33248553,0.11086148,0.11568360021476864,1.1039616554108491,97
HIF1A,PGK1,Activation,1.0,A,0.2409801971245135,0.4669499954787946,0.33248553,0.8649758,1.4064384450894363,6.193650973281389,98
HIF1A,RORA,Activation,1.0,A,0.2409801971245135,0.2863730897911198,0.33248553,0.39342964,0.5993320496001621,3.704278069096362,99
HIF1A,SOCS1,Activation,1.0,A,0.2409801971245135,0.2668414865720223,0.33248553,0.53385776,0.8396911986568212,3.4350219112075457,100
HIF1A,TFRC,Activation,1.0,A,0.2409801971245135,0.0690840039786597,0.33248553,0.08065887,0.06398830130390842,0.7088033125832806,101
HIF1A,VHL,Activation,1.0,A,0.2409801971245135,0.0604937155258159,0.33248553,0.06411067,0.03566412185595022,0.5903804653636627,102
HSF1,HSPA1A,Activation,1.0,A,0.1398860656478883,0.0647436477077492,0.15679619,0.07007889,0.04587942831012006,0.6489686108302111,103
HSF1,HSPA4,Activation,1.0,A,0.1398860656478883,0.0891581517316211,0.15679619,0.09973892,0.0966460381016275,0.9855388081912314,104
HSF1,STIP1,Activation,0.5,B,0.1398860656478883,0.1846459896916535,0.15679619,0.25047582,0.3546498696379234,2.3019022467587775,105
HSF1,UBB,Activation,0.5,B,0.1398860656478883,0.6462609639207872,0.15679619,1.573959,2.619946100446976,8.665572089455104,106
IRF1,EIF2AK2,Activation,1.0,A,0.4330409621123058,0.1020887964553755,0.7370306,0.114659466,0.12218429739058433,1.1637963571639198,108
IRF1,ERAP2,Activation,0.5,B,0.4330409621123058,0.1000090424088975,0.7370306,0.109685846,0.11367136514502567,1.135125562573907,109
IRF1,HLA-A,Activation,1.0,A,0.4330409621123058,0.978840763179309,0.7370306,8.439071,14.370388095245882,13.250406111284112,110
IRF1,IRF2,Activation,1.0,A,0.4330409621123058,0.1582421557102809,0.7370306,0.17904028,0.2323795892496155,1.9379078110942667,111
IRF1,PSMB9,Activation,1.0,A,0.4330409621123058,0.4754498598426611,0.7370306,0.80511516,1.303979959620949,6.310827264214484,112
IRF1,SOCS1,Activation,1.0,A,0.4330409621123058,0.2668414865720223,0.7370306,0.53385776,0.8396911986568212,3.4350219112075457,113
IRF1,TAP1,Activation,1.0,A,0.4330409621123058,0.3458721403381854,0.7370306,0.58865273,0.9334791975404149,4.524512105628033,114
IRF1,TAP2,Activation,1.0,A,0.4330409621123058,0.1119450221539015,0.7370306,0.12822293,0.14539975213925313,1.2996709923948495,115
IRF1,TNFSF10,Activation,1.0,A,0.4330409621123058,0.0966633511167373,0.7370306,0.12451522,0.13905357289432077,1.089002979972582,116
IRF1,TP53,Activation,1.0,A,0.4330409621123058,0.1031738855231031,0.7370306,0.11601565,0.12450556489886012,1.178755032602187,117
IRF2,TAP1,Activation,1.0,A,0.1582421557102809,0.3458721403381854,0.17904028,0.58865273,0.9334791975404149,4.524512105628033,118
IRF3,IRF7,Activation,1.0,A,0.2086987973596162,0.1421466678723209,0.24179296,0.16719463,0.21210437404326643,1.7160207920932973,119
IRF3,PURA,Repression,-1.0,A,0.2086987973596162,0.0980197124513968,0.24179296,0.10661145,0.10840917687088798,1.1077013242704161,120
JUN,BATF3,Activation,1.0,A,0.212225336829731,0.1571570666425532,0.31331745,0.40374106,0.6169812507485204,1.922949135655998,121
JUN,CD82,Activation,1.0,A,0.212225336829731,0.1622208156252822,0.31331745,0.23022048,0.3199804865666887,1.992756287701247,123
JUN,CDKN1A,Activation,1.0,A,0.212225336829731,0.0531693643186543,0.31331745,0.05931813,0.02746112920590263,0.4894094061553563,124
JUN,CREM,Activation,1.0,A,0.212225336829731,0.3177502486662441,0.31331745,0.6042047,0.9600982128441498,4.136833100519599,125
JUN,CTSL,Activation,1.0,A,0.212225336829731,0.07242969527082,0.31331745,0.13256273,0.1528278273358454,0.7549258951846065,126
JUN,DDIT3,Activation,1.0,A,0.212225336829731,0.0709829098471831,0.31331745,0.07532365,0.054856448372814094,0.7349809946002492,127
JUN,ETS1,Activation,1.0,A,0.212225336829731,0.2859209693462333,0.31331745,0.3929772,0.5985576456317888,3.6980452876637506,128
JUN,EZR,Activation,1.0,A,0.212225336829731,0.4427163396328773,0.31331745,0.6980584,1.1207397956540526,5.859573888493413,129
JUN,FAS,Activation,1.0,A,0.212225336829731,0.1533592549055065,0.31331745,0.18482736,0.24228485341125786,1.8705937716220622,130
JUN,MAT2A,Activation,1.0,A,0.212225336829731,0.11266841486572,0.31331745,0.1322917,0.1523639277965735,1.309643442687029,131
JUN,MYC,Activation,1.0,A,0.212225336829731,0.1900714350302917,0.31331745,0.40753916,0.6234821430486673,2.3766956239501154,132
JUN,NFKB2,Activation,1.0,A,0.212225336829731,0.2054435301564332,0.31331745,0.2710919,0.38993670140412523,2.588610192658905,133
JUN,PDHA1,Activation,1.0,A,0.212225336829731,0.0928655393796905,0.31331745,0.10091451,0.09865819786022514,1.0366476159386449,134
JUN,POLD2,Activation,1.0,A,0.212225336829731,0.1354552852880004,0.31331745,0.17379534,0.22340226109587225,1.623775626890647,135
JUN,RELB,Activation,1.0,A,0.212225336829731,0.2527353286915629,0.31331745,0.34939438,0.5239605526229986,3.2405591305100665,136
JUN,STMN1,Activation,1.0,A,0.212225336829731,0.1624920878922141,0.31331745,0.19386964,0.2577617730362735,1.9964959565608134,137
JUN,TP53,Repression,-1.0,A,0.212225336829731,0.1031738855231031,0.31331745,0.11601565,0.12450556489886012,1.178755032602187,138
JUND,CD40LG,Activation,1.0,A,0.1331042589745905,0.0766796274527532,0.15146147,0.13844001,0.1628874793454837,0.8135140406511537,141
JUND,NQO2,Activation,1.0,A,0.1331042589745905,0.0769508997196851,0.15146147,0.08065888,0.06398831842007784,0.8172537095107206,142
JUND,TGFB1,Activation,1.0,A,0.1331042589745905,0.216113572655755,0.15146147,0.28564844,0.4148519218571885,2.735703834468536,143
LEF1,CTNNB1,Activation,1.0,A,0.1143864725562887,0.206257346957229,0.13608968,0.25454244,0.3616103653188225,2.599829199237606,144
LEF1,MYC,Activation,1.0,A,0.1143864725562887,0.1900714350302917,0.13608968,0.40753916,0.6234821430486673,2.3766956239501154,145
LEF1,MYCBP,Activation,1.0,A,0.1143864725562887,0.0601320191699067,0.13608968,0.06383938,0.035199777296273854,0.5853942402175737,146
MAF,ITGB7,Activation,1.0,A,0.1753323085269912,0.1944117913012022,0.32697085,0.2468576,0.34845686299295947,2.4365303257031847,147
MAX,ODC1,Activation,1.0,A,0.1972149380594986,0.1763269735057415,0.23058122,0.307531,0.45230648224567266,2.1872190683987247,148
MYC,BCL2,Activation,1.0,A,0.1900714350302917,0.0994664978750337,0.40753916,0.11927093,0.1300773572915886,1.1276462248547732,149
MYC,BRD7,Repression,-1.0,A,0.1900714350302917,0.1416041233384571,0.40753916,0.16375877,0.2062234978634969,1.708541454374164,150
MYC,CCND2,Activation,1.0,A,0.1900714350302917,0.1720770413238083,0.40753916,0.2671133,0.3831268622462926,2.1286309229321776,151
MYC,CDK4,Activation,1.0,A,0.1900714350302917,0.13681164662266,0.40753916,0.1856409,0.24367732225669675,1.642473971188482,152
MYC,CDK6,Activation,1.0,A,0.1900714350302917,0.0880730626638934,0.40753916,0.12135066,0.13363705839039705,0.9705801327529631,153
MYC,CDKN1A,Repression,-1.0,A,0.1900714350302917,0.0531693643186543,0.40753916,0.05931813,0.02746112920590263,0.4894094061553563,154
MYC,CFLAR,Repression,-1.0,A,0.1900714350302917,0.2920698073966899,0.40753916,0.4160351,0.6380239378746354,3.782811115147267,155
MYC,CXCR4,Activation,1.0,A,0.1900714350302917,0.5187629984627895,0.40753916,1.07857,1.7720298961139027,6.9079277254586655,156
MYC,DDX18,Activation,1.0,A,0.1900714350302917,0.3547337010579611,0.40753916,0.5400939,0.8503650815215793,4.646674621707218,157
MYC,HDAC2,Activation,1.0,A,0.1900714350302917,0.1263224523012928,0.40753916,0.14766355,0.1786746466570596,1.4978734419518953,158
MYC,HLA-F,Activation,1.0,A,0.1900714350302917,0.2504747264671303,0.40753916,0.31539583,0.46576805850458197,3.209395223347009,159
MYC,HNRNPA1,Activation,1.0,A,0.1900714350302917,0.8244868432950522,0.40753916,3.1533592,5.3232742379447755,11.122534530190551,160
MYC,HNRNPA2B1,Activation,1.0,A,0.1900714350302917,0.5842300388823571,0.40753916,1.161329,1.9136816024586152,7.8104344769008085,161
MYC,HSPA4,Activation,1.0,A,0.1900714350302917,0.0891581517316211,0.40753916,0.09973892,0.0966460381016275,0.9855388081912314,162
MYC,ID2,Activation,1.0,A,0.1900714350302917,0.3143141332851065,0.40753916,0.71162605,1.1439624152312327,4.089463961631751,163
MYC,IER3,Repression,-1.0,A,0.1900714350302917,0.1108599330861739,0.40753916,0.1934173,0.2569875402295942,1.2847123169565822,164
MYC,JUNB,Repression,-1.0,A,0.1900714350302917,0.4911836513247119,0.40753916,0.96760553,1.5821012295140566,6.527728058069365,165
MYC,LDHA,Activation,1.0,A,0.1900714350302917,0.647979021611356,0.40753916,1.7008196,2.8370828524366574,8.689256658899028,166
MYC,NDRG1,Repression,-1.0,A,0.1900714350302917,0.0556108147210415,0.40753916,0.059046857,0.026996813743714244,0.5230664258914584,167
MYC,NOL7,Activation,1.0,A,0.1900714350302917,0.3074419025228315,0.40753916,0.45482555,0.7044183292082579,3.9947256838560574,168
MYC,ODC1,Activation,1.0,A,0.1900714350302917,0.1763269735057415,0.40753916,0.307531,0.45230648224567266,2.1872190683987247,169
MYC,PCNA,Activation,1.0,A,0.1900714350302917,0.084365675015824,0.40753916,0.09467497,0.08797849549787073,0.9194713250055493,170
MYC,PMAIP1,Activation,1.0,A,0.1900714350302917,0.2058956506013197,0.40753916,0.33104107,0.49254671632031866,2.5948429740915158,171
MYC,PRDX3,Activation,1.0,A,0.1900714350302917,0.1756940048829004,0.40753916,0.21638551,0.2963003175490845,2.1784931743930693,172
MYC,SRSF1,Activation,1.0,A,0.1900714350302917,0.1582421557102809,0.40753916,0.1889869,0.24940439253823,1.9379078110942667,173
MYC,ST3GAL1,Activation,1.0,A,0.1900714350302917,0.107604665882991,0.40753916,0.12017551,0.13162565174325308,1.23983629064178,174
MYC,TFRC,Activation,1.0,A,0.1900714350302917,0.0690840039786597,0.40753916,0.08065887,0.06398830130390842,0.7088033125832806,175
MYC,TP53,Activation,1.0,A,0.1900714350302917,0.1031738855231031,0.40753916,0.11601565,0.12450556489886012,1.178755032602187,176
NCOA3,BCL2,Activation,1.0,A,0.1142056243783341,0.0994664978750337,0.12994099,0.11927093,0.1300773572915886,1.1276462248547732,177
NFATC1,ICAM1,Activation,1.0,A,0.0555203906320642,0.0548874220092231,0.060855336,0.06338724,0.03442588681298263,0.5130939755992804,178
NFIC,HMGB1,Activation,1.0,A,0.0552491183651323,0.6555746450854495,0.05823304,1.262172,2.086286189547873,8.7939673869669,179
NFIC,JUN,Activation,1.0,A,0.0552491183651323,0.212225336829731,0.05823304,0.31331745,0.46221066808864275,2.6821019141480775,180
NFIC,POLD2,Activation,1.0,A,0.0552491183651323,0.1354552852880004,0.05823304,0.17379534,0.22340226109587225,1.623775626890647,181
NFKB1,ALOX5AP,Activation,1.0,A,0.0955782620490096,0.3843023781535393,0.12225483,0.685311,1.0989211298719794,5.054298527400009,182
NFKB1,BCL2,Activation,1.0,A,0.0955782620490096,0.0994664978750337,0.12225483,0.11927093,0.1300773572915886,1.1276462248547732,184
NFKB1,BCL2A1,Activation,1.0,A,0.0955782620490096,0.0951261416041231,0.12225483,0.13111603,0.15035163110862065,1.0678115231017027,185
NFKB1,BCL2L1,Activation,1.0,A,0.0955782620490096,0.105524911836513,0.12225483,0.13129713,0.15066160493647054,1.2111654960517668,186
NFKB1,BCL3,Activation,1.0,A,0.0955782620490096,0.0969346233836692,0.12225483,0.10805822,0.11088549291129857,1.092742648832149,187
NFKB1,BIRC2,Activation,1.0,A,0.0955782620490096,0.0923229948458267,0.12225483,0.09847303,0.09447931933333999,1.0291682782195113,188
NFKB1,BIRC3,Activation,1.0,A,0.0955782620490096,0.3914458811827463,0.12225483,0.66975766,1.072299769653037,5.152776474035271,189
NFKB1,CCND2,Activation,1.0,A,0.0955782620490096,0.1720770413238083,0.12225483,0.2671133,0.3831268622462926,2.1286309229321776,192
NFKB1,CCR7,Activation,1.0,A,0.0955782620490096,0.2189167194140514,0.12225483,0.36232677,0.5460958504228185,2.7743470793507266,193
NFKB1,CD40LG,Activation,1.0,A,0.0955782620490096,0.0766796274527532,0.12225483,0.13844001,0.1628874793454837,0.8135140406511537,194
NFKB1,CD58,Activation,1.0,A,0.0955782620490096,0.1148385930011752,0.12225483,0.12822315,0.14540012869497995,1.339560793563563,195
NFKB1,CD69,Activation,1.0,A,0.0955782620490096,0.2889953883714616,0.12225483,0.691556,1.1096101776628267,3.740428201405509,196
NFKB1,CD74,Activation,1.0,A,0.0955782620490096,0.4764445248214115,0.12225483,0.9517817,1.5550168940289895,6.32453938336623,197
NFKB1,CDK4,Activation,1.0,A,0.0955782620490096,0.13681164662266,0.12225483,0.1856409,0.24367732225669675,1.642473971188482,198
NFKB1,CFLAR,Activation,1.0,A,0.0955782620490096,0.2920698073966899,0.12225483,0.4160351,0.6380239378746354,3.782811115147267,199
NFKB1,CSNK2A1,Activation,1.0,A,0.0955782620490096,0.0984718328962833,0.12225483,0.10715392,0.10933767771237733,1.1139341057030272,200
NFKB1,CTCF,Repression,-1.0,A,0.0955782620490096,0.091509178045031,0.12225483,0.09901552,0.09540785440716812,1.0179492716408112,201
NFKB1,CTSB,Activation,1.0,A,0.0955782620490096,0.1334659553304998,0.12225483,0.15688677,0.19446126625121468,1.5963513885871572,202
NFKB1,FAS,Activation,1.0,A,0.0955782620490096,0.1533592549055065,0.12225483,0.18482736,0.24228485341125786,1.8705937716220622,203
NFKB1,GATA3,Activation,1.0,A,0.0955782620490096,0.1491093227235732,0.12225483,0.19685411,0.2628700424454568,1.8120056261555135,204
NFKB1,GSTP1,Activation,1.0,A,0.0955782620490096,0.5220182656659724,0.12225483,0.98523563,1.6122772073294955,6.952803751773468,205
NFKB1,HDAC7,Activation,0.5,B,0.0955782620490096,0.0707116375802512,0.12225483,0.07921197,0.061511762753295646,0.7312413257406826,206
NFKB1,HIF1A,Activation,1.0,A,0.0955782620490096,0.2409801971245135,0.12225483,0.33248553,0.4950190785255976,3.0785068132621682,207
NFKB1,HLA-F,Activation,1.0,A,0.0955782620490096,0.2504747264671303,0.12225483,0.31539583,0.46576805850458197,3.209395223347009,208
NFKB1,ICAM1,Activation,1.0,A,0.0955782620490096,0.0548874220092231,0.12225483,0.06338724,0.03442588681298263,0.5130939755992804,209
NFKB1,IER3,Activation,1.0,A,0.0955782620490096,0.1108599330861739,0.12225483,0.1934173,0.2569875402295942,1.2847123169565822,210
NFKB1,IRF1,Activation,1.0,A,0.0955782620490096,0.4330409621123058,0.12225483,0.7370306,1.187445273366536,5.726192365835527,211
NFKB1,IRF4,Activation,1.0,A,0.0955782620490096,0.1206257346957227,0.12225483,0.18699703,0.2459984973376578,1.4193403959009911,212
NFKB1,IRF7,Activation,1.0,A,0.0955782620490096,0.1421466678723209,0.12225483,0.16719463,0.21210437404326643,1.7160207920932973,213
NFKB1,JUNB,Activation,1.0,A,0.0955782620490096,0.4911836513247119,0.12225483,0.96760553,1.5821012295140566,6.527728058069365,214
NFKB1,KDM2A,Activation,0.5,B,0.0955782620490096,0.0948548693371912,0.12225483,0.10308478,0.10237286875678914,1.0640718542421357,215
NFKB1,MAT2A,Activation,1.0,A,0.0955782620490096,0.11266841486572,0.12225483,0.1322917,0.1523639277965735,1.309643442687029,216
NFKB1,MYC,Activation,1.0,A,0.0955782620490096,0.1900714350302917,0.12225483,0.40753916,0.6234821430486673,2.3766956239501154,217
NFKB1,NFKBIA,Activation,1.0,A,0.0955782620490096,0.5151460349036974,0.12225483,1.5871584,2.642538417085969,6.858065473997774,218
NFKB1,NOLC1,Activation,1.0,A,0.0955782620490096,0.1162853784248121,0.12225483,0.1586943,0.1975550652189313,1.35950569414792,219
NFKB1,PDE7A,Activation,1.0,A,0.0955782620490096,0.0620309250384301,0.12225483,0.06573836,0.03845010363316147,0.6115719222345423,220
NFKB1,SERPINB1,Activation,1.0,A,0.0955782620490096,0.2099647346052984,0.12225483,0.24703778,0.3487652621332245,2.65093800698502,221
NFKB1,SOCS3,Activation,1.0,A,0.0955782620490096,0.22533682973144,0.12225483,0.35075095,0.5262824808154133,2.862852575693811,222
NFKB1,SOD2,Activation,1.0,A,0.0955782620490096,0.1471199927660726,0.12225483,0.18527956,0.24305884659156549,1.784581387852024,223
NFKB1,SQSTM1,Activation,0.5,B,0.0955782620490096,0.3496699520752321,0.12225483,0.47942054,0.7465155307335438,4.576867469661969,224
NFKB1,TBX21,Activation,1.0,A,0.0955782620490096,0.0620309250384301,0.12225483,0.0701693,0.04603417559767339,0.6115719222345423,225
NFKB1,TIMP1,Repression,-1.0,A,0.0955782620490096,0.1614069988244865,0.12225483,0.23880976,0.3346820437178446,1.9815372811225467,226
NFKB1,TNFAIP3,Activation,1.0,A,0.0955782620490096,0.1584230038882355,0.12225483,0.1933273,0.25683349470498634,1.9404009236673108,227
NFKB1,TNFSF10,Activation,1.0,A,0.0955782620490096,0.0966633511167373,0.12225483,0.12451522,0.13905357289432077,1.089002979972582,228
NFKB1,TP53,Activation,1.0,A,0.0955782620490096,0.1031738855231031,0.12225483,0.11601565,0.12450556489886012,1.178755032602187,229
NFKB1,XIAP,Activation,1.0,A,0.0955782620490096,0.0623926213943393,0.12225483,0.06637135,0.03953354004006754,0.6165581473806313,230
NFKB2,CCND2,Activation,1.0,A,0.2054435301564332,0.1720770413238083,0.2710919,0.2671133,0.3831268622462926,2.1286309229321776,231
NFKB2,CDK6,Activation,1.0,A,0.2054435301564332,0.0880730626638934,0.2710919,0.12135066,0.13363705839039705,0.9705801327529631,232
NFKB2,SND1,Activation,1.0,A,0.2054435301564332,0.0880730626638934,0.2710919,0.09811119,0.09385998785973867,0.9705801327529631,233
NR3C1,ATF2,Repression,-1.0,A,0.2848358802785056,0.057238448322633,0.38194606,0.060131945,0.028854068746000053,0.5455044390488603,234
NR3C1,CDK6,Repression,-1.0,A,0.2848358802785056,0.0880730626638934,0.38194606,0.12135066,0.13363705839039705,0.9705801327529631,235
NR3C1,ETS1,Repression,-1.0,A,0.2848358802785056,0.2859209693462333,0.38194606,0.3929772,0.5985576456317888,3.6980452876637506,236
PKNOX1,PTPN6,Activation,1.0,A,0.0549778460982004,0.1491997468125505,0.05778092,0.19088514,0.25265345227858194,1.8132521824420358,237
PRDM1,MYC,Repression,-1.0,A,0.1775024866624465,0.1900714350302917,0.26105356,0.40753916,0.6234821430486673,2.3766956239501154,238
RARA,CDKN1A,Activation,1.0,A,0.0657383126864995,0.0531693643186543,0.071887374,0.05931813,0.02746112920590263,0.4894094061553563,239
RARA,ETS1,Activation,1.0,A,0.0657383126864995,0.2859209693462333,0.071887374,0.3929772,0.5985576456317888,3.6980452876637506,240
RARA,ICAM1,Activation,1.0,A,0.0657383126864995,0.0548874220092231,0.071887374,0.06338724,0.03442588681298263,0.5130939755992804,241
RARA,PRKCA,Activation,1.0,A,0.0657383126864995,0.1219820960303822,0.071887374,0.14187662,0.16876963923795826,1.4380387401988248,242
RBPJ,NFKB1,Activation,1.0,A,0.2871869065919155,0.0955782620490096,0.45229447,0.12225483,0.1351846510791161,1.0740443045343138,243
RBPJ,PTEN,Repression,-1.0,A,0.2871869065919155,0.099556921964011,0.45229447,0.10869115,0.11196882662118825,1.1288927811412954,244
REL,BIRC3,Activation,1.0,A,0.0801157428338908,0.3914458811827463,0.094674915,0.66975766,1.072299769653037,5.152776474035271,245
REL,CD40LG,Activation,1.0,A,0.0801157428338908,0.0766796274527532,0.094674915,0.13844001,0.1628874793454837,0.8135140406511537,247
REL,CSRP1,Activation,1.0,A,0.0801157428338908,0.0573288724116103,0.094674915,0.059408553,0.027615898744476185,0.5467509953353825,248
REL,ICAM1,Activation,1.0,A,0.0801157428338908,0.0548874220092231,0.094674915,0.06338724,0.03442588681298263,0.5130939755992804,249
REL,IER3,Activation,1.0,A,0.0801157428338908,0.1108599330861739,0.094674915,0.1934173,0.2569875402295942,1.2847123169565822,250
REL,TNFAIP3,Activation,1.0,A,0.0801157428338908,0.1584230038882355,0.094674915,0.1933273,0.25683349470498634,1.9404009236673108,251
RELA,BAX,Repression,-1.0,A,0.1214395514965184,0.4275250926846903,0.13220173,0.6769006,1.0845257467590663,5.650152432357667,252
RELA,BCL2,Activation,1.0,A,0.1214395514965184,0.0994664978750337,0.13220173,0.11927093,0.1300773572915886,1.1276462248547732,253
RELA,BCL2A1,Activation,1.0,A,0.1214395514965184,0.0951261416041231,0.13220173,0.13111603,0.15035163110862065,1.0678115231017027,254
RELA,BCL2L1,Activation,1.0,A,0.1214395514965184,0.105524911836513,0.13220173,0.13129713,0.15066160493647054,1.2111654960517668,255
RELA,BCL3,Activation,1.0,A,0.1214395514965184,0.0969346233836692,0.13220173,0.10805822,0.11088549291129857,1.092742648832149,256
RELA,BIRC2,Activation,1.0,A,0.1214395514965184,0.0923229948458267,0.13220173,0.09847303,0.09447931933333999,1.0291682782195113,257
RELA,BIRC3,Activation,1.0,A,0.1214395514965184,0.3914458811827463,0.13220173,0.66975766,1.072299769653037,5.152776474035271,258
RELA,CD40LG,Activation,1.0,A,0.1214395514965184,0.0766796274527532,0.13220173,0.13844001,0.1628874793454837,0.8135140406511537,261
RELA,CD58,Activation,1.0,A,0.1214395514965184,0.1148385930011752,0.13220173,0.12822315,0.14540012869497995,1.339560793563563,262
RELA,CD69,Activation,1.0,A,0.1214395514965184,0.2889953883714616,0.13220173,0.691556,1.1096101776628267,3.740428201405509,263
RELA,CD74,Activation,1.0,A,0.1214395514965184,0.4764445248214115,0.13220173,0.9517817,1.5550168940289895,6.32453938336623,264
RELA,CDK4,Activation,1.0,A,0.1214395514965184,0.13681164662266,0.13220173,0.1856409,0.24367732225669675,1.642473971188482,265
RELA,CDK6,Activation,1.0,A,0.1214395514965184,0.0880730626638934,0.13220173,0.12135066,0.13363705839039705,0.9705801327529631,266
RELA,CDKN1A,Activation,1.0,A,0.1214395514965184,0.0531693643186543,0.13220173,0.05931813,0.02746112920590263,0.4894094061553563,267
RELA,CFLAR,Activation,1.0,A,0.1214395514965184,0.2920698073966899,0.13220173,0.4160351,0.6380239378746354,3.782811115147267,268
RELA,CTSB,Activation,1.0,A,0.1214395514965184,0.1334659553304998,0.13220173,0.15688677,0.19446126625121468,1.5963513885871572,269
RELA,CXCR4,Activation,1.0,A,0.1214395514965184,0.5187629984627895,0.13220173,1.07857,1.7720298961139027,6.9079277254586655,270
RELA,GATA3,Activation,1.0,A,0.1214395514965184,0.1491093227235732,0.13220173,0.19685411,0.2628700424454568,1.8120056261555135,271
RELA,GSTP1,Activation,1.0,A,0.1214395514965184,0.5220182656659724,0.13220173,0.98523563,1.6122772073294955,6.952803751773468,272
RELA,HDAC1,Activation,1.0,A,0.1214395514965184,0.1811194502215386,0.13220173,0.21086934,0.2868587475326812,2.253286551584407,273
RELA,HIF1A,Activation,1.0,A,0.1214395514965184,0.2409801971245135,0.13220173,0.33248553,0.4950190785255976,3.0785068132621682,274
RELA,ICAM1,Activation,1.0,A,0.1214395514965184,0.0548874220092231,0.13220173,0.06338724,0.03442588681298263,0.5130939755992804,275
RELA,IER3,Activation,1.0,A,0.1214395514965184,0.1108599330861739,0.13220173,0.1934173,0.2569875402295942,1.2847123169565822,276
RELA,IRF1,Activation,1.0,A,0.1214395514965184,0.4330409621123058,0.13220173,0.7370306,1.187445273366536,5.726192365835527,277
RELA,IRF4,Activation,1.0,A,0.1214395514965184,0.1206257346957227,0.13220173,0.18699703,0.2459984973376578,1.4193403959009911,278
RELA,IRF7,Activation,1.0,A,0.1214395514965184,0.1421466678723209,0.13220173,0.16719463,0.21210437404326643,1.7160207920932973,279
RELA,KDM2A,Activation,0.5,B,0.1214395514965184,0.0948548693371912,0.13220173,0.10308478,0.10237286875678914,1.0640718542421357,280
RELA,MAT2A,Activation,1.0,A,0.1214395514965184,0.11266841486572,0.13220173,0.1322917,0.1523639277965735,1.309643442687029,281
RELA,MCL1,Activation,1.0,A,0.1214395514965184,0.3135907405732881,0.13220173,0.41323143,0.6332251288082198,4.079491511339573,282
RELA,MYC,Activation,1.0,A,0.1214395514965184,0.1900714350302917,0.13220173,0.40753916,0.6234821430486673,2.3766956239501154,283
RELA,NFKB1,Activation,1.0,A,0.1214395514965184,0.0955782620490096,0.13220173,0.12225483,0.1351846510791161,1.0740443045343138,284
RELA,NFKBIA,Activation,1.0,A,0.1214395514965184,0.5151460349036974,0.13220173,1.5871584,2.642538417085969,6.858065473997774,285
RELA,NFKBIZ,Activation,0.5,B,0.1214395514965184,0.0869879735961658,0.13220173,0.09820156,0.09401466668261438,0.9556214573146958,286
RELA,NOLC1,Activation,1.0,A,0.1214395514965184,0.1162853784248121,0.13220173,0.1586943,0.1975550652189313,1.35950569414792,287
RELA,OPTN,Activation,1.0,A,0.1214395514965184,0.2486662446875842,0.13220173,0.31168866,0.4594228035327973,3.1844640976165626,288
RELA,PCK2,Repression,-1.0,A,0.1214395514965184,0.0518130029839948,0.13220173,0.056334138,0.02235367794961665,0.4707110618575225,289
RELA,POU2F2,Activation,0.5,B,0.1214395514965184,0.146939144588118,0.13220173,0.18374218,0.24042744094021357,1.7820882752789795,290
RELA,SOCS3,Activation,1.0,A,0.1214395514965184,0.22533682973144,0.13220173,0.35075095,0.5262824808154133,2.862852575693811,292
RELA,SOD2,Activation,1.0,A,0.1214395514965184,0.1471199927660726,0.13220173,0.18527956,0.24305884659156549,1.784581387852024,293
RELA,STAT1,Activation,0.5,B,0.1214395514965184,0.2370015372095121,0.13220173,0.39786178,0.6069181755050019,3.0236583366551866,294
RELA,STAT3,Activation,0.5,B,0.1214395514965184,0.2682882719956591,0.13220173,0.34668154,0.5193172097232511,3.454966811791902,295
RELA,TBX21,Activation,1.0,A,0.1214395514965184,0.0620309250384301,0.13220173,0.0701693,0.04603417559767339,0.6115719222345423,296
RELA,TIMP1,Repression,-1.0,A,0.1214395514965184,0.1614069988244865,0.13220173,0.23880976,0.3346820437178446,1.9815372811225467,297
RELA,TNFAIP3,Activation,1.0,A,0.1214395514965184,0.1584230038882355,0.13220173,0.1933273,0.25683349470498634,1.9404009236673108,298
RELA,TP53,Activation,1.0,A,0.1214395514965184,0.1031738855231031,0.13220173,0.11601565,0.12450556489886012,1.178755032602187,299
RELA,XIAP,Activation,1.0,A,0.1214395514965184,0.0623926213943393,0.13220173,0.06637135,0.03953354004006754,0.6165581473806313,300
RORA,TUBA1B,Activation,1.0,A,0.2863730897911198,0.7470838231304805,0.39342964,2.366825,3.977028977266499,10.055482348927464,301
RUNX1,ITGB2,Activation,1.0,A,0.0603128673478613,0.1515507731259604,0.065105364,0.18690726,0.24584484548494612,1.8456626458916159,302
RUNX1,LGALS3,Activation,1.0,A,0.0603128673478613,0.3604304186635312,0.065105364,0.6811528,1.091803884311707,4.725207667758123,303
RUNX1,NFKB1,Activation,1.0,A,0.0603128673478613,0.0955782620490096,0.065105364,0.12225483,0.1351846510791161,1.0740443045343138,304
RUNX1,PIK3CD,Activation,1.0,A,0.0603128673478613,0.0836422823040056,0.065105364,0.08933986,0.07884683084463978,0.9094988747133713,305
RUNX1,PRKCQ,Activation,1.0,A,0.0603128673478613,0.1211682792295865,0.065105364,0.13527608,0.1574720431602322,1.4268197336201245,306
RUNX1,TIMP1,Activation,0.5,B,0.0603128673478613,0.1614069988244865,0.065105364,0.23880976,0.3346820437178446,1.9815372811225467,307
RUNX3,CASP8,Activation,1.0,A,0.3071706302558996,0.1493805949905051,0.45048568,0.16791826,0.21334295140962203,1.8157452950150803,308
RUNX3,CFLAR,Repression,-1.0,A,0.3071706302558996,0.2920698073966899,0.45048568,0.4160351,0.6380239378746354,3.782811115147267,309
RUNX3,ICAM3,Repression,-1.0,A,0.3071706302558996,0.2117732163848445,0.45048568,0.24712758,0.3489189653344444,2.6758691327154662,310
RUNX3,RUNX1,Repression,-1.0,A,0.3071706302558996,0.0603128673478613,0.45048568,0.065105364,0.03736665695655376,0.5878873527906182,311
SATB1,CD8B,Activation,1.0,A,0.1792205443530153,0.2470386110859928,0.2690106,0.41205764,0.6312160499601145,3.162026084459162,312
SMAD3,AHR,Activation,1.0,A,0.0959399584049188,0.0573288724116103,0.10362737,0.062573396,0.03303289763599396,0.5467509953353825,313
SMAD3,CCND2,Activation,1.0,A,0.0959399584049188,0.1720770413238083,0.10362737,0.2671133,0.3831268622462926,2.1286309229321776,314
SMAD3,CDKN1A,Activation,1.0,A,0.0959399584049188,0.0531693643186543,0.10362737,0.05931813,0.02746112920590263,0.4894094061553563,315
SMAD3,JUN,Activation,1.0,A,0.0959399584049188,0.212225336829731,0.10362737,0.31331745,0.46221066808864275,2.6821019141480775,316
SMAD3,MYC,Repression,-1.0,A,0.0959399584049188,0.1900714350302917,0.10362737,0.40753916,0.6234821430486673,2.3766956239501154,317
SMAD3,TGFB1,Activation,1.0,A,0.0959399584049188,0.216113572655755,0.10362737,0.28564844,0.4148519218571885,2.735703834468536,318
SMAD3,ZFP36,Activation,1.0,A,0.0959399584049188,0.3450583235373897,0.10362737,0.50410545,0.7887666408540824,4.513293099049333,319
SP100,ETS1,Repression,-1.0,A,0.2053531060674559,0.2859209693462333,0.24468644,0.3929772,0.5985576456317888,3.6980452876637506,320
SP3,ADGRE5,Activation,1.0,A,0.0795731983000269,0.2227145311510982,0.084275976,0.28148872,0.4077320746391672,2.826702443384664,321
SP3,CDKN1A,Activation,1.0,A,0.0795731983000269,0.0531693643186543,0.084275976,0.05931813,0.02746112920590263,0.4894094061553563,322
SP3,CTSB,Activation,1.0,A,0.0795731983000269,0.1334659553304998,0.084275976,0.15688677,0.19446126625121468,1.5963513885871572,323
SP3,CTSL,Activation,1.0,A,0.0795731983000269,0.07242969527082,0.084275976,0.13256273,0.1528278273358454,0.7549258951846065,324
SP3,DNASE2,Activation,1.0,A,0.0795731983000269,0.0702595171353647,0.084275976,0.07396726,0.052534828271448626,0.7250085443080713,325
SP3,EAPP,Repression,-1.0,A,0.0795731983000269,0.2137625463423451,0.084275976,0.25418139,0.3609923860226039,2.703293371018956,326
SP3,ETF1,Repression,-1.0,A,0.0795731983000269,0.1255990595894744,0.084275976,0.16321589,0.20529429525906212,1.4879009916597175,327
SP3,RORA,Activation,1.0,A,0.0795731983000269,0.2863730897911198,0.084275976,0.39342964,0.5993320496001621,3.704278069096362,328
SP3,TIMP1,Activation,1.0,A,0.0795731983000269,0.1614069988244865,0.084275976,0.23880976,0.3346820437178446,1.9815372811225467,329
SP3,TPMT,Activation,1.0,A,0.0795731983000269,0.0615788045935436,0.084275976,0.064562805,0.036438003781156754,0.605339140801931,330
SP3,UBC,Activation,1.0,A,0.0795731983000269,0.7110950357175138,0.084275976,1.5929546,2.6524592911941047,9.559352946891591,331
SREBF2,FDFT1,Activation,1.0,A,0.0713446062030923,0.1433221810290258,0.07631836,0.16357788,0.20591388347520448,1.7322260238180869,332
SREBF2,FDPS,Activation,0.5,B,0.0713446062030923,0.1960394249027937,0.07631836,0.23184755,0.3227654071413971,2.4589683388605863,333
STAT1,BAX,Activation,1.0,A,0.2370015372095121,0.4275250926846903,0.39786178,0.6769006,1.0845257467590663,5.650152432357667,334
STAT1,CDKN1A,Activation,1.0,A,0.2370015372095121,0.0531693643186543,0.39786178,0.05931813,0.02746112920590263,0.4894094061553563,335
STAT1,CTSB,Activation,1.0,A,0.2370015372095121,0.1334659553304998,0.39786178,0.15688677,0.19446126625121468,1.5963513885871572,336
STAT1,CTSL,Activation,1.0,A,0.2370015372095121,0.07242969527082,0.39786178,0.13256273,0.1528278273358454,0.7549258951846065,337
STAT1,FAS,Activation,1.0,A,0.2370015372095121,0.1533592549055065,0.39786178,0.18482736,0.24228485341125786,1.8705937716220622,338
STAT1,GLS,Activation,1.0,A,0.2370015372095121,0.1158332579799256,0.39786178,0.12985073,0.14818592219432777,1.353272912715309,339
STAT1,HLA-E,Activation,1.0,A,0.2370015372095121,0.6858667148928461,0.39786178,1.6029826,2.6696233858693037,9.21156374295187,340
STAT1,HSP90AA1,Repression,-1.0,A,0.2370015372095121,0.5568315399222342,0.39786178,1.4430258,2.395838617307094,7.432727922084553,341
STAT1,ICAM1,Activation,1.0,A,0.2370015372095121,0.0548874220092231,0.39786178,0.06338724,0.03442588681298263,0.5130939755992804,342
STAT1,IRF1,Activation,1.0,A,0.2370015372095121,0.4330409621123058,0.39786178,0.7370306,1.187445273366536,5.726192365835527,343
STAT1,IRF7,Activation,1.0,A,0.2370015372095121,0.1421466678723209,0.39786178,0.16719463,0.21210437404326643,1.7160207920932973,344
STAT1,LY96,Activation,1.0,A,0.2370015372095121,0.0554299665430869,0.39786178,0.06447236,0.03628319658701054,0.5205733133184138,345
STAT1,MVP,Activation,1.0,A,0.2370015372095121,0.2181029026132557,0.39786178,0.25960627,0.37027770252854647,2.7631280727720267,346
STAT1,PIM1,Activation,1.0,A,0.2370015372095121,0.3395424541097742,0.39786178,0.52879274,0.8310218246229385,4.437253165571473,347
STAT1,PLSCR1,Activation,1.0,A,0.2370015372095121,0.0609458359707024,0.39786178,0.06637134,0.03953352292389815,0.5966132467962739,348
STAT1,PSMB9,Activation,1.0,A,0.2370015372095121,0.4754498598426611,0.39786178,0.80511516,1.303979959620949,6.310827264214484,349
STAT1,S100A10,Activation,1.0,A,0.2370015372095121,0.7944660457545875,0.39786178,2.465595,4.1460853824389545,10.708677843065148,350
STAT1,SMARCA4,Activation,1.0,A,0.2370015372095121,0.0914187539560537,0.39786178,0.10127613,0.09927715277809963,1.016702715354289,351
STAT1,SOCS3,Activation,1.0,A,0.2370015372095121,0.22533682973144,0.39786178,0.35075095,0.5262824808154133,2.862852575693811,352
STAT1,STAT2,Activation,1.0,A,0.2370015372095121,0.0599511709919521,0.39786178,0.063748956,0.03504500604608336,0.5829011276445292,353
STAT1,STAT3,Activation,1.0,A,0.2370015372095121,0.2682882719956591,0.39786178,0.34668154,0.5193172097232511,3.454966811791902,354
STAT1,TAP1,Activation,1.0,A,0.2370015372095121,0.3458721403381854,0.39786178,0.58865273,0.9334791975404149,4.524512105628033,355
STAT1,TBX21,Activation,1.0,A,0.2370015372095121,0.0620309250384301,0.39786178,0.0701693,0.04603417559767339,0.6115719222345423,356
STAT1,TIMP1,Activation,1.0,A,0.2370015372095121,0.1614069988244865,0.39786178,0.23880976,0.3346820437178446,1.9815372811225467,357
STAT1,TP53,Activation,1.0,A,0.2370015372095121,0.1031738855231031,0.39786178,0.11601565,0.12450556489886012,1.178755032602187,358
STAT1,UPP1,Activation,1.0,A,0.2370015372095121,0.2332941495614427,0.39786178,0.29785433,0.43574372995003474,2.972549528907773,359
STAT2,IRF1,Activation,1.0,A,0.0599511709919521,0.4330409621123058,0.063748956,0.7370306,1.187445273366536,5.726192365835527,360
STAT2,STAT1,Activation,0.5,B,0.0599511709919521,0.2370015372095121,0.063748956,0.39786178,0.6069181755050019,3.0236583366551866,361
STAT3,BCL2,Activation,1.0,A,0.2682882719956591,0.0994664978750337,0.34668154,0.11927093,0.1300773572915886,1.1276462248547732,362
STAT3,BCL2L1,Activation,1.0,A,0.2682882719956591,0.105524911836513,0.34668154,0.13129713,0.15066160493647054,1.2111654960517668,363
STAT3,CCND2,Activation,1.0,A,0.2682882719956591,0.1720770413238083,0.34668154,0.2671133,0.3831268622462926,2.1286309229321776,364
STAT3,CCND3,Activation,1.0,A,0.2682882719956591,0.2096934623383665,0.34668154,0.2851957,0.41407700440373324,2.6471983381254534,365
STAT3,CDK4,Activation,1.0,A,0.2682882719956591,0.13681164662266,0.34668154,0.1856409,0.24367732225669675,1.642473971188482,366
STAT3,CDKN1A,Activation,1.0,A,0.2682882719956591,0.0531693643186543,0.34668154,0.05931813,0.02746112920590263,0.4894094061553563,367
STAT3,CISH,Activation,1.0,A,0.2682882719956591,0.1640292974048283,0.34668154,0.24568214,0.34644492574456404,2.0176874134316933,368
STAT3,COPS5,Activation,1.0,A,0.2682882719956591,0.1069716972601498,0.34668154,0.11854774,0.12883953303668663,1.2311103966361228,369
STAT3,CSRP1,Activation,1.0,A,0.2682882719956591,0.0573288724116103,0.34668154,0.059408553,0.027615898744476185,0.5467509953353825,370
STAT3,ETV6,Activation,1.0,A,0.2682882719956591,0.1171896193145851,0.34668154,0.14052029,0.16644812183360919,1.3719712570131426,371
STAT3,FAS,Repression,-1.0,A,0.2682882719956591,0.1533592549055065,0.34668154,0.18482736,0.24228485341125786,1.8705937716220622,372
STAT3,HIF1A,Activation,1.0,A,0.2682882719956591,0.2409801971245135,0.34668154,0.33248553,0.4950190785255976,3.0785068132621682,373
STAT3,HSPB1,Activation,1.0,A,0.2682882719956591,0.2316665159598512,0.34668154,0.32055053,0.4745909303456518,2.950111515750371,374
STAT3,ICAM1,Activation,0.5,B,0.2682882719956591,0.0548874220092231,0.34668154,0.06338724,0.03442588681298263,0.5130939755992804,375
STAT3,IFNAR1,Activation,1.0,A,0.2682882719956591,0.074238177050366,0.34668154,0.07785562,0.05919021111660777,0.7798570209150517,376
STAT3,IRF1,Activation,1.0,A,0.2682882719956591,0.4330409621123058,0.34668154,0.7370306,1.187445273366536,5.726192365835527,377
STAT3,JUNB,Activation,1.0,A,0.2682882719956591,0.4911836513247119,0.34668154,0.96760553,1.5821012295140566,6.527728058069365,378
STAT3,MCL1,Activation,1.0,A,0.2682882719956591,0.3135907405732881,0.34668154,0.41323143,0.6332251288082198,4.079491511339573,379
STAT3,MYC,Activation,1.0,A,0.2682882719956591,0.1900714350302917,0.34668154,0.40753916,0.6234821430486673,2.3766956239501154,380
STAT3,MYD88,Activation,1.0,A,0.2682882719956591,0.0596798987250202,0.34668154,0.06320639,0.03411634088936778,0.5791614587849624,381
STAT3,PIM1,Activation,1.0,A,0.2682882719956591,0.3395424541097742,0.34668154,0.52879274,0.8310218246229385,4.437253165571473,382
STAT3,S100A11,Activation,1.0,A,0.2682882719956591,0.7537752057148009,0.34668154,2.350677,3.949389786917964,10.147727514130114,383
STAT3,SOCS1,Activation,1.0,A,0.2682882719956591,0.2668414865720223,0.34668154,0.53385776,0.8396911986568212,3.4350219112075457,384
STAT3,SOCS3,Activation,1.0,A,0.2682882719956591,0.22533682973144,0.34668154,0.35075095,0.5262824808154133,2.862852575693811,385
STAT3,STAT1,Activation,1.0,A,0.2682882719956591,0.2370015372095121,0.34668154,0.39786178,0.6069181755050019,3.0236583366551866,386
STAT3,TIMP1,Activation,1.0,A,0.2682882719956591,0.1614069988244865,0.34668154,0.23880976,0.3346820437178446,1.9815372811225467,387
STAT3,TP53,Repression,-1.0,A,0.2682882719956591,0.1031738855231031,0.34668154,0.11601565,0.12450556489886012,1.178755032602187,388
STAT3,USP7,Repression,-1.0,A,0.2682882719956591,0.0606745637037705,0.34668154,0.064201094,0.03581889310614071,0.5928735779367071,389
STAT3,ZFP36,Activation,1.0,A,0.2682882719956591,0.3450583235373897,0.34668154,0.50410545,0.7887666408540824,4.513293099049333,390
STAT4,IRF1,Activation,1.0,A,0.130843656750158,0.4330409621123058,0.14793496,0.7370306,1.187445273366536,5.726192365835527,391
STAT4,MYC,Activation,1.0,A,0.130843656750158,0.1900714350302917,0.14793496,0.40753916,0.6234821430486673,2.3766956239501154,392
STAT4,PIM1,Activation,1.0,A,0.130843656750158,0.3395424541097742,0.14793496,0.52879274,0.8310218246229385,4.437253165571473,393
STAT4,PRF1,Activation,1.0,A,0.130843656750158,0.2240708924857577,0.14793496,0.42019644,0.6451465579120997,2.845400787682498,394
STAT4,SOCS3,Repression,-1.0,A,0.130843656750158,0.22533682973144,0.14793496,0.35075095,0.5262824808154133,2.862852575693811,396
STAT4,TBX21,Activation,1.0,A,0.130843656750158,0.0620309250384301,0.14793496,0.0701693,0.04603417559767339,0.6115719222345423,397
STAT5A,BCL2L1,Activation,1.0,A,0.1002803146758294,0.105524911836513,0.11954209,0.13129713,0.15066160493647054,1.2111654960517668,398
STAT5A,CCND2,Activation,1.0,A,0.1002803146758294,0.1720770413238083,0.11954209,0.2671133,0.3831268622462926,2.1286309229321776,399
STAT5B,BCL2L1,Activation,1.0,A,0.0918708744009402,0.105524911836513,0.10073367,0.13129713,0.15066160493647054,1.2111654960517668,400
STAT6,CISH,Activation,1.0,A,0.0936793561804863,0.1640292974048283,0.10290383,0.24568214,0.34644492574456404,2.0176874134316933,401
STAT6,RHOA,Activation,1.0,A,0.0936793561804863,0.5080929559634677,0.10290383,0.8981602,1.4632374262760806,6.760834083649035,402
STAT6,SOCS1,Activation,1.0,A,0.0936793561804863,0.2668414865720223,0.10290383,0.53385776,0.8396911986568212,3.4350219112075457,403
TBX21,CXCR3,Activation,1.0,A,0.0620309250384301,0.1344606203092501,0.0701693,0.16846094,0.21427181169066878,1.610063507738902,404
TBX21,GATA3,Activation,1.0,A,0.0620309250384301,0.1491093227235732,0.0701693,0.19685411,0.2628700424454568,1.8120056261555135,405
TFDP1,PCNA,Activation,1.0,A,0.1022696446333301,0.084365675015824,0.123249695,0.09467497,0.08797849549787073,0.9194713250055493,406
TP53,BAX,Activation,1.0,A,0.1031738855231031,0.4275250926846903,0.11601565,0.6769006,1.0845257467590663,5.650152432357667,407
TP53,BBC3,Activation,1.0,A,0.1031738855231031,0.1107695089971966,0.11601565,0.1260529,0.14168549203075473,1.2834657606700604,408
TP53,BCL2,Repression,-1.0,A,0.1031738855231031,0.0994664978750337,0.11601565,0.11927093,0.1300773572915886,1.1276462248547732,409
TP53,BCL2L1,Repression,-1.0,A,0.1031738855231031,0.105524911836513,0.11601565,0.13129713,0.15066160493647054,1.2111654960517668,410
TP53,BCL3,Repression,-1.0,A,0.1031738855231031,0.0969346233836692,0.11601565,0.10805822,0.11088549291129857,1.092742648832149,411
TP53,BTG2,Activation,1.0,A,0.1031738855231031,0.2328420291165562,0.11601565,0.31376973,0.4629847981983055,2.9663167474751617,412
TP53,BTG3,Activation,1.0,A,0.1031738855231031,0.1114024776200377,0.11601565,0.12704761,0.14338805451722933,1.292191654675716,413
TP53,CASP1,Activation,1.0,A,0.1031738855231031,0.0863550049733247,0.11601565,0.09340907,0.0858117596134138,0.9468955633090402,414
TP53,CASP3,Activation,1.0,A,0.1031738855231031,0.0513608825391083,0.11601565,0.054435235,0.019103483407233418,0.4644782804249113,415
TP53,CD82,Activation,1.0,A,0.1031738855231031,0.1622208156252822,0.11601565,0.23022048,0.3199804865666887,1.992756287701247,416
TP53,CDKN1A,Activation,1.0,A,0.1031738855231031,0.0531693643186543,0.11601565,0.05931813,0.02746112920590263,0.4894094061553563,417
TP53,CDKN1B,Activation,1.0,A,0.1031738855231031,0.1434126051180031,0.11601565,0.16204068,0.20328278591490173,1.7334725801046091,418
TP53,CTNNB1,Repression,-1.0,A,0.1031738855231031,0.206257346957229,0.11601565,0.25454244,0.3616103653188225,2.599829199237606,419
TP53,CTSD,Activation,1.0,A,0.1031738855231031,0.1249660909666332,0.11601565,0.14703083,0.17759167238672735,1.4791750976540605,420
TP53,DDB1,Activation,1.0,A,0.1031738855231031,0.1115833257979923,0.11601565,0.12659542,0.14261407845309107,1.2946847672487602,421
TP53,DDB2,Activation,1.0,A,0.1031738855231031,0.1736142508364224,0.11601565,0.20888016,0.28345403334779773,2.149822379803056,422
TP53,DNMT1,Repression,-1.0,A,0.1031738855231031,0.1298489917714076,0.11601565,0.14684984,0.1772818868367409,1.5464891371262646,423
TP53,DUSP1,Activation,1.0,A,0.1031738855231031,0.0708020616692285,0.11601565,0.08102051,0.06460729045412174,0.7324878820272048,424
TP53,FAS,Activation,1.0,A,0.1031738855231031,0.1533592549055065,0.11601565,0.18482736,0.24228485341125786,1.8705937716220622,425
TP53,GSTP1,Activation,1.0,A,0.1031738855231031,0.5220182656659724,0.11601565,0.98523563,1.6122772073294955,6.952803751773468,426
TP53,HRAS,Activation,1.0,A,0.1031738855231031,0.1102269644633328,0.11601565,0.12424461,0.1385903922341637,1.2759864229509266,427
TP53,HSP90AB1,Repression,-1.0,A,0.1031738855231031,0.5648792838412142,0.11601565,1.6731519,2.7897263484233945,7.543671431585037,428
TP53,IER3,Activation,1.0,A,0.1031738855231031,0.1108599330861739,0.11601565,0.1934173,0.2569875402295942,1.2847123169565822,429
TP53,IFI16,Activation,1.0,A,0.1031738855231031,0.3506646170539825,0.11601565,0.47770202,0.7435740827896643,4.590579588813715,430
TP53,MAD1L1,Repression,-1.0,A,0.1031738855231031,0.0528980920517224,0.11601565,0.055339474,0.020651194197521323,0.48566973729578944,431
TP53,MAP4,Repression,-1.0,A,0.1031738855231031,0.1340084998643636,0.11601565,0.15001476,0.18269901752276305,1.603830726306291,432
TP53,MCM7,Repression,-1.0,A,0.1031738855231031,0.0604937155258159,0.11601565,0.06610006,0.03906919548039117,0.5903804653636627,433
TP53,MDM2,Activation,1.0,A,0.1031738855231031,0.0596798987250202,0.11601565,0.06456279,0.03643797810690264,0.5791614587849624,434
TP53,MDM4,Activation,1.0,A,0.1031738855231031,0.2255176779093946,0.11601565,0.2848342,0.4134582548798915,2.865345688266855,435
TP53,MGMT,Repression,-1.0,A,0.1031738855231031,0.0911474816891218,0.11601565,0.09693575,0.09184808484368207,1.0129630464947224,436
TP53,MYC,Repression,-1.0,A,0.1031738855231031,0.1900714350302917,0.11601565,0.40753916,0.6234821430486673,2.3766956239501154,437
TP53,NME1,Activation,1.0,A,0.1031738855231031,0.2106881273171168,0.11601565,0.50166833,0.7845952249770561,2.660910457277198,438
TP53,PLK3,Activation,1.0,A,0.1031738855231031,0.1206257346957227,0.11601565,0.14404643,0.17248352279072982,1.4193403959009911,439
TP53,PMAIP1,Activation,1.0,A,0.1031738855231031,0.2058956506013197,0.11601565,0.33104107,0.49254671632031866,2.5948429740915158,440
TP53,PTEN,Activation,1.0,A,0.1031738855231031,0.099556921964011,0.11601565,0.10869115,0.11196882662118825,1.1288927811412954,441
TP53,RASSF1,Repression,-1.0,A,0.1031738855231031,0.0859028845284382,0.11601565,0.09187181,0.08318055935609468,0.9406627818764287,442
TP53,RB1,Repression,-1.0,A,0.1031738855231031,0.0717063025590015,0.11601565,0.07604706,0.056094649183442875,0.7449534448924272,443
TP53,RELA,Activation,1.0,A,0.1031738855231031,0.1214395514965184,0.11601565,0.13220173,0.15220993362047378,1.4305594024796915,444
TP53,SIAH1,Activation,1.0,A,0.1031738855231031,0.0507279139162671,0.11601565,0.05271718,0.016162831365231164,0.45575238641925414,445
TP53,SIVA1,Activation,1.0,A,0.1031738855231031,0.2946016818880544,0.11601565,0.3656688,0.5518161255850996,3.817714691169891,446
TP53,SMAD3,Activation,0.5,B,0.1031738855231031,0.0959399584049188,0.11601565,0.10362737,0.10330157499231128,1.0790305296804028,447
TP53,STAT1,Activation,1.0,A,0.1031738855231031,0.2370015372095121,0.11601565,0.39786178,0.6069181755050019,3.0236583366551866,448
TP53,STAT3,Repression,-1.0,A,0.1031738855231031,0.2682882719956591,0.11601565,0.34668154,0.5193172097232511,3.454966811791902,449
TP53,TRIM22,Activation,1.0,A,0.1031738855231031,0.1177321638484489,0.11601565,0.1339197,0.15515044017503615,1.3794505947322762,450
TP53,XPC,Activation,1.0,A,0.1031738855231031,0.0849986436386651,0.11601565,0.093137704,0.08534728497084998,0.928197219011205,451
USF2,ATP5F1A,Activation,1.0,A,0.1599602134008496,0.3635048376887596,0.17759357,0.5185736,0.8135305714858113,4.767590581499881,452
USF2,CD2,Activation,1.0,A,0.1599602134008496,0.6487024143231744,0.17759357,1.6377969,2.7292121315065967,8.699229109191206,454
USF2,CTSB,Activation,1.0,A,0.1599602134008496,0.1334659553304998,0.17759357,0.15688677,0.19446126625121468,1.5963513885871572,455
USF2,CTSD,Activation,1.0,A,0.1599602134008496,0.1249660909666332,0.17759357,0.14703083,0.17759167238672735,1.4791750976540605,456
USF2,CXCR4,Activation,1.0,A,0.1599602134008496,0.5187629984627895,0.17759357,1.07857,1.7720298961139027,6.9079277254586655,457
USF2,IGF2R,Activation,1.0,A,0.1599602134008496,0.0502757934713806,0.17759357,0.05434481,0.018948710445426,0.44951960498664284,458
USF2,MYH9,Activation,1.0,A,0.1599602134008496,0.2163848449226869,0.17759357,0.257617,0.36687283429813833,2.7394435033281024,459
USF2,PTPN6,Activation,1.0,A,0.1599602134008496,0.1491997468125505,0.17759357,0.19088514,0.25265345227858194,1.8132521824420358,460
USF2,SF1,Activation,1.0,A,0.1599602134008496,0.352020978388642,0.17759357,0.47815406,0.7443478021112615,4.6092779331115485,461
USF2,TGFB1,Activation,1.0,A,0.1599602134008496,0.216113572655755,0.17759357,0.28564844,0.4148519218571885,2.735703834468536,462
YBX1,KPNA2,Repression,-1.0,A,0.8071254182114099,0.0802061669228681,2.9699128,0.09585051,0.08999056967562136,0.8621297358255243,463
YBX1,SUMO1,Repression,-1.0,A,0.8071254182114099,0.4571841938692458,2.9699128,0.6885654,1.1044914160418007,6.05902289433698,464
YY1,APH1A,Activation,1.0,A,0.2028212315760914,0.2182837507912103,0.23609658,0.25861156,0.368575140042072,2.765621185345071,465
YY1,CREBBP,Repression,-1.0,A,0.2028212315760914,0.067365946288091,0.23609658,0.07098314,0.047427157928194304,0.6851187431393579,466
YY1,CTCF,Activation,1.0,A,0.2028212315760914,0.091509178045031,0.23609658,0.09901552,0.09540785440716812,1.0179492716408112,467
YY1,CXCR4,Repression,-1.0,A,0.2028212315760914,0.5187629984627895,0.23609658,1.07857,1.7720298961139027,6.9079277254586655,468
YY1,DEK,Activation,1.0,A,0.2028212315760914,0.3406275431775018,0.23609658,0.46214974,0.7169545368846783,4.45221184100974,469
YY1,FAS,Repression,-1.0,A,0.2028212315760914,0.1533592549055065,0.23609658,0.18482736,0.24228485341125786,1.8705937716220622,470
YY1,FDPS,Repression,-1.0,A,0.2028212315760914,0.1960394249027937,0.23609658,0.23184755,0.3227654071413971,2.4589683388605863,471
YY1,GNAS,Activation,0.5,B,0.2028212315760914,0.2595171353648607,0.23609658,0.32850707,0.4882094789941367,3.3340508519992396,472
YY1,HSPA5,Activation,1.0,A,0.2028212315760914,0.2642191879916805,0.23609658,0.44099292,0.6807421653742934,3.398871778898399,473
YY1,MYC,Repression,-1.0,A,0.2028212315760914,0.1900714350302917,0.23609658,0.40753916,0.6234821430486673,2.3766956239501154,474
YY1,NR3C1,Activation,1.0,A,0.2028212315760914,0.2848358802785056,0.23609658,0.38194606,0.5796765595393104,3.683086612225482,475
YY1,PRDM2,Activation,1.0,A,0.2028212315760914,0.10462067094674,0.23609658,0.11502108,0.12280324203875717,1.1986999331865444,476
YY1,TP53,Activation,1.0,A,0.2028212315760914,0.1031738855231031,0.23609658,0.11601565,0.12450556489886012,1.178755032602187,477
ZBTB7A,PFKP,Repression,-1.0,A,0.1563432498417575,0.1080567863278775,0.17904046,0.12198376,0.13472068307516655,1.2460690720743914,478
ZEB2,VIM,Activation,1.0,A,0.0693552762455917,0.769599421285829,0.08192475,2.7404866,4.616594501686749,10.365874864271516,479
ZNF224,ALDOA,Repression,-1.0,A,0.0749615697621845,0.6619043313138607,0.0793929,1.6273981,2.711413369270013,8.88122632702346,480
