dataset,condition,edge_set,repeat,positive_edges,negative_edges,internal_duplicate_tf_target,failed_matches,relaxed_fraction,positive_negative_overlap_unique,negative_overlap_with_known_union_unique,smd_target_mean_counts,smd_target_detection_rate
GSE126030_T_cells,blood,trrust,0,1292,1292,0,0,0.0,0,0,0.007404797856306658,-0.00041260706761505673
GSE126030_T_cells,blood,trrust,1,1292,1292,0,0,0.0,0,0,0.006040444722845608,-0.0003401683787061715
GSE126030_T_cells,blood,trrust,2,1292,1292,0,0,0.0,0,0,0.006995421968382602,-4.185789709845267e-05
GSE126030_T_cells,blood,trrust,3,1292,1292,0,0,0.0,0,0,0.007976719486611373,-0.0003601848521481818
GSE126030_T_cells,blood,trrust,4,1292,1292,0,0,0.0,0,0,0.006834618117764204,-0.00037062480613951263
GSE126030_T_cells,blood,trrust,5,1292,1292,0,0,0.0,0,0,0.008076848758211226,-0.0009647276881446328
GSE126030_T_cells,blood,trrust,6,1292,1292,0,0,0.0,0,0,0.006998577626019722,-0.0008577900879835311
GSE126030_T_cells,blood,trrust,7,1292,1292,0,0,0.0,0,0,0.006870875764005016,-0.0006677947424207483
GSE126030_T_cells,blood,trrust,8,1292,1292,0,0,0.0,0,0,0.0058163681059389604,0.0001613980584251874
GSE126030_T_cells,blood,trrust,9,1292,1292,0,0,0.0,0,0,0.006817306013901933,-0.00013072951125277262
GSE126030_T_cells,blood,dorothea_ab,0,2550,2550,0,0,0.0,0,0,0.00312427822526329,-0.0008045805185268339
GSE126030_T_cells,blood,dorothea_ab,1,2550,2550,0,0,0.0,0,0,0.0030125961115679764,-0.0006121768108336212
GSE126030_T_cells,blood,dorothea_ab,2,2550,2550,0,0,0.0,0,0,0.0027699456540117543,-0.0006917841785879281
GSE126030_T_cells,blood,dorothea_ab,3,2550,2550,0,0,0.0,0,0,0.0030810157972757215,-0.0002842171655575875
GSE126030_T_cells,blood,dorothea_ab,4,2550,2550,0,0,0.0,0,0,0.0031343332249989153,-0.00039803700932698044
GSE126030_T_cells,blood,dorothea_ab,5,2550,2550,0,0,0.0,0,0,0.0032389016346686616,-0.0006756654322340544
GSE126030_T_cells,blood,dorothea_ab,6,2550,2550,0,0,0.0,0,0,0.0035883134993754543,-0.0007728666156826936
GSE126030_T_cells,blood,dorothea_ab,7,2550,2550,0,0,0.0,0,0,0.003003644345952217,-0.0005753215440439033
GSE126030_T_cells,blood,dorothea_ab,8,2550,2550,0,0,0.0,0,0,0.0027218658382120943,-0.0003837237644167551
GSE126030_T_cells,blood,dorothea_ab,9,2550,2550,0,0,0.0,0,0,0.0029783050155710797,-0.0003503950172438913
GSE126030_T_cells,blood,trrust_dorothea_intersection,0,529,529,0,0,0.0,0,0,0.008928162713323478,-0.0006128592923626247
GSE126030_T_cells,blood,trrust_dorothea_intersection,1,529,529,0,0,0.0,0,0,0.008734652732494198,-0.0005557887334238037
GSE126030_T_cells,blood,trrust_dorothea_intersection,2,529,529,0,0,0.0,0,0,0.009755415069449422,-0.0011594496922001842
GSE126030_T_cells,blood,trrust_dorothea_intersection,3,529,529,0,0,0.0,0,0,0.01051973107266764,-0.0007729485734870974
GSE126030_T_cells,blood,trrust_dorothea_intersection,4,529,529,0,0,0.0,0,0,0.0079282175030584,-0.0006014754324126397
GSE126030_T_cells,blood,trrust_dorothea_intersection,5,529,529,0,0,0.0,0,0,0.012419518239287594,8.474146917478624e-05
GSE126030_T_cells,blood,trrust_dorothea_intersection,6,529,529,0,0,0.0,0,0,0.009351512708757006,-0.001617374423458559
GSE126030_T_cells,blood,trrust_dorothea_intersection,7,529,529,0,0,0.0,0,0,0.010073752843761878,-0.0011427488912004312
GSE126030_T_cells,blood,trrust_dorothea_intersection,8,529,529,0,0,0.0,0,0,0.009856723164730841,-0.0009125607913416922
GSE126030_T_cells,blood,trrust_dorothea_intersection,9,529,529,0,0,0.0,0,0,0.011087965372882423,-0.0003372436735459302
GSE126030_T_cells,blood,trrust_dorothea_union,0,3313,3313,0,0,0.0,0,0,0.0031671332065299723,-0.0006362107059539152
GSE126030_T_cells,blood,trrust_dorothea_union,1,3313,3313,0,0,0.0,0,0,0.0033917449182497327,-0.00025193821122496704
GSE126030_T_cells,blood,trrust_dorothea_union,2,3313,3313,0,0,0.0,0,0,0.0035047478838781516,-0.0005145871559344962
GSE126030_T_cells,blood,trrust_dorothea_union,3,3313,3313,0,0,0.0,0,0,0.0031355894201537376,-0.000405941764293085
GSE126030_T_cells,blood,trrust_dorothea_union,4,3313,3313,0,0,0.0,0,0,0.0030835282632283093,-0.0004878666557703346
GSE126030_T_cells,blood,trrust_dorothea_union,5,3313,3313,0,0,0.0,0,0,0.003606550794627021,-0.0007904786680504463
GSE126030_T_cells,blood,trrust_dorothea_union,6,3313,3313,0,0,0.0,0,0,0.0034419277969398848,-0.0003820611887401578
GSE126030_T_cells,blood,trrust_dorothea_union,7,3313,3313,0,0,0.0,0,0,0.0035513963581065033,-0.000790115565515753
GSE126030_T_cells,blood,trrust_dorothea_union,8,3313,3313,0,0,0.0,0,0,0.0030609166951384523,-0.0002669231238933758
GSE126030_T_cells,blood,trrust_dorothea_union,9,3313,3313,0,0,0.0,0,0,0.0034032322782112556,-0.0006120996806729766
GSE126030_T_cells,lung,trrust,0,1137,1137,0,0,0.0,0,0,0.0067413482783005374,-0.0015691475550376642
GSE126030_T_cells,lung,trrust,1,1137,1137,0,0,0.0,0,0,0.006907200463127751,-0.0014058298545555526
GSE126030_T_cells,lung,trrust,2,1137,1137,0,0,0.0,0,0,0.00657497655369267,-0.0014279720963774722
GSE126030_T_cells,lung,trrust,3,1137,1137,0,0,0.0,0,0,0.006170907555639094,-0.0015163876198337587
GSE126030_T_cells,lung,trrust,4,1137,1137,0,0,0.0,0,0,0.007293238341372978,-0.001738439164245692
GSE126030_T_cells,lung,trrust,5,1137,1137,0,0,0.0,0,0,0.006636477789038295,-0.001369387974568005
GSE126030_T_cells,lung,trrust,6,1137,1137,0,0,0.0,0,0,0.006946042478365529,-0.0021437599466620255
GSE126030_T_cells,lung,trrust,7,1137,1137,0,0,0.0,0,0,0.006382521253583668,-0.0011703910205948288
GSE126030_T_cells,lung,trrust,8,1137,1137,0,0,0.0,0,0,0.00679687190906752,-0.0011310831802235062
GSE126030_T_cells,lung,trrust,9,1137,1137,0,0,0.0,0,0,0.005363854097604133,-0.0010702863397286254
GSE126030_T_cells,lung,dorothea_ab,0,2102,2102,0,0,0.0,0,0,0.0035658655338664134,-0.0005290648852098914
GSE126030_T_cells,lung,dorothea_ab,1,2102,2102,0,0,0.0,0,0,0.0038645423067479538,-0.0006895110759496672
GSE126030_T_cells,lung,dorothea_ab,2,2102,2102,0,0,0.0,0,0,0.003875723761372723,-0.0006807250415803721
GSE126030_T_cells,lung,dorothea_ab,3,2102,2102,0,0,0.0,0,0,0.003375813842277467,-0.0005286868683302831
GSE126030_T_cells,lung,dorothea_ab,4,2102,2102,0,0,0.0,0,0,0.003779585511396356,-0.0005733258735530677
GSE126030_T_cells,lung,dorothea_ab,5,2102,2102,0,0,0.0,0,0,0.003746905827064956,-0.000935417017900604
GSE126030_T_cells,lung,dorothea_ab,6,2102,2102,0,0,0.0,0,0,0.00373429593814947,-0.0010920039254956396
GSE126030_T_cells,lung,dorothea_ab,7,2102,2102,0,0,0.0,0,0,0.0035153487372290284,-0.0009024757124537368
GSE126030_T_cells,lung,dorothea_ab,8,2102,2102,0,0,0.0,0,0,0.0038776262306153705,-0.0007806008131176034
GSE126030_T_cells,lung,dorothea_ab,9,2102,2102,0,0,0.0,0,0,0.0034100276667297096,-0.0007620235830663423
GSE126030_T_cells,lung,trrust_dorothea_intersection,0,466,466,0,0,0.0,0,0,0.013524246239410013,-0.0019500059964662668
GSE126030_T_cells,lung,trrust_dorothea_intersection,1,466,466,0,0,0.0,0,0,0.013049828580393552,-0.0017344855173916096
GSE126030_T_cells,lung,trrust_dorothea_intersection,2,466,466,0,0,0.0,0,0,0.011091779884036796,-0.0020931806104866548
GSE126030_T_cells,lung,trrust_dorothea_intersection,3,466,466,0,0,0.0,0,0,0.009569079594385504,-0.0017245363501418166
GSE126030_T_cells,lung,trrust_dorothea_intersection,4,466,466,0,0,0.0,0,0,0.012721399529947094,-0.001675929828458766
GSE126030_T_cells,lung,trrust_dorothea_intersection,5,466,466,0,0,0.0,0,0,0.010847584006435984,-0.0011182091471411317
GSE126030_T_cells,lung,trrust_dorothea_intersection,6,466,466,0,0,0.0,0,0,0.012378210767994446,-0.0020904358527638325
GSE126030_T_cells,lung,trrust_dorothea_intersection,7,466,466,0,0,0.0,0,0,0.011916436591097822,-0.0029881923352149814
GSE126030_T_cells,lung,trrust_dorothea_intersection,8,466,466,0,0,0.0,0,0,0.01335456602461238,-0.002078370040306807
GSE126030_T_cells,lung,trrust_dorothea_intersection,9,466,466,0,0,0.0,0,0,0.012090524877603993,-0.0023628132665574203
GSE126030_T_cells,lung,trrust_dorothea_union,0,2773,2773,0,0,0.0,0,0,0.004294322862436865,-0.0011396719170959416
GSE126030_T_cells,lung,trrust_dorothea_union,1,2773,2773,0,0,0.0,0,0,0.0035485116600202727,-0.0007688733801119265
GSE126030_T_cells,lung,trrust_dorothea_union,2,2773,2773,0,0,0.0,0,0,0.003717393348717818,-0.0011534731430876233
GSE126030_T_cells,lung,trrust_dorothea_union,3,2773,2773,0,0,0.0,0,0,0.00389730450987332,-0.0009080174351572358
GSE126030_T_cells,lung,trrust_dorothea_union,4,2773,2773,0,0,0.0,0,0,0.0038825311911550773,-0.0008445686619260765
GSE126030_T_cells,lung,trrust_dorothea_union,5,2773,2773,0,0,0.0,0,0,0.00386369078405676,-0.00084324805556015
GSE126030_T_cells,lung,trrust_dorothea_union,6,2773,2773,0,0,0.0,0,0,0.003913625084691666,-0.0005119619165338902
GSE126030_T_cells,lung,trrust_dorothea_union,7,2773,2773,0,0,0.0,0,0,0.0034770323899028913,-0.0010188845275609633
GSE126030_T_cells,lung,trrust_dorothea_union,8,2773,2773,0,0,0.0,0,0,0.00394158141355937,-0.0010880524179659313
GSE126030_T_cells,lung,trrust_dorothea_union,9,2773,2773,0,0,0.0,0,0,0.004125813702699306,-0.0008983194549115989
GSE126030_T_cells,lymph_node,trrust,0,1071,1071,0,0,0.0,0,0,0.00934767548529422,-0.00038018212235370704
GSE126030_T_cells,lymph_node,trrust,1,1071,1071,0,0,0.0,0,0,0.0070494341849591715,-0.00030669971827919866
GSE126030_T_cells,lymph_node,trrust,2,1071,1071,0,0,0.0,0,0,0.008747755788737276,-0.0002758212043376347
GSE126030_T_cells,lymph_node,trrust,3,1071,1071,0,0,0.0,0,0,0.009221465429219998,-0.00011107270480427145
GSE126030_T_cells,lymph_node,trrust,4,1071,1071,0,0,0.0,0,0,0.009963076503408151,-0.0008837983684498195
GSE126030_T_cells,lymph_node,trrust,5,1071,1071,0,0,0.0,0,0,0.008910461602288422,-0.00037905853201513186
GSE126030_T_cells,lymph_node,trrust,6,1071,1071,0,0,0.0,0,0,0.00875603294949975,-0.0006083774333124493
GSE126030_T_cells,lymph_node,trrust,7,1071,1071,0,0,0.0,0,0,0.009027140690359163,-5.266236371463157e-05
GSE126030_T_cells,lymph_node,trrust,8,1071,1071,0,0,0.0,0,0,0.009782063593818568,0.00020510426345413062
GSE126030_T_cells,lymph_node,trrust,9,1071,1071,0,0,0.0,0,0,0.00878888878431565,-0.0005480565133598977
GSE126030_T_cells,lymph_node,dorothea_ab,0,2029,2029,0,0,0.0,0,0,0.004008083997328848,0.00015064773946699622
GSE126030_T_cells,lymph_node,dorothea_ab,1,2029,2029,0,0,0.0,0,0,0.0036026551185376716,0.0003207621476449029
GSE126030_T_cells,lymph_node,dorothea_ab,2,2029,2029,0,0,0.0,0,0,0.0028818559598809954,0.00011258382695006309
GSE126030_T_cells,lymph_node,dorothea_ab,3,2029,2029,0,0,0.0,0,0,0.003987343905973614,-4.000596105191657e-05
GSE126030_T_cells,lymph_node,dorothea_ab,4,2029,2029,0,0,0.0,0,0,0.0038230677141624252,-0.0001037174441879806
GSE126030_T_cells,lymph_node,dorothea_ab,5,2029,2029,0,0,0.0,0,0,0.003881996240134182,8.33750721667909e-05
GSE126030_T_cells,lymph_node,dorothea_ab,6,2029,2029,0,0,0.0,0,0,0.0037310889313506364,-2.6553566050366134e-05
GSE126030_T_cells,lymph_node,dorothea_ab,7,2029,2029,0,0,0.0,0,0,0.003400144264554038,-0.0002040767725310702
GSE126030_T_cells,lymph_node,dorothea_ab,8,2029,2029,0,0,0.0,0,0,0.003953769491959318,5.895887703772321e-05
GSE126030_T_cells,lymph_node,dorothea_ab,9,2029,2029,0,0,0.0,0,0,0.003714413645341565,0.00014182585252757354
GSE126030_T_cells,lymph_node,trrust_dorothea_intersection,0,441,441,0,0,0.0,0,0,0.014479291603577664,0.00045261401933888715
GSE126030_T_cells,lymph_node,trrust_dorothea_intersection,1,441,441,0,0,0.0,0,0,0.014590696000764741,8.708164811398243e-05
GSE126030_T_cells,lymph_node,trrust_dorothea_intersection,2,441,441,0,0,0.0,0,0,0.011029233188675599,0.0003318031707037001
GSE126030_T_cells,lymph_node,trrust_dorothea_intersection,3,441,441,0,0,0.0,0,0,0.01215063201345496,0.0004414384783126941
GSE126030_T_cells,lymph_node,trrust_dorothea_intersection,4,441,441,0,0,0.0,0,0,0.016235675314229373,0.00016309998676911408
GSE126030_T_cells,lymph_node,trrust_dorothea_intersection,5,441,441,0,0,0.0,0,0,0.01896902786786028,-0.00029895787334721993
GSE126030_T_cells,lymph_node,trrust_dorothea_intersection,6,441,441,0,0,0.0,0,0,0.01346519534753901,0.000529542289570236
GSE126030_T_cells,lymph_node,trrust_dorothea_intersection,7,441,441,0,0,0.0,0,0,0.014743325678752944,-0.0003055008714895082
GSE126030_T_cells,lymph_node,trrust_dorothea_intersection,8,441,441,0,0,0.0,0,0,0.013793408164583762,-6.144329084925543e-05
GSE126030_T_cells,lymph_node,trrust_dorothea_intersection,9,441,441,0,0,0.0,0,0,0.01268866554078844,-0.0009999901529472725
GSE126030_T_cells,lymph_node,trrust_dorothea_union,0,2659,2659,0,0,0.0,0,0,0.00387837826970558,0.00010226729438633965
GSE126030_T_cells,lymph_node,trrust_dorothea_union,1,2659,2659,0,0,0.0,0,0,0.004287956839547481,-5.4152857322691726e-05
GSE126030_T_cells,lymph_node,trrust_dorothea_union,2,2659,2659,0,0,0.0,0,0,0.004303698333668264,-0.0001480627307046186
GSE126030_T_cells,lymph_node,trrust_dorothea_union,3,2659,2659,0,0,0.0,0,0,0.00447285717136098,-0.00038105294561162063
GSE126030_T_cells,lymph_node,trrust_dorothea_union,4,2659,2659,0,0,0.0,0,0,0.003934492039606003,-9.185016971334105e-06
GSE126030_T_cells,lymph_node,trrust_dorothea_union,5,2659,2659,0,0,0.0,0,0,0.0036319268183681794,-0.00016370534039288328
GSE126030_T_cells,lymph_node,trrust_dorothea_union,6,2659,2659,0,0,0.0,0,0,0.0036434062297221637,-0.00017124893915844262
GSE126030_T_cells,lymph_node,trrust_dorothea_union,7,2659,2659,0,0,0.0,0,0,0.004062897714805155,-1.6208260125480548e-05
GSE126030_T_cells,lymph_node,trrust_dorothea_union,8,2659,2659,0,0,0.0,0,0,0.004168100056539603,3.999014558289074e-05
GSE126030_T_cells,lymph_node,trrust_dorothea_union,9,2659,2659,0,0,0.0,0,0,0.004128752891143766,-0.00017557758431412118
GSE126030_T_cells,bone_marrow,trrust,0,1209,1209,0,0,0.0,0,0,0.005343562557875164,-0.0023779671176673966
GSE126030_T_cells,bone_marrow,trrust,1,1209,1209,0,0,0.0,0,0,0.006224425713654237,-0.0018020615941677694
GSE126030_T_cells,bone_marrow,trrust,2,1209,1209,0,0,0.0,0,0,0.005591556376882865,-0.001508310716249723
GSE126030_T_cells,bone_marrow,trrust,3,1209,1209,0,0,0.0,0,0,0.006527434714981229,-0.0016044765182204612
GSE126030_T_cells,bone_marrow,trrust,4,1209,1209,0,0,0.0,0,0,0.006565885873374109,-0.0014168843691052912
GSE126030_T_cells,bone_marrow,trrust,5,1209,1209,0,0,0.0,0,0,0.006255486251664351,-0.00196301495510014
GSE126030_T_cells,bone_marrow,trrust,6,1209,1209,0,0,0.0,0,0,0.006162975892994164,-0.0012987819531658246
GSE126030_T_cells,bone_marrow,trrust,7,1209,1209,0,0,0.0,0,0,0.006830274699288597,-0.0014767112366394146
GSE126030_T_cells,bone_marrow,trrust,8,1209,1209,0,0,0.0,0,0,0.006251837481430931,-0.0013074574646496694
GSE126030_T_cells,bone_marrow,trrust,9,1209,1209,0,0,0.0,0,0,0.005953450088481711,-0.0014993142740429015
GSE126030_T_cells,bone_marrow,dorothea_ab,0,2223,2223,0,0,0.0,0,0,0.001995347988888611,-0.000918319587259135
GSE126030_T_cells,bone_marrow,dorothea_ab,1,2223,2223,0,0,0.0,0,0,0.002272679156876507,-0.0010256045442118215
GSE126030_T_cells,bone_marrow,dorothea_ab,2,2223,2223,0,0,0.0,0,0,0.0020915145387990874,-0.0008254632160584387
GSE126030_T_cells,bone_marrow,dorothea_ab,3,2223,2223,0,0,0.0,0,0,0.0022849664698272364,-0.001031448951129316
GSE126030_T_cells,bone_marrow,dorothea_ab,4,2223,2223,0,0,0.0,0,0,0.0023304176480910873,-0.0007642515720216595
GSE126030_T_cells,bone_marrow,dorothea_ab,5,2223,2223,0,0,0.0,0,0,0.002006730223371814,-0.0010625069186127596
GSE126030_T_cells,bone_marrow,dorothea_ab,6,2223,2223,0,0,0.0,0,0,0.0020654844633376567,-0.0013652346214420754
GSE126030_T_cells,bone_marrow,dorothea_ab,7,2223,2223,0,0,0.0,0,0,0.002348730660704703,-0.001032633485034663
GSE126030_T_cells,bone_marrow,dorothea_ab,8,2223,2223,0,0,0.0,0,0,0.002115892771602299,-0.0009910451968811191
GSE126030_T_cells,bone_marrow,dorothea_ab,9,2223,2223,0,0,0.0,0,0,0.0017018668517069825,-0.0013042726785801697
GSE126030_T_cells,bone_marrow,trrust_dorothea_intersection,0,543,543,0,0,0.0,0,0,0.009019968495336032,-0.0023480395535303037
GSE126030_T_cells,bone_marrow,trrust_dorothea_intersection,1,543,543,0,0,0.0,0,0,0.00709585008754091,-0.0019210306274800276
GSE126030_T_cells,bone_marrow,trrust_dorothea_intersection,2,543,543,0,0,0.0,0,0,0.010664319300976896,-0.0017731975341032857
GSE126030_T_cells,bone_marrow,trrust_dorothea_intersection,3,543,543,0,0,0.0,0,0,0.0070266866456058456,-0.0014600539859800428
GSE126030_T_cells,bone_marrow,trrust_dorothea_intersection,4,543,543,0,0,0.0,0,0,0.00920207872992233,-0.0011469665291182767
GSE126030_T_cells,bone_marrow,trrust_dorothea_intersection,5,543,543,0,0,0.0,0,0,0.008989549131071172,-0.0019683368046303938
GSE126030_T_cells,bone_marrow,trrust_dorothea_intersection,6,543,543,0,0,0.0,0,0,0.008921622950761479,-0.0028103297791307485
GSE126030_T_cells,bone_marrow,trrust_dorothea_intersection,7,543,543,0,0,0.0,0,0,0.008619500948858133,-0.0012587776995840174
GSE126030_T_cells,bone_marrow,trrust_dorothea_intersection,8,543,543,0,0,0.0,0,0,0.0075957195342610286,-0.002222525550008384
GSE126030_T_cells,bone_marrow,trrust_dorothea_intersection,9,543,543,0,0,0.0,0,0,0.009600089537625811,-0.0011740425462426541
GSE126030_T_cells,bone_marrow,trrust_dorothea_union,0,2889,2889,0,0,0.0,0,0,0.0026479933667892426,-0.0011583358189530847
GSE126030_T_cells,bone_marrow,trrust_dorothea_union,1,2889,2889,0,0,0.0,0,0,0.0026215812233826344,-0.0010063736641666907
GSE126030_T_cells,bone_marrow,trrust_dorothea_union,2,2889,2889,0,0,0.0,0,0,0.002774936113367219,-0.0008657772996828124
GSE126030_T_cells,bone_marrow,trrust_dorothea_union,3,2889,2889,0,0,0.0,0,0,0.002556863315663463,-0.0010065332262113864
GSE126030_T_cells,bone_marrow,trrust_dorothea_union,4,2889,2889,0,0,0.0,0,0,0.002350191416214662,-0.00115683751773288
GSE126030_T_cells,bone_marrow,trrust_dorothea_union,5,2889,2889,0,0,0.0,0,0,0.0026908599022412443,-0.001059137285549121
GSE126030_T_cells,bone_marrow,trrust_dorothea_union,6,2889,2889,0,0,0.0,0,0,0.0023766835835457617,-0.0009450512886933827
GSE126030_T_cells,bone_marrow,trrust_dorothea_union,7,2889,2889,0,0,0.0,0,0,0.002423109262228701,-0.0009788803494303153
GSE126030_T_cells,bone_marrow,trrust_dorothea_union,8,2889,2889,0,0,0.0,0,0,0.002768635636751732,-0.0011099617885378763
GSE126030_T_cells,bone_marrow,trrust_dorothea_union,9,2889,2889,0,0,0.0,0,0,0.002533995536017305,-0.0014113011397717079
